file,cycle,pulse,segment,t_start,t_end,E_gate_J,E_drain_J,E_total_J,n_samples
c1_p1_fall_cyclic_vm10_des.plt,1,1,fall,1.010010e-07,1.020000e-07,-2.814611e-16,7.712788e-16,4.898177e-16,30
c1_p1_fall_cyclic_vm4_des.plt,1,1,fall,1.010010e-07,1.020000e-07,-2.814611e-16,7.712788e-16,4.898177e-16,30
c1_p1_fall_cyclic_vm6_des.plt,1,1,fall,1.010010e-07,1.020000e-07,-2.814611e-16,7.712788e-16,4.898177e-16,30
c1_p1_read_cyclic_vm10_des.plt,1,1,read,1.020000e-07,2.020000e-07,7.587431e-17,3.785034e-18,7.965934e-17,21
c1_p1_read_cyclic_vm4_des.plt,1,1,read,1.020000e-07,2.020000e-07,7.587431e-17,3.785034e-18,7.965934e-17,21
c1_p1_read_cyclic_vm6_des.plt,1,1,read,1.020000e-07,2.020000e-07,7.587431e-17,3.785034e-18,7.965934e-17,21
c1_p1_rise_cyclic_vm10_des.plt,1,1,rise,1.000000e-12,1.000000e-09,2.800549e-16,7.581508e-16,1.038206e-15,30
c1_p1_rise_cyclic_vm4_des.plt,1,1,rise,1.000000e-12,1.000000e-09,2.800549e-16,7.581508e-16,1.038206e-15,30
c1_p1_rise_cyclic_vm6_des.plt,1,1,rise,1.000000e-12,1.000000e-09,2.800549e-16,7.581508e-16,1.038206e-15,30
c1_p1_write_cyclic_vm10_des.plt,1,1,write,1.000000e-09,1.010000e-07,3.636830e-15,1.304797e-13,1.341165e-13,11
c1_p1_write_cyclic_vm4_des.plt,1,1,write,1.000000e-09,1.010000e-07,3.636830e-15,1.304797e-13,1.341165e-13,11
c1_p1_write_cyclic_vm6_des.plt,1,1,write,1.000000e-09,1.010000e-07,3.636830e-15,1.304797e-13,1.341165e-13,11
c1_p2_fall_cyclic_vm10_des.plt,1,2,fall,3.030010e-07,3.040000e-07,-2.814654e-16,7.715006e-16,4.900352e-16,30
c1_p2_fall_cyclic_vm4_des.plt,1,2,fall,3.030010e-07,3.040000e-07,-2.814654e-16,7.715006e-16,4.900352e-16,30
c1_p2_fall_cyclic_vm6_des.plt,1,2,fall,3.030010e-07,3.040000e-07,-2.814654e-16,7.715006e-16,4.900352e-16,30
c1_p2_read_cyclic_vm10_des.plt,1,2,read,3.040000e-07,4.040000e-07,7.587524e-17,3.785069e-18,7.966031e-17,21
c1_p2_read_cyclic_vm4_des.plt,1,2,read,3.040000e-07,4.040000e-07,7.587524e-17,3.785069e-18,7.966031e-17,21
c1_p2_read_cyclic_vm6_des.plt,1,2,read,3.040000e-07,4.040000e-07,7.587524e-17,3.785069e-18,7.966031e-17,21
c1_p2_rise_cyclic_vm10_des.plt,1,2,rise,2.020010e-07,2.030000e-07,2.800617e-16,7.582878e-16,1.038350e-15,30
c1_p2_rise_cyclic_vm4_des.plt,1,2,rise,2.020010e-07,2.030000e-07,2.800617e-16,7.582878e-16,1.038350e-15,30
c1_p2_rise_cyclic_vm6_des.plt,1,2,rise,2.020010e-07,2.030000e-07,2.800617e-16,7.582878e-16,1.038350e-15,30
c1_p2_write_cyclic_vm10_des.plt,1,2,write,2.030000e-07,3.030000e-07,3.636888e-15,1.304842e-13,1.341211e-13,11
c1_p2_write_cyclic_vm4_des.plt,1,2,write,2.030000e-07,3.030000e-07,3.636888e-15,1.304842e-13,1.341211e-13,11
c1_p2_write_cyclic_vm6_des.plt,1,2,write,2.030000e-07,3.030000e-07,3.636888e-15,1.304842e-13,1.341211e-13,11
c1_p3_fall_cyclic_vm10_des.plt,1,3,fall,5.050010e-07,5.060000e-07,-2.814727e-16,7.718742e-16,4.904014e-16,30
c1_p3_fall_cyclic_vm4_des.plt,1,3,fall,5.050010e-07,5.060000e-07,-2.814727e-16,7.718742e-16,4.904014e-16,30
c1_p3_fall_cyclic_vm6_des.plt,1,3,fall,5.050010e-07,5.060000e-07,-2.814727e-16,7.718742e-16,4.904014e-16,30
c1_p3_read_cyclic_vm10_des.plt,1,3,read,5.060000e-07,6.060000e-07,7.587841e-17,3.785207e-18,7.966362e-17,21
c1_p3_read_cyclic_vm4_des.plt,1,3,read,5.060000e-07,6.060000e-07,7.587841e-17,3.785207e-18,7.966362e-17,21
c1_p3_read_cyclic_vm6_des.plt,1,3,read,5.060000e-07,6.060000e-07,7.587841e-17,3.785207e-18,7.966362e-17,21
c1_p3_rise_cyclic_vm10_des.plt,1,3,rise,4.040010e-07,4.050000e-07,2.800763e-16,7.585873e-16,1.038664e-15,30
c1_p3_rise_cyclic_vm4_des.plt,1,3,rise,4.040010e-07,4.050000e-07,2.800763e-16,7.585873e-16,1.038664e-15,30
c1_p3_rise_cyclic_vm6_des.plt,1,3,rise,4.040010e-07,4.050000e-07,2.800763e-16,7.585873e-16,1.038664e-15,30
c1_p3_write_cyclic_vm10_des.plt,1,3,write,4.050000e-07,5.050000e-07,3.636952e-15,1.304928e-13,1.341298e-13,11
c1_p3_write_cyclic_vm4_des.plt,1,3,write,4.050000e-07,5.050000e-07,3.636952e-15,1.304928e-13,1.341298e-13,11
c1_p3_write_cyclic_vm6_des.plt,1,3,write,4.050000e-07,5.050000e-07,3.636952e-15,1.304928e-13,1.341298e-13,11
c1_p4_fall_cyclic_vm10_des.plt,1,4,fall,7.070010e-07,7.080000e-07,-2.814827e-16,7.723923e-16,4.909097e-16,30
c1_p4_fall_cyclic_vm4_des.plt,1,4,fall,7.070010e-07,7.080000e-07,-2.814827e-16,7.723923e-16,4.909097e-16,30
c1_p4_fall_cyclic_vm6_des.plt,1,4,fall,7.070010e-07,7.080000e-07,-2.814827e-16,7.723923e-16,4.909097e-16,30
c1_p4_read_cyclic_vm10_des.plt,1,4,read,7.080000e-07,8.080000e-07,7.588321e-17,3.785421e-18,7.966863e-17,21
c1_p4_read_cyclic_vm4_des.plt,1,4,read,7.080000e-07,8.080000e-07,7.588321e-17,3.785421e-18,7.966863e-17,21
c1_p4_read_cyclic_vm6_des.plt,1,4,read,7.080000e-07,8.080000e-07,7.588321e-17,3.785421e-18,7.966863e-17,21
c1_p4_rise_cyclic_vm10_des.plt,1,4,rise,6.060010e-07,6.070000e-07,2.800976e-16,7.590267e-16,1.039124e-15,30
c1_p4_rise_cyclic_vm4_des.plt,1,4,rise,6.060010e-07,6.070000e-07,2.800976e-16,7.590267e-16,1.039124e-15,30
c1_p4_rise_cyclic_vm6_des.plt,1,4,rise,6.060010e-07,6.070000e-07,2.800976e-16,7.590267e-16,1.039124e-15,30
c1_p4_write_cyclic_vm10_des.plt,1,4,write,6.070000e-07,7.070000e-07,3.637028e-15,1.305048e-13,1.341419e-13,11
c1_p4_write_cyclic_vm4_des.plt,1,4,write,6.070000e-07,7.070000e-07,3.637028e-15,1.305048e-13,1.341419e-13,11
c1_p4_write_cyclic_vm6_des.plt,1,4,write,6.070000e-07,7.070000e-07,3.637028e-15,1.305048e-13,1.341419e-13,11
c1_p5_fall_cyclic_vm10_des.plt,1,5,fall,9.090010e-07,9.100000e-07,-2.814958e-16,7.731254e-16,4.916295e-16,30
c1_p5_fall_cyclic_vm4_des.plt,1,5,fall,9.090010e-07,9.100000e-07,-2.814958e-16,7.731254e-16,4.916295e-16,30
c1_p5_fall_cyclic_vm6_des.plt,1,5,fall,9.090010e-07,9.100000e-07,-2.814958e-16,7.731254e-16,4.916295e-16,30
c1_p5_read_cyclic_vm10_des.plt,1,5,read,9.100000e-07,1.010000e-06,7.588956e-17,3.785704e-18,7.967527e-17,21
c1_p5_read_cyclic_vm4_des.plt,1,5,read,9.100000e-07,1.010000e-06,7.588956e-17,3.785704e-18,7.967527e-17,21
c1_p5_read_cyclic_vm6_des.plt,1,5,read,9.100000e-07,1.010000e-06,7.588956e-17,3.785704e-18,7.967527e-17,21
c1_p5_rise_cyclic_vm10_des.plt,1,5,rise,8.080010e-07,8.090000e-07,2.801271e-16,7.596493e-16,1.039776e-15,30
c1_p5_rise_cyclic_vm4_des.plt,1,5,rise,8.080010e-07,8.090000e-07,2.801271e-16,7.596493e-16,1.039776e-15,30
c1_p5_rise_cyclic_vm6_des.plt,1,5,rise,8.080010e-07,8.090000e-07,2.801271e-16,7.596493e-16,1.039776e-15,30
c1_p5_write_cyclic_vm10_des.plt,1,5,write,8.090000e-07,9.090000e-07,3.637134e-15,1.305218e-13,1.341589e-13,11
c1_p5_write_cyclic_vm4_des.plt,1,5,write,8.090000e-07,9.090000e-07,3.637134e-15,1.305218e-13,1.341589e-13,11
c1_p5_write_cyclic_vm6_des.plt,1,5,write,8.090000e-07,9.090000e-07,3.637134e-15,1.305218e-13,1.341589e-13,11
c1_p6_fall_cyclic_vm10_des.plt,1,6,fall,1.111001e-06,1.112000e-06,-2.815120e-16,7.740705e-16,4.925585e-16,30
c1_p6_fall_cyclic_vm4_des.plt,1,6,fall,1.111001e-06,1.112000e-06,-2.815120e-16,7.740705e-16,4.925585e-16,30
c1_p6_fall_cyclic_vm6_des.plt,1,6,fall,1.111001e-06,1.112000e-06,-2.815120e-16,7.740705e-16,4.925585e-16,30
c1_p6_read_cyclic_vm10_des.plt,1,6,read,1.112000e-06,1.212000e-06,7.589834e-17,3.786091e-18,7.968443e-17,21
c1_p6_read_cyclic_vm4_des.plt,1,6,read,1.112000e-06,1.212000e-06,7.589834e-17,3.786091e-18,7.968443e-17,21
c1_p6_read_cyclic_vm6_des.plt,1,6,read,1.112000e-06,1.212000e-06,7.589834e-17,3.786091e-18,7.968443e-17,21
c1_p6_rise_cyclic_vm10_des.plt,1,6,rise,1.010001e-06,1.011000e-06,2.801661e-16,7.604884e-16,1.040655e-15,30
c1_p6_rise_cyclic_vm4_des.plt,1,6,rise,1.010001e-06,1.011000e-06,2.801661e-16,7.604884e-16,1.040655e-15,30
c1_p6_rise_cyclic_vm6_des.plt,1,6,rise,1.010001e-06,1.011000e-06,2.801661e-16,7.604884e-16,1.040655e-15,30
c1_p6_write_cyclic_vm10_des.plt,1,6,write,1.011000e-06,1.111000e-06,3.637256e-15,1.305441e-13,1.341814e-13,11
c1_p6_write_cyclic_vm4_des.plt,1,6,write,1.011000e-06,1.111000e-06,3.637256e-15,1.305441e-13,1.341814e-13,11
c1_p6_write_cyclic_vm6_des.plt,1,6,write,1.011000e-06,1.111000e-06,3.637256e-15,1.305441e-13,1.341814e-13,11
c1_p7_fall_cyclic_vm10_des.plt,1,7,fall,1.313001e-06,1.314000e-06,-2.815303e-16,7.751934e-16,4.936631e-16,30
c1_p7_fall_cyclic_vm4_des.plt,1,7,fall,1.313001e-06,1.314000e-06,-2.815303e-16,7.751934e-16,4.936631e-16,30
c1_p7_fall_cyclic_vm6_des.plt,1,7,fall,1.313001e-06,1.314000e-06,-2.815303e-16,7.751934e-16,4.936631e-16,30
c1_p7_read_cyclic_vm10_des.plt,1,7,read,1.314000e-06,1.414000e-06,7.591011e-17,3.786612e-18,7.969672e-17,21
c1_p7_read_cyclic_vm4_des.plt,1,7,read,1.314000e-06,1.414000e-06,7.591011e-17,3.786612e-18,7.969672e-17,21
c1_p7_read_cyclic_vm6_des.plt,1,7,read,1.314000e-06,1.414000e-06,7.591011e-17,3.786612e-18,7.969672e-17,21
c1_p7_rise_cyclic_vm10_des.plt,1,7,rise,1.212001e-06,1.213000e-06,2.802132e-16,7.615204e-16,1.041734e-15,30
c1_p7_rise_cyclic_vm4_des.plt,1,7,rise,1.212001e-06,1.213000e-06,2.802132e-16,7.615204e-16,1.041734e-15,30
c1_p7_rise_cyclic_vm6_des.plt,1,7,rise,1.212001e-06,1.213000e-06,2.802132e-16,7.615204e-16,1.041734e-15,30
c1_p7_write_cyclic_vm10_des.plt,1,7,write,1.213000e-06,1.313000e-06,3.637384e-15,1.305711e-13,1.342085e-13,11
c1_p7_write_cyclic_vm4_des.plt,1,7,write,1.213000e-06,1.313000e-06,3.637384e-15,1.305711e-13,1.342085e-13,11
c1_p7_write_cyclic_vm6_des.plt,1,7,write,1.213000e-06,1.313000e-06,3.637384e-15,1.305711e-13,1.342085e-13,11
c1_p8_fall_cyclic_vm10_des.plt,1,8,fall,1.515001e-06,1.516000e-06,-2.815502e-16,7.764573e-16,4.949071e-16,30
c1_p8_fall_cyclic_vm4_des.plt,1,8,fall,1.515001e-06,1.516000e-06,-2.815502e-16,7.764573e-16,4.949071e-16,30
c1_p8_fall_cyclic_vm6_des.plt,1,8,fall,1.515001e-06,1.516000e-06,-2.815502e-16,7.764573e-16,4.949071e-16,30
c1_p8_read_cyclic_vm10_des.plt,1,8,read,1.516000e-06,1.616000e-06,7.592444e-17,3.787253e-18,7.971169e-17,21
c1_p8_read_cyclic_vm4_des.plt,1,8,read,1.516000e-06,1.616000e-06,7.592444e-17,3.787253e-18,7.971169e-17,21
c1_p8_read_cyclic_vm6_des.plt,1,8,read,1.516000e-06,1.616000e-06,7.592444e-17,3.787253e-18,7.971169e-17,21
c1_p8_rise_cyclic_vm10_des.plt,1,8,rise,1.414001e-06,1.415000e-06,2.802665e-16,7.627082e-16,1.042975e-15,30
c1_p8_rise_cyclic_vm4_des.plt,1,8,rise,1.414001e-06,1.415000e-06,2.802665e-16,7.627082e-16,1.042975e-15,30
c1_p8_rise_cyclic_vm6_des.plt,1,8,rise,1.414001e-06,1.415000e-06,2.802665e-16,7.627082e-16,1.042975e-15,30
c1_p8_write_cyclic_vm10_des.plt,1,8,write,1.415000e-06,1.515000e-06,3.637514e-15,1.306018e-13,1.342393e-13,11
c1_p8_write_cyclic_vm4_des.plt,1,8,write,1.415000e-06,1.515000e-06,3.637514e-15,1.306018e-13,1.342393e-13,11
c1_p8_write_cyclic_vm6_des.plt,1,8,write,1.415000e-06,1.515000e-06,3.637514e-15,1.306018e-13,1.342393e-13,11
c1_p9_fall_cyclic_vm10_des.plt,1,9,fall,1.717001e-06,1.718000e-06,-2.815707e-16,7.778287e-16,4.962580e-16,30
c1_p9_fall_cyclic_vm4_des.plt,1,9,fall,1.717001e-06,1.718000e-06,-2.815707e-16,7.778287e-16,4.962580e-16,30
c1_p9_fall_cyclic_vm6_des.plt,1,9,fall,1.717001e-06,1.718000e-06,-2.815707e-16,7.778287e-16,4.962580e-16,30
c1_p9_read_cyclic_vm10_des.plt,1,9,read,1.718000e-06,1.818000e-06,7.594089e-17,3.787992e-18,7.972888e-17,21
c1_p9_read_cyclic_vm4_des.plt,1,9,read,1.718000e-06,1.818000e-06,7.594089e-17,3.787992e-18,7.972888e-17,21
c1_p9_read_cyclic_vm6_des.plt,1,9,read,1.718000e-06,1.818000e-06,7.594089e-17,3.787992e-18,7.972888e-17,21
c1_p9_rise_cyclic_vm10_des.plt,1,9,rise,1.616001e-06,1.617000e-06,2.803244e-16,7.640185e-16,1.044343e-15,30
c1_p9_rise_cyclic_vm4_des.plt,1,9,rise,1.616001e-06,1.617000e-06,2.803244e-16,7.640185e-16,1.044343e-15,30
c1_p9_rise_cyclic_vm6_des.plt,1,9,rise,1.616001e-06,1.617000e-06,2.803244e-16,7.640185e-16,1.044343e-15,30
c1_p9_write_cyclic_vm10_des.plt,1,9,write,1.617000e-06,1.717000e-06,3.637644e-15,1.306354e-13,1.342730e-13,11
c1_p9_write_cyclic_vm4_des.plt,1,9,write,1.617000e-06,1.717000e-06,3.637644e-15,1.306354e-13,1.342730e-13,11
c1_p9_write_cyclic_vm6_des.plt,1,9,write,1.617000e-06,1.717000e-06,3.637644e-15,1.306354e-13,1.342730e-13,11
c2_p1_fall_cyclic_vm10_des.plt,2,1,fall,8.193900e-05,8.194000e-05,-2.766999e-16,6.621457e-16,3.854458e-16,30
c2_p1_fall_cyclic_vm4_des.plt,2,1,fall,8.193900e-05,8.194000e-05,-2.706729e-16,6.104203e-16,3.397474e-16,30
c2_p1_fall_cyclic_vm6_des.plt,2,1,fall,8.193900e-05,8.194000e-05,-2.622469e-16,5.265788e-16,2.643319e-16,30
c2_p1_read_cyclic_vm10_des.plt,2,1,read,8.194000e-05,8.204000e-05,7.497217e-17,3.742634e-18,7.871480e-17,21
c2_p1_read_cyclic_vm4_des.plt,2,1,read,8.194000e-05,8.204000e-05,7.449470e-17,3.719458e-18,7.821416e-17,21
c2_p1_read_cyclic_vm6_des.plt,2,1,read,8.194000e-05,8.204000e-05,7.391419e-17,3.690846e-18,7.760503e-17,21
c2_p1_rise_cyclic_vm10_des.plt,2,1,rise,8.183800e-05,8.183900e-05,2.748053e-16,6.502355e-16,9.250408e-16,30
c2_p1_rise_cyclic_vm4_des.plt,2,1,rise,8.183800e-05,8.183900e-05,2.696386e-16,6.070388e-16,8.766774e-16,30
c2_p1_rise_cyclic_vm6_des.plt,2,1,rise,8.183800e-05,8.183900e-05,2.639676e-16,5.229915e-16,7.869592e-16,30
c2_p1_write_cyclic_vm10_des.plt,2,1,write,8.183900e-05,8.193900e-05,3.627375e-15,1.274625e-13,1.310899e-13,11
c2_p1_write_cyclic_vm4_des.plt,2,1,write,8.183900e-05,8.193900e-05,3.618753e-15,1.253574e-13,1.289762e-13,11
c2_p1_write_cyclic_vm6_des.plt,2,1,write,8.183900e-05,8.193900e-05,3.608189e-15,1.222154e-13,1.258235e-13,11
c2_p2_fall_cyclic_vm10_des.plt,2,2,fall,8.214100e-05,8.214200e-05,-2.767154e-16,6.623757e-16,3.856603e-16,30
c2_p2_fall_cyclic_vm4_des.plt,2,2,fall,8.214100e-05,8.214200e-05,-2.707315e-16,6.110570e-16,3.403255e-16,30
c2_p2_fall_cyclic_vm6_des.plt,2,2,fall,8.214100e-05,8.214200e-05,-2.622713e-16,5.267675e-16,2.644963e-16,30
c2_p2_read_cyclic_vm10_des.plt,2,2,read,8.214200e-05,8.224200e-05,7.497205e-17,3.742625e-18,7.871468e-17,21
c2_p2_read_cyclic_vm4_des.plt,2,2,read,8.214200e-05,8.224200e-05,7.449259e-17,3.719347e-18,7.821194e-17,21
c2_p2_read_cyclic_vm6_des.plt,2,2,read,8.214200e-05,8.224200e-05,7.391390e-17,3.690831e-18,7.760473e-17,21
c2_p2_rise_cyclic_vm10_des.plt,2,2,rise,8.204000e-05,8.204100e-05,2.722477e-16,6.504769e-16,9.227247e-16,30
c2_p2_rise_cyclic_vm4_des.plt,2,2,rise,8.204000e-05,8.204100e-05,2.651775e-16,5.992736e-16,8.644511e-16,30
c2_p2_rise_cyclic_vm6_des.plt,2,2,rise,8.204000e-05,8.204100e-05,2.541962e-16,5.162296e-16,7.704258e-16,30
c2_p2_write_cyclic_vm10_des.plt,2,2,write,8.204100e-05,8.214100e-05,3.627438e-15,1.274683e-13,1.310957e-13,11
c2_p2_write_cyclic_vm4_des.plt,2,2,write,8.204100e-05,8.214100e-05,3.618948e-15,1.253761e-13,1.289951e-13,11
c2_p2_write_cyclic_vm6_des.plt,2,2,write,8.204100e-05,8.214100e-05,3.608250e-15,1.222220e-13,1.258303e-13,11
c2_p3_fall_cyclic_vm10_des.plt,2,3,fall,8.234300e-05,8.234400e-05,-2.767415e-16,6.627620e-16,3.860205e-16,30
c2_p3_fall_cyclic_vm4_des.plt,2,3,fall,8.234300e-05,8.234400e-05,-2.708334e-16,6.121817e-16,3.413483e-16,30
c2_p3_fall_cyclic_vm6_des.plt,2,3,fall,8.234300e-05,8.234400e-05,-2.623119e-16,5.270821e-16,2.647702e-16,30
c2_p3_read_cyclic_vm10_des.plt,2,3,read,8.234400e-05,8.244400e-05,7.497340e-17,3.742686e-18,7.871609e-17,21
c2_p3_read_cyclic_vm4_des.plt,2,3,read,8.234400e-05,8.244400e-05,7.449490e-17,3.719450e-18,7.821435e-17,21
c2_p3_read_cyclic_vm6_des.plt,2,3,read,8.234400e-05,8.244400e-05,7.391475e-17,3.690872e-18,7.760562e-17,21
c2_p3_rise_cyclic_vm10_des.plt,2,3,rise,8.224200e-05,8.224300e-05,2.722778e-16,6.507827e-16,9.230606e-16,30
c2_p3_rise_cyclic_vm4_des.plt,2,3,rise,8.224200e-05,8.224300e-05,2.652847e-16,6.001538e-16,8.654385e-16,30
c2_p3_rise_cyclic_vm6_des.plt,2,3,rise,8.224200e-05,8.224300e-05,2.542367e-16,5.164790e-16,7.707157e-16,30
c2_p3_write_cyclic_vm10_des.plt,2,3,write,8.224300e-05,8.234300e-05,3.627511e-15,1.274791e-13,1.311066e-13,11
c2_p3_write_cyclic_vm4_des.plt,2,3,write,8.224300e-05,8.234300e-05,3.619198e-15,1.254134e-13,1.290326e-13,11
c2_p3_write_cyclic_vm6_des.plt,2,3,write,8.224300e-05,8.234300e-05,3.608325e-15,1.222344e-13,1.258427e-13,11
c2_p4_fall_cyclic_vm10_des.plt,2,4,fall,8.254500e-05,8.254600e-05,-2.767766e-16,6.632812e-16,3.865046e-16,30
c2_p4_fall_cyclic_vm4_des.plt,2,4,fall,8.254500e-05,8.254600e-05,-2.709708e-16,6.137156e-16,3.427448e-16,30
c2_p4_fall_cyclic_vm6_des.plt,2,4,fall,8.254500e-05,8.254600e-05,-2.623666e-16,5.275070e-16,2.651404e-16,30
c2_p4_read_cyclic_vm10_des.plt,2,4,read,8.254600e-05,8.264600e-05,7.497604e-17,3.742810e-18,7.871885e-17,21
c2_p4_read_cyclic_vm4_des.plt,2,4,read,8.254600e-05,8.264600e-05,7.450123e-17,3.719747e-18,7.822098e-17,21
c2_p4_read_cyclic_vm6_des.plt,2,4,read,8.254600e-05,8.264600e-05,7.391574e-17,3.690921e-18,7.760666e-17,21
c2_p4_rise_cyclic_vm10_des.plt,2,4,rise,8.244400e-05,8.244500e-05,2.723218e-16,6.512307e-16,9.235525e-16,30
c2_p4_rise_cyclic_vm4_des.plt,2,4,rise,8.244400e-05,8.244500e-05,2.654434e-16,6.014746e-16,8.669179e-16,30
c2_p4_rise_cyclic_vm6_des.plt,2,4,rise,8.244400e-05,8.244500e-05,2.542954e-16,5.168418e-16,7.711373e-16,30
c2_p4_write_cyclic_vm10_des.plt,2,4,write,8.244500e-05,8.254500e-05,3.627592e-15,1.274942e-13,1.311218e-13,11
c2_p4_write_cyclic_vm4_des.plt,2,4,write,8.244500e-05,8.254500e-05,3.619485e-15,1.254662e-13,1.290856e-13,11
c2_p4_write_cyclic_vm6_des.plt,2,4,write,8.244500e-05,8.254500e-05,3.608416e-15,1.222515e-13,1.258600e-13,11
c2_p5_fall_cyclic_vm10_des.plt,2,5,fall,8.274700e-05,8.274800e-05,-2.768191e-16,6.639116e-16,3.870925e-16,30
c2_p5_fall_cyclic_vm4_des.plt,2,5,fall,8.274700e-05,8.274800e-05,-2.711364e-16,6.155828e-16,3.444465e-16,30
c2_p5_fall_cyclic_vm6_des.plt,2,5,fall,8.274700e-05,8.274800e-05,-2.624428e-16,5.281122e-16,2.656694e-16,30
c2_p5_read_cyclic_vm10_des.plt,2,5,read,8.274800e-05,8.284800e-05,7.497979e-17,3.742987e-18,7.872278e-17,21
c2_p5_read_cyclic_vm4_des.plt,2,5,read,8.274800e-05,8.284800e-05,7.451101e-17,3.720212e-18,7.823122e-17,21
c2_p5_read_cyclic_vm6_des.plt,2,5,read,8.274800e-05,8.284800e-05,7.391661e-17,3.690964e-18,7.760757e-17,21
c2_p5_rise_cyclic_vm10_des.plt,2,5,rise,8.264600e-05,8.264700e-05,2.723772e-16,6.517985e-16,9.241758e-16,30
c2_p5_rise_cyclic_vm4_des.plt,2,5,rise,8.264600e-05,8.264700e-05,2.656439e-16,6.031622e-16,8.688060e-16,30
c2_p5_rise_cyclic_vm6_des.plt,2,5,rise,8.264600e-05,8.264700e-05,2.543745e-16,5.173335e-16,7.717080e-16,30
c2_p5_write_cyclic_vm10_des.plt,2,5,write,8.264700e-05,8.274700e-05,3.627678e-15,1.275129e-13,1.311406e-13,11
c2_p5_write_cyclic_vm4_des.plt,2,5,write,8.264700e-05,8.274700e-05,3.619801e-15,1.255316e-13,1.291514e-13,11
c2_p5_write_cyclic_vm6_des.plt,2,5,write,8.264700e-05,8.274700e-05,3.608558e-15,1.222749e-13,1.258834e-13,11
c2_p6_fall_cyclic_vm10_des.plt,2,6,fall,8.294900e-05,8.295000e-05,-2.768675e-16,6.646332e-16,3.877657e-16,30
c2_p6_fall_cyclic_vm4_des.plt,2,6,fall,8.294900e-05,8.295000e-05,-2.713233e-16,6.177189e-16,3.463956e-16,30
c2_p6_fall_cyclic_vm6_des.plt,2,6,fall,8.294900e-05,8.295000e-05,-2.625494e-16,5.289782e-16,2.664288e-16,30
c2_p6_read_cyclic_vm10_des.plt,2,6,read,8.295000e-05,8.305000e-05,7.498447e-17,3.743209e-18,7.872768e-17,21
c2_p6_read_cyclic_vm4_des.plt,2,6,read,8.295000e-05,8.305000e-05,7.452367e-17,3.720816e-18,7.824448e-17,21
c2_p6_read_cyclic_vm6_des.plt,2,6,read,8.295000e-05,8.305000e-05,7.392004e-17,3.691133e-18,7.761117e-17,21
c2_p6_rise_cyclic_vm10_des.plt,2,6,rise,8.284800e-05,8.284900e-05,2.724421e-16,6.524650e-16,9.249071e-16,30
c2_p6_rise_cyclic_vm4_des.plt,2,6,rise,8.284800e-05,8.284900e-05,2.658772e-16,6.051485e-16,8.710257e-16,30
c2_p6_rise_cyclic_vm6_des.plt,2,6,rise,8.284800e-05,8.284900e-05,2.544898e-16,5.180629e-16,7.725527e-16,30
c2_p6_write_cyclic_vm10_des.plt,2,6,write,8.284900e-05,8.294900e-05,3.627770e-15,1.275346e-13,1.311624e-13,11
c2_p6_write_cyclic_vm4_des.plt,2,6,write,8.284900e-05,8.294900e-05,3.620136e-15,1.256070e-13,1.292271e-13,11
c2_p6_write_cyclic_vm6_des.plt,2,6,write,8.284900e-05,8.294900e-05,3.608744e-15,1.223084e-13,1.259172e-13,11
c2_p7_fall_cyclic_vm10_des.plt,2,7,fall,8.315100e-05,8.315200e-05,-2.769206e-16,6.654274e-16,3.885068e-16,30
c2_p7_fall_cyclic_vm4_des.plt,2,7,fall,8.315100e-05,8.315200e-05,-2.715257e-16,6.200600e-16,3.485343e-16,30
c2_p7_fall_cyclic_vm6_des.plt,2,7,fall,8.315100e-05,8.315200e-05,-2.626800e-16,5.300555e-16,2.673755e-16,30
c2_p7_read_cyclic_vm10_des.plt,2,7,read,8.315200e-05,8.325200e-05,7.498993e-17,3.743469e-18,7.873339e-17,21
c2_p7_read_cyclic_vm4_des.plt,2,7,read,8.315200e-05,8.325200e-05,7.453866e-17,3.721533e-18,7.826019e-17,21
c2_p7_read_cyclic_vm6_des.plt,2,7,read,8.315200e-05,8.325200e-05,7.392558e-17,3.691407e-18,7.761699e-17,21
c2_p7_rise_cyclic_vm10_des.plt,2,7,rise,8.305000e-05,8.305100e-05,2.725145e-16,6.532111e-16,9.257255e-16,30
c2_p7_rise_cyclic_vm4_des.plt,2,7,rise,8.305000e-05,8.305100e-05,2.661352e-16,6.073687e-16,8.735039e-16,30
c2_p7_rise_cyclic_vm6_des.plt,2,7,rise,8.305000e-05,8.305100e-05,2.546396e-16,5.190230e-16,7.736627e-16,30
c2_p7_write_cyclic_vm10_des.plt,2,7,write,8.305100e-05,8.315100e-05,3.627864e-15,1.275586e-13,1.311864e-13,11
c2_p7_write_cyclic_vm4_des.plt,2,7,write,8.305100e-05,8.315100e-05,3.620485e-15,1.256900e-13,1.293105e-13,11
c2_p7_write_cyclic_vm6_des.plt,2,7,write,8.305100e-05,8.315100e-05,3.608944e-15,1.223507e-13,1.259596e-13,11
c2_p8_fall_cyclic_vm10_des.plt,2,8,fall,8.335300e-05,8.335400e-05,-2.769772e-16,6.662773e-16,3.893002e-16,30
c2_p8_fall_cyclic_vm4_des.plt,2,8,fall,8.335300e-05,8.335400e-05,-2.717388e-16,6.225639e-16,3.508251e-16,30
c2_p8_fall_cyclic_vm6_des.plt,2,8,fall,8.335300e-05,8.335400e-05,-2.628299e-16,5.313040e-16,2.684742e-16,30
c2_p8_read_cyclic_vm10_des.plt,2,8,read,8.335400e-05,8.345400e-05,7.499601e-17,3.743758e-18,7.873976e-17,21
c2_p8_read_cyclic_vm4_des.plt,2,8,read,8.335400e-05,8.345400e-05,7.455533e-17,3.722330e-18,7.827766e-17,21
c2_p8_read_cyclic_vm6_des.plt,2,8,read,8.335400e-05,8.345400e-05,7.393279e-17,3.691765e-18,7.762455e-17,21
c2_p8_rise_cyclic_vm10_des.plt,2,8,rise,8.325200e-05,8.325300e-05,2.725926e-16,6.540203e-16,9.266129e-16,30
c2_p8_rise_cyclic_vm4_des.plt,2,8,rise,8.325200e-05,8.325300e-05,2.664113e-16,6.097734e-16,8.761847e-16,30
c2_p8_rise_cyclic_vm6_des.plt,2,8,rise,8.325200e-05,8.325300e-05,2.548165e-16,5.201677e-16,7.749842e-16,30
c2_p8_write_cyclic_vm10_des.plt,2,8,write,8.325300e-05,8.335300e-05,3.627960e-15,1.275844e-13,1.312123e-13,11
c2_p8_write_cyclic_vm4_des.plt,2,8,write,8.325300e-05,8.335300e-05,3.620843e-15,1.257787e-13,1.293995e-13,11
c2_p8_write_cyclic_vm6_des.plt,2,8,write,8.325300e-05,8.335300e-05,3.609155e-15,1.223997e-13,1.260089e-13,11
c2_p9_fall_cyclic_vm10_des.plt,2,9,fall,8.355500e-05,8.355600e-05,-2.770363e-16,6.671702e-16,3.901339e-16,30
c2_p9_fall_cyclic_vm4_des.plt,2,9,fall,8.355500e-05,8.355600e-05,-2.719592e-16,6.252044e-16,3.532452e-16,30
c2_p9_fall_cyclic_vm6_des.plt,2,9,fall,8.355500e-05,8.355600e-05,-2.630016e-16,5.327380e-16,2.697364e-16,30
c2_p9_read_cyclic_vm10_des.plt,2,9,read,8.355600e-05,8.365600e-05,7.500259e-17,3.744072e-18,7.874666e-17,21
c2_p9_read_cyclic_vm4_des.plt,2,9,read,8.355600e-05,8.365600e-05,7.457378e-17,3.723213e-18,7.829699e-17,21
c2_p9_read_cyclic_vm6_des.plt,2,9,read,8.355600e-05,8.365600e-05,7.394130e-17,3.692186e-18,7.763348e-17,21
c2_p9_rise_cyclic_vm10_des.plt,2,9,rise,8.345400e-05,8.345500e-05,2.726751e-16,6.548780e-16,9.275532e-16,30
c2_p9_rise_cyclic_vm4_des.plt,2,9,rise,8.345400e-05,8.345500e-05,2.667007e-16,6.123306e-16,8.790312e-16,30
c2_p9_rise_cyclic_vm6_des.plt,2,9,rise,8.345400e-05,8.345500e-05,2.550193e-16,5.214867e-16,7.765060e-16,30
c2_p9_write_cyclic_vm10_des.plt,2,9,write,8.345500e-05,8.355500e-05,3.628057e-15,1.276116e-13,1.312396e-13,11
c2_p9_write_cyclic_vm4_des.plt,2,9,write,8.345500e-05,8.355500e-05,3.621210e-15,1.258718e-13,1.294930e-13,11
c2_p9_write_cyclic_vm6_des.plt,2,9,write,8.345500e-05,8.355500e-05,3.609391e-15,1.224559e-13,1.260653e-13,11
c3_p1_fall_cyclic_vm10_des.plt,3,1,fall,1.637770e-04,1.637780e-04,-2.773233e-16,6.727795e-16,3.954562e-16,30
c3_p1_fall_cyclic_vm4_des.plt,3,1,fall,1.637770e-04,1.637780e-04,-2.714621e-16,6.177121e-16,3.462499e-16,30
c3_p1_fall_cyclic_vm6_des.plt,3,1,fall,1.637770e-04,1.637780e-04,-2.648101e-16,5.482355e-16,2.834254e-16,30
c3_p1_read_cyclic_vm10_des.plt,3,1,read,1.637780e-04,1.638780e-04,7.499086e-17,3.743450e-18,7.873431e-17,21
c3_p1_read_cyclic_vm4_des.plt,3,1,read,1.637780e-04,1.638780e-04,7.458045e-17,3.723690e-18,7.830414e-17,21
c3_p1_read_cyclic_vm6_des.plt,3,1,read,1.637780e-04,1.638780e-04,7.403154e-17,3.696682e-18,7.772822e-17,21
c3_p1_rise_cyclic_vm10_des.plt,3,1,rise,1.636760e-04,1.636770e-04,2.753108e-16,6.611625e-16,9.364733e-16,30
c3_p1_rise_cyclic_vm4_des.plt,3,1,rise,1.636760e-04,1.636770e-04,2.706750e-16,6.142997e-16,8.849746e-16,30
c3_p1_rise_cyclic_vm6_des.plt,3,1,rise,1.636760e-04,1.636770e-04,2.654578e-16,5.447935e-16,8.102514e-16,30
c3_p1_write_cyclic_vm10_des.plt,3,1,write,1.636770e-04,1.637770e-04,3.628256e-15,1.277661e-13,1.313944e-13,11
c3_p1_write_cyclic_vm4_des.plt,3,1,write,1.636770e-04,1.637770e-04,3.620001e-15,1.256650e-13,1.292850e-13,11
c3_p1_write_cyclic_vm6_des.plt,3,1,write,1.636770e-04,1.637770e-04,3.611107e-15,1.230809e-13,1.266920e-13,11
c3_p2_fall_cyclic_vm10_des.plt,3,2,fall,1.639790e-04,1.639800e-04,-2.773375e-16,6.730080e-16,3.956705e-16,30
c3_p2_fall_cyclic_vm4_des.plt,3,2,fall,1.639790e-04,1.639800e-04,-2.715081e-16,6.182510e-16,3.467428e-16,30
c3_p2_fall_cyclic_vm6_des.plt,3,2,fall,1.639790e-04,1.639800e-04,-2.648326e-16,5.484251e-16,2.835925e-16,30
c3_p2_read_cyclic_vm10_des.plt,3,2,read,1.639800e-04,1.640800e-04,7.499078e-17,3.743442e-18,7.873423e-17,21
c3_p2_read_cyclic_vm4_des.plt,3,2,read,1.639800e-04,1.640800e-04,7.457792e-17,3.723558e-18,7.830148e-17,21
c3_p2_read_cyclic_vm6_des.plt,3,2,read,1.639800e-04,1.640800e-04,7.403126e-17,3.696668e-18,7.772793e-17,21
c3_p2_rise_cyclic_vm10_des.plt,3,2,rise,1.638780e-04,1.638790e-04,2.731905e-16,6.610533e-16,9.342438e-16,30
c3_p2_rise_cyclic_vm4_des.plt,3,2,rise,1.638780e-04,1.638790e-04,2.661358e-16,6.064121e-16,8.725479e-16,30
c3_p2_rise_cyclic_vm6_des.plt,3,2,rise,1.638780e-04,1.638790e-04,2.574143e-16,5.376404e-16,7.950547e-16,30
c3_p2_write_cyclic_vm10_des.plt,3,2,write,1.638790e-04,1.639790e-04,3.628318e-15,1.277718e-13,1.314001e-13,11
c3_p2_write_cyclic_vm4_des.plt,3,2,write,1.638790e-04,1.639790e-04,3.620167e-15,1.256797e-13,1.292999e-13,11
c3_p2_write_cyclic_vm6_des.plt,3,2,write,1.638790e-04,1.639790e-04,3.611167e-15,1.230873e-13,1.266985e-13,11
c3_p3_fall_cyclic_vm10_des.plt,3,3,fall,1.641810e-04,1.641820e-04,-2.773616e-16,6.733916e-16,3.960300e-16,30
c3_p3_fall_cyclic_vm4_des.plt,3,3,fall,1.641810e-04,1.641820e-04,-2.715922e-16,6.192430e-16,3.476508e-16,30
c3_p3_fall_cyclic_vm6_des.plt,3,3,fall,1.641810e-04,1.641820e-04,-2.648700e-16,5.487405e-16,2.838705e-16,30
c3_p3_read_cyclic_vm10_des.plt,3,3,read,1.641820e-04,1.642820e-04,7.499219e-17,3.743506e-18,7.873570e-17,21
c3_p3_read_cyclic_vm4_des.plt,3,3,read,1.641820e-04,1.642820e-04,7.457934e-17,3.723617e-18,7.830296e-17,21
c3_p3_read_cyclic_vm6_des.plt,3,3,read,1.641820e-04,1.642820e-04,7.403214e-17,3.696710e-18,7.772885e-17,21
c3_p3_rise_cyclic_vm10_des.plt,3,3,rise,1.640800e-04,1.640810e-04,2.732190e-16,6.613583e-16,9.345772e-16,30
c3_p3_rise_cyclic_vm4_des.plt,3,3,rise,1.640800e-04,1.640810e-04,2.662248e-16,6.071861e-16,8.734109e-16,30
c3_p3_rise_cyclic_vm6_des.plt,3,3,rise,1.640800e-04,1.640810e-04,2.574523e-16,5.378964e-16,7.953486e-16,30
c3_p3_write_cyclic_vm10_des.plt,3,3,write,1.640810e-04,1.641810e-04,3.628390e-15,1.277824e-13,1.314107e-13,11
c3_p3_write_cyclic_vm4_des.plt,3,3,write,1.640810e-04,1.641810e-04,3.620385e-15,1.257110e-13,1.293314e-13,11
c3_p3_write_cyclic_vm6_des.plt,3,3,write,1.640810e-04,1.641810e-04,3.611241e-15,1.230992e-13,1.267104e-13,11
c3_p4_fall_cyclic_vm10_des.plt,3,4,fall,1.643830e-04,1.643840e-04,-2.773938e-16,6.739074e-16,3.965136e-16,30
c3_p4_fall_cyclic_vm4_des.plt,3,4,fall,1.643830e-04,1.643840e-04,-2.717077e-16,6.206170e-16,3.489093e-16,30
c3_p4_fall_cyclic_vm6_des.plt,3,4,fall,1.643830e-04,1.643840e-04,-2.649199e-16,5.491615e-16,2.842416e-16,30
c3_p4_read_cyclic_vm10_des.plt,3,4,read,1.643840e-04,1.644840e-04,7.499490e-17,3.743632e-18,7.873854e-17,21
c3_p4_read_cyclic_vm4_des.plt,3,4,read,1.643840e-04,1.644840e-04,7.458448e-17,3.723855e-18,7.830833e-17,21
c3_p4_read_cyclic_vm6_des.plt,3,4,read,1.643840e-04,1.644840e-04,7.403401e-17,3.696802e-18,7.773081e-17,21
c3_p4_rise_cyclic_vm10_des.plt,3,4,rise,1.642820e-04,1.642830e-04,2.732604e-16,6.618048e-16,9.350652e-16,30
c3_p4_rise_cyclic_vm4_des.plt,3,4,rise,1.642820e-04,1.642830e-04,2.663602e-16,6.083759e-16,8.747361e-16,30
c3_p4_rise_cyclic_vm6_des.plt,3,4,rise,1.642820e-04,1.642830e-04,2.575072e-16,5.382682e-16,7.957753e-16,30
c3_p4_write_cyclic_vm10_des.plt,3,4,write,1.642830e-04,1.643830e-04,3.628469e-15,1.277971e-13,1.314256e-13,11
c3_p4_write_cyclic_vm4_des.plt,3,4,write,1.642830e-04,1.643830e-04,3.620635e-15,1.257564e-13,1.293770e-13,11
c3_p4_write_cyclic_vm6_des.plt,3,4,write,1.642830e-04,1.643830e-04,3.611326e-15,1.231156e-13,1.267270e-13,11
c3_p5_fall_cyclic_vm10_des.plt,3,5,fall,1.645850e-04,1.645860e-04,-2.774329e-16,6.745339e-16,3.971010e-16,30
c3_p5_fall_cyclic_vm4_des.plt,3,5,fall,1.645850e-04,1.645860e-04,-2.718484e-16,6.223059e-16,3.504575e-16,30
c3_p5_fall_cyclic_vm6_des.plt,3,5,fall,1.645850e-04,1.645860e-04,-2.649800e-16,5.496693e-16,2.846894e-16,30
c3_p5_read_cyclic_vm10_des.plt,3,5,read,1.645860e-04,1.646860e-04,7.499874e-17,3.743813e-18,7.874255e-17,21
c3_p5_read_cyclic_vm4_des.plt,3,5,read,1.645860e-04,1.646860e-04,7.459280e-17,3.724247e-18,7.831704e-17,21
c3_p5_read_cyclic_vm6_des.plt,3,5,read,1.645860e-04,1.646860e-04,7.403672e-17,3.696936e-18,7.773365e-17,21
c3_p5_rise_cyclic_vm10_des.plt,3,5,rise,1.644840e-04,1.644850e-04,2.733127e-16,6.623702e-16,9.356829e-16,30
c3_p5_rise_cyclic_vm4_des.plt,3,5,rise,1.644840e-04,1.644850e-04,2.665334e-16,6.099134e-16,8.764468e-16,30
c3_p5_rise_cyclic_vm6_des.plt,3,5,rise,1.644840e-04,1.644850e-04,2.575761e-16,5.387358e-16,7.963119e-16,30
c3_p5_write_cyclic_vm10_des.plt,3,5,write,1.644850e-04,1.645850e-04,3.628554e-15,1.278154e-13,1.314439e-13,11
c3_p5_write_cyclic_vm4_des.plt,3,5,write,1.644850e-04,1.645850e-04,3.620910e-15,1.258134e-13,1.294343e-13,11
c3_p5_write_cyclic_vm6_des.plt,3,5,write,1.644850e-04,1.645850e-04,3.611420e-15,1.231359e-13,1.267473e-13,11
c3_p6_fall_cyclic_vm10_des.plt,3,6,fall,1.647870e-04,1.647880e-04,-2.774773e-16,6.752514e-16,3.977741e-16,30
c3_p6_fall_cyclic_vm4_des.plt,3,6,fall,1.647870e-04,1.647880e-04,-2.720083e-16,6.242502e-16,3.522419e-16,30
c3_p6_fall_cyclic_vm6_des.plt,3,6,fall,1.647870e-04,1.647880e-04,-2.650482e-16,5.502470e-16,2.851988e-16,30
c3_p6_read_cyclic_vm10_des.plt,3,6,read,1.647880e-04,1.648880e-04,7.500352e-17,3.744039e-18,7.874756e-17,21
c3_p6_read_cyclic_vm4_des.plt,3,6,read,1.647880e-04,1.648880e-04,7.460380e-17,3.724768e-18,7.832857e-17,21
c3_p6_read_cyclic_vm6_des.plt,3,6,read,1.647880e-04,1.648880e-04,7.404008e-17,3.697101e-18,7.773718e-17,21
c3_p6_rise_cyclic_vm10_des.plt,3,6,rise,1.646860e-04,1.646870e-04,2.733738e-16,6.630343e-16,9.364081e-16,30
c3_p6_rise_cyclic_vm4_des.plt,3,6,rise,1.646860e-04,1.646870e-04,2.667366e-16,6.117330e-16,8.784695e-16,30
c3_p6_rise_cyclic_vm6_des.plt,3,6,rise,1.646860e-04,1.646870e-04,2.576564e-16,5.392814e-16,7.969377e-16,30
c3_p6_write_cyclic_vm10_des.plt,3,6,write,1.646870e-04,1.647870e-04,3.628644e-15,1.278365e-13,1.314652e-13,11
c3_p6_write_cyclic_vm4_des.plt,3,6,write,1.646870e-04,1.647870e-04,3.621202e-15,1.258796e-13,1.295008e-13,11
c3_p6_write_cyclic_vm6_des.plt,3,6,write,1.646870e-04,1.647870e-04,3.611522e-15,1.231591e-13,1.267706e-13,11
c3_p7_fall_cyclic_vm10_des.plt,3,7,fall,1.649890e-04,1.649900e-04,-2.775260e-16,6.760419e-16,3.985159e-16,30
c3_p7_fall_cyclic_vm4_des.plt,3,7,fall,1.649890e-04,1.649900e-04,-2.721822e-16,6.263972e-16,3.542150e-16,30
c3_p7_fall_cyclic_vm6_des.plt,3,7,fall,1.649890e-04,1.649900e-04,-2.651228e-16,5.508801e-16,2.857573e-16,30
c3_p7_read_cyclic_vm10_des.plt,3,7,read,1.649900e-04,1.650900e-04,7.500908e-17,3.744302e-18,7.875338e-17,21
c3_p7_read_cyclic_vm4_des.plt,3,7,read,1.649900e-04,1.650900e-04,7.461702e-17,3.725396e-18,7.834241e-17,21
c3_p7_read_cyclic_vm6_des.plt,3,7,read,1.649900e-04,1.650900e-04,7.404386e-17,3.697287e-18,7.774115e-17,21
c3_p7_rise_cyclic_vm10_des.plt,3,7,rise,1.648880e-04,1.648890e-04,2.734421e-16,6.637778e-16,9.372198e-16,30
c3_p7_rise_cyclic_vm4_des.plt,3,7,rise,1.648880e-04,1.648890e-04,2.669626e-16,6.137760e-16,8.807386e-16,30
c3_p7_rise_cyclic_vm6_des.plt,3,7,rise,1.648880e-04,1.648890e-04,2.577456e-16,5.398898e-16,7.976355e-16,30
c3_p7_write_cyclic_vm10_des.plt,3,7,write,1.648890e-04,1.649890e-04,3.628736e-15,1.278600e-13,1.314887e-13,11
c3_p7_write_cyclic_vm4_des.plt,3,7,write,1.648890e-04,1.649890e-04,3.621505e-15,1.259529e-13,1.295744e-13,11
c3_p7_write_cyclic_vm6_des.plt,3,7,write,1.648890e-04,1.649890e-04,3.611628e-15,1.231848e-13,1.267964e-13,11
c3_p8_fall_cyclic_vm10_des.plt,3,8,fall,1.651910e-04,1.651920e-04,-2.775779e-16,6.768894e-16,3.993116e-16,30
c3_p8_fall_cyclic_vm4_des.plt,3,8,fall,1.651910e-04,1.651920e-04,-2.723658e-16,6.286901e-16,3.563243e-16,30
c3_p8_fall_cyclic_vm6_des.plt,3,8,fall,1.651910e-04,1.651920e-04,-2.652026e-16,5.515592e-16,2.863567e-16,30
c3_p8_read_cyclic_vm10_des.plt,3,8,read,1.651920e-04,1.652920e-04,7.501528e-17,3.744596e-18,7.875988e-17,21
c3_p8_read_cyclic_vm4_des.plt,3,8,read,1.651920e-04,1.652920e-04,7.463204e-17,3.726110e-18,7.835815e-17,21
c3_p8_read_cyclic_vm6_des.plt,3,8,read,1.651920e-04,1.652920e-04,7.404795e-17,3.697489e-18,7.774544e-17,21
c3_p8_rise_cyclic_vm10_des.plt,3,8,rise,1.650900e-04,1.650910e-04,2.735157e-16,6.645843e-16,9.381001e-16,30
c3_p8_rise_cyclic_vm4_des.plt,3,8,rise,1.650900e-04,1.650910e-04,2.672052e-16,6.159928e-16,8.831980e-16,30
c3_p8_rise_cyclic_vm6_des.plt,3,8,rise,1.650900e-04,1.650910e-04,2.578420e-16,5.405488e-16,7.983908e-16,30
c3_p8_write_cyclic_vm10_des.plt,3,8,write,1.650910e-04,1.651910e-04,3.628830e-15,1.278852e-13,1.315140e-13,11
c3_p8_write_cyclic_vm4_des.plt,3,8,write,1.650910e-04,1.651910e-04,3.621815e-15,1.260314e-13,1.296533e-13,11
c3_p8_write_cyclic_vm6_des.plt,3,8,write,1.650910e-04,1.651910e-04,3.611741e-15,1.232124e-13,1.268242e-13,11
c3_p9_fall_cyclic_vm10_des.plt,3,9,fall,1.653930e-04,1.653940e-04,-2.776320e-16,6.777798e-16,4.001478e-16,30
c3_p9_fall_cyclic_vm4_des.plt,3,9,fall,1.653930e-04,1.653940e-04,-2.725553e-16,6.310906e-16,3.585353e-16,30
c3_p9_fall_cyclic_vm6_des.plt,3,9,fall,1.653930e-04,1.653940e-04,-2.652879e-16,5.522914e-16,2.870036e-16,30
c3_p9_read_cyclic_vm10_des.plt,3,9,read,1.653940e-04,1.654940e-04,7.502199e-17,3.744914e-18,7.876690e-17,21
c3_p9_read_cyclic_vm4_des.plt,3,9,read,1.653940e-04,1.654940e-04,7.464849e-17,3.726892e-18,7.837538e-17,21
c3_p9_read_cyclic_vm6_des.plt,3,9,read,1.653940e-04,1.654940e-04,7.405250e-17,3.697715e-18,7.775021e-17,21
c3_p9_rise_cyclic_vm10_des.plt,3,9,rise,1.652920e-04,1.652930e-04,2.735935e-16,6.654393e-16,9.390328e-16,30
c3_p9_rise_cyclic_vm4_des.plt,3,9,rise,1.652920e-04,1.652930e-04,2.674591e-16,6.183375e-16,8.857966e-16,30
c3_p9_rise_cyclic_vm6_des.plt,3,9,rise,1.652920e-04,1.652930e-04,2.579449e-16,5.412543e-16,7.991992e-16,30
c3_p9_write_cyclic_vm10_des.plt,3,9,write,1.652930e-04,1.653930e-04,3.628925e-15,1.279117e-13,1.315406e-13,11
c3_p9_write_cyclic_vm4_des.plt,3,9,write,1.652930e-04,1.653930e-04,3.622128e-15,1.261137e-13,1.297358e-13,11
c3_p9_write_cyclic_vm6_des.plt,3,9,write,1.652930e-04,1.653930e-04,3.611864e-15,1.232421e-13,1.268539e-13,11
c4_p1_fall_cyclic_vm10_des.plt,4,1,fall,2.456150e-04,2.456160e-04,-2.772390e-16,6.713015e-16,3.940626e-16,30
c4_p1_fall_cyclic_vm4_des.plt,4,1,fall,2.456150e-04,2.456160e-04,-2.714441e-16,6.175542e-16,3.461101e-16,30
c4_p1_fall_cyclic_vm6_des.plt,4,1,fall,2.456150e-04,2.456160e-04,-2.646986e-16,5.473643e-16,2.826657e-16,30
c4_p1_read_cyclic_vm10_des.plt,4,1,read,2.456160e-04,2.457160e-04,7.498324e-17,3.743084e-18,7.872632e-17,21
c4_p1_read_cyclic_vm4_des.plt,4,1,read,2.456160e-04,2.457160e-04,7.457736e-17,3.723535e-18,7.830089e-17,21
c4_p1_read_cyclic_vm6_des.plt,4,1,read,2.456160e-04,2.457160e-04,7.402478e-17,3.696344e-18,7.772112e-17,21
c4_p1_rise_cyclic_vm10_des.plt,4,1,rise,2.455140e-04,2.455150e-04,2.752382e-16,6.596550e-16,9.348931e-16,30
c4_p1_rise_cyclic_vm4_des.plt,4,1,rise,2.455140e-04,2.455150e-04,2.706433e-16,6.141268e-16,8.847701e-16,30
c4_p1_rise_cyclic_vm6_des.plt,4,1,rise,2.455140e-04,2.455150e-04,2.653768e-16,5.439704e-16,8.093472e-16,30
c4_p1_write_cyclic_vm10_des.plt,4,1,write,2.455150e-04,2.456150e-04,3.628126e-15,1.277229e-13,1.313511e-13,11
c4_p1_write_cyclic_vm4_des.plt,4,1,write,2.455150e-04,2.456150e-04,3.619970e-15,1.256577e-13,1.292777e-13,11
c4_p1_write_cyclic_vm6_des.plt,4,1,write,2.455150e-04,2.456150e-04,3.610954e-15,1.230418e-13,1.266527e-13,11
c4_p2_fall_cyclic_vm10_des.plt,4,2,fall,2.458170e-04,2.458180e-04,-2.772534e-16,6.715301e-16,3.942767e-16,30
c4_p2_fall_cyclic_vm4_des.plt,4,2,fall,2.458170e-04,2.458180e-04,-2.714907e-16,6.180993e-16,3.466086e-16,30
c4_p2_fall_cyclic_vm6_des.plt,4,2,fall,2.458170e-04,2.458180e-04,-2.647211e-16,5.475537e-16,2.828327e-16,30
c4_p2_read_cyclic_vm10_des.plt,4,2,read,2.458180e-04,2.459180e-04,7.498315e-17,3.743076e-18,7.872623e-17,21
c4_p2_read_cyclic_vm4_des.plt,4,2,read,2.458180e-04,2.459180e-04,7.457484e-17,3.723404e-18,7.829824e-17,21
c4_p2_read_cyclic_vm6_des.plt,4,2,read,2.458180e-04,2.459180e-04,7.402450e-17,3.696330e-18,7.772083e-17,21
c4_p2_rise_cyclic_vm10_des.plt,4,2,rise,2.457160e-04,2.457170e-04,2.730619e-16,6.595889e-16,9.326508e-16,30
c4_p2_rise_cyclic_vm4_des.plt,4,2,rise,2.457160e-04,2.457170e-04,2.661145e-16,6.062589e-16,8.723735e-16,30
c4_p2_rise_cyclic_vm6_des.plt,4,2,rise,2.457160e-04,2.457170e-04,2.572798e-16,5.367643e-16,7.940441e-16,30
c4_p2_write_cyclic_vm10_des.plt,4,2,write,2.457170e-04,2.458170e-04,3.628188e-15,1.277286e-13,1.313568e-13,11
c4_p2_write_cyclic_vm4_des.plt,4,2,write,2.457170e-04,2.458170e-04,3.620138e-15,1.256727e-13,1.292928e-13,11
c4_p2_write_cyclic_vm6_des.plt,4,2,write,2.457170e-04,2.458170e-04,3.611013e-15,1.230482e-13,1.266592e-13,11
c4_p3_fall_cyclic_vm10_des.plt,4,3,fall,2.460190e-04,2.460200e-04,-2.772777e-16,6.719138e-16,3.946361e-16,30
c4_p3_fall_cyclic_vm4_des.plt,4,3,fall,2.460190e-04,2.460200e-04,-2.715755e-16,6.190976e-16,3.475221e-16,30
c4_p3_fall_cyclic_vm6_des.plt,4,3,fall,2.460190e-04,2.460200e-04,-2.647586e-16,5.478690e-16,2.831104e-16,30
c4_p3_read_cyclic_vm10_des.plt,4,3,read,2.460200e-04,2.461200e-04,7.498455e-17,3.743140e-18,7.872769e-17,21
c4_p3_read_cyclic_vm4_des.plt,4,3,read,2.460200e-04,2.461200e-04,7.457632e-17,3.723466e-18,7.829979e-17,21
c4_p3_read_cyclic_vm6_des.plt,4,3,read,2.460200e-04,2.461200e-04,7.402538e-17,3.696372e-18,7.772175e-17,21
c4_p3_rise_cyclic_vm10_des.plt,4,3,rise,2.459180e-04,2.459190e-04,2.730905e-16,6.598942e-16,9.329847e-16,30
c4_p3_rise_cyclic_vm4_des.plt,4,3,rise,2.459180e-04,2.459190e-04,2.662044e-16,6.070391e-16,8.732435e-16,30
c4_p3_rise_cyclic_vm6_des.plt,4,3,rise,2.459180e-04,2.459190e-04,2.573178e-16,5.370198e-16,7.943376e-16,30
c4_p3_write_cyclic_vm10_des.plt,4,3,write,2.459190e-04,2.460190e-04,3.628260e-15,1.277392e-13,1.313675e-13,11
c4_p3_write_cyclic_vm4_des.plt,4,3,write,2.459190e-04,2.460190e-04,3.620357e-15,1.257042e-13,1.293246e-13,11
c4_p3_write_cyclic_vm6_des.plt,4,3,write,2.459190e-04,2.460190e-04,3.611087e-15,1.230601e-13,1.266712e-13,11
c4_p4_fall_cyclic_vm10_des.plt,4,4,fall,2.462210e-04,2.462220e-04,-2.773104e-16,6.724300e-16,3.951196e-16,30
c4_p4_fall_cyclic_vm4_des.plt,4,4,fall,2.462210e-04,2.462220e-04,-2.716918e-16,6.204783e-16,3.487864e-16,30
c4_p4_fall_cyclic_vm6_des.plt,4,4,fall,2.462210e-04,2.462220e-04,-2.648086e-16,5.482897e-16,2.834811e-16,30
c4_p4_read_cyclic_vm10_des.plt,4,4,read,2.462220e-04,2.463220e-04,7.498724e-17,3.743266e-18,7.873051e-17,21
c4_p4_read_cyclic_vm4_des.plt,4,4,read,2.462220e-04,2.463220e-04,7.458153e-17,3.723708e-18,7.830523e-17,21
c4_p4_read_cyclic_vm6_des.plt,4,4,read,2.462220e-04,2.463220e-04,7.402724e-17,3.696464e-18,7.772371e-17,21
c4_p4_rise_cyclic_vm10_des.plt,4,4,rise,2.461200e-04,2.461210e-04,2.731323e-16,6.603412e-16,9.334735e-16,30
c4_p4_rise_cyclic_vm4_des.plt,4,4,rise,2.461200e-04,2.461210e-04,2.663407e-16,6.082347e-16,8.745754e-16,30
c4_p4_rise_cyclic_vm6_des.plt,4,4,rise,2.461200e-04,2.461210e-04,2.573728e-16,5.373910e-16,7.947638e-16,30
c4_p4_write_cyclic_vm10_des.plt,4,4,write,2.461210e-04,2.462210e-04,3.628340e-15,1.277541e-13,1.313824e-13,11
c4_p4_write_cyclic_vm4_des.plt,4,4,write,2.461210e-04,2.462210e-04,3.620608e-15,1.257499e-13,1.293705e-13,11
c4_p4_write_cyclic_vm6_des.plt,4,4,write,2.461210e-04,2.462210e-04,3.611173e-15,1.230766e-13,1.266877e-13,11
c4_p5_fall_cyclic_vm10_des.plt,4,5,fall,2.464230e-04,2.464240e-04,-2.773499e-16,6.730573e-16,3.957074e-16,30
c4_p5_fall_cyclic_vm4_des.plt,4,5,fall,2.464230e-04,2.464240e-04,-2.718332e-16,6.221733e-16,3.503401e-16,30
c4_p5_fall_cyclic_vm6_des.plt,4,5,fall,2.464230e-04,2.464240e-04,-2.648688e-16,5.487971e-16,2.839283e-16,30
c4_p5_read_cyclic_vm10_des.plt,4,5,read,2.464240e-04,2.465240e-04,7.499106e-17,3.743445e-18,7.873451e-17,21
c4_p5_read_cyclic_vm4_des.plt,4,5,read,2.464240e-04,2.465240e-04,7.458992e-17,3.724103e-18,7.831402e-17,21
c4_p5_read_cyclic_vm6_des.plt,4,5,read,2.464240e-04,2.465240e-04,7.402995e-17,3.696597e-18,7.772655e-17,21
c4_p5_rise_cyclic_vm10_des.plt,4,5,rise,2.463220e-04,2.463230e-04,2.731851e-16,6.609080e-16,9.340931e-16,30
c4_p5_rise_cyclic_vm4_des.plt,4,5,rise,2.463220e-04,2.463230e-04,2.665148e-16,6.097777e-16,8.762926e-16,30
c4_p5_rise_cyclic_vm6_des.plt,4,5,rise,2.463220e-04,2.463230e-04,2.574419e-16,5.378579e-16,7.952998e-16,30
c4_p5_write_cyclic_vm10_des.plt,4,5,write,2.463230e-04,2.464230e-04,3.628425e-15,1.277724e-13,1.314008e-13,11
c4_p5_write_cyclic_vm4_des.plt,4,5,write,2.463230e-04,2.464230e-04,3.620884e-15,1.258072e-13,1.294281e-13,11
c4_p5_write_cyclic_vm6_des.plt,4,5,write,2.463230e-04,2.464230e-04,3.611267e-15,1.230968e-13,1.267081e-13,11
c4_p6_fall_cyclic_vm10_des.plt,4,6,fall,2.466250e-04,2.466260e-04,-2.773950e-16,6.737761e-16,3.963811e-16,30
c4_p6_fall_cyclic_vm4_des.plt,4,6,fall,2.466250e-04,2.466260e-04,-2.719938e-16,6.241233e-16,3.521295e-16,30
c4_p6_fall_cyclic_vm6_des.plt,4,6,fall,2.466250e-04,2.466260e-04,-2.649372e-16,5.493741e-16,2.844369e-16,30
c4_p6_read_cyclic_vm10_des.plt,4,6,read,2.466260e-04,2.467260e-04,7.499583e-17,3.743671e-18,7.873950e-17,21
c4_p6_read_cyclic_vm4_des.plt,4,6,read,2.466260e-04,2.467260e-04,7.460100e-17,3.724628e-18,7.832562e-17,21
c4_p6_read_cyclic_vm6_des.plt,4,6,read,2.466260e-04,2.467260e-04,7.403330e-17,3.696762e-18,7.773006e-17,21
c4_p6_rise_cyclic_vm10_des.plt,4,6,rise,2.465240e-04,2.465250e-04,2.732468e-16,6.615735e-16,9.348203e-16,30
c4_p6_rise_cyclic_vm4_des.plt,4,6,rise,2.465240e-04,2.465250e-04,2.667189e-16,6.116037e-16,8.783225e-16,30
c4_p6_rise_cyclic_vm6_des.plt,4,6,rise,2.465240e-04,2.465250e-04,2.575223e-16,5.384031e-16,7.959253e-16,30
c4_p6_write_cyclic_vm10_des.plt,4,6,write,2.465250e-04,2.466250e-04,3.628515e-15,1.277936e-13,1.314222e-13,11
c4_p6_write_cyclic_vm4_des.plt,4,6,write,2.465250e-04,2.466250e-04,3.621177e-15,1.258737e-13,1.294948e-13,11
c4_p6_write_cyclic_vm6_des.plt,4,6,write,2.465250e-04,2.466250e-04,3.611369e-15,1.231201e-13,1.267315e-13,11
c4_p7_fall_cyclic_vm10_des.plt,4,7,fall,2.468270e-04,2.468280e-04,-2.774444e-16,6.745682e-16,3.971238e-16,30
c4_p7_fall_cyclic_vm4_des.plt,4,7,fall,2.468270e-04,2.468280e-04,-2.721685e-16,6.262754e-16,3.541069e-16,30
c4_p7_fall_cyclic_vm6_des.plt,4,7,fall,2.468270e-04,2.468280e-04,-2.650120e-16,5.500072e-16,2.849952e-16,30
c4_p7_read_cyclic_vm10_des.plt,4,7,read,2.468280e-04,2.469280e-04,7.500139e-17,3.743934e-18,7.874532e-17,21
c4_p7_read_cyclic_vm4_des.plt,4,7,read,2.468280e-04,2.469280e-04,7.461429e-17,3.725260e-18,7.833955e-17,21
c4_p7_read_cyclic_vm6_des.plt,4,7,read,2.468280e-04,2.469280e-04,7.403705e-17,3.696946e-18,7.773399e-17,21
c4_p7_rise_cyclic_vm10_des.plt,4,7,rise,2.467260e-04,2.467270e-04,2.733157e-16,6.623195e-16,9.356351e-16,30
c4_p7_rise_cyclic_vm4_des.plt,4,7,rise,2.467260e-04,2.467270e-04,2.669457e-16,6.136520e-16,8.805977e-16,30
c4_p7_rise_cyclic_vm6_des.plt,4,7,rise,2.467260e-04,2.467270e-04,2.576117e-16,5.390112e-16,7.966229e-16,30
c4_p7_write_cyclic_vm10_des.plt,4,7,write,2.467270e-04,2.468270e-04,3.628608e-15,1.278172e-13,1.314458e-13,11
c4_p7_write_cyclic_vm4_des.plt,4,7,write,2.467270e-04,2.468270e-04,3.621482e-15,1.259472e-13,1.295687e-13,11
c4_p7_write_cyclic_vm6_des.plt,4,7,write,2.467270e-04,2.468270e-04,3.611476e-15,1.231458e-13,1.267573e-13,11
c4_p8_fall_cyclic_vm10_des.plt,4,8,fall,2.470290e-04,2.470300e-04,-2.774970e-16,6.754176e-16,3.979205e-16,30
c4_p8_fall_cyclic_vm4_des.plt,4,8,fall,2.470290e-04,2.470300e-04,-2.723528e-16,6.285750e-16,3.562222e-16,30
c4_p8_fall_cyclic_vm6_des.plt,4,8,fall,2.470290e-04,2.470300e-04,-2.650921e-16,5.506872e-16,2.855952e-16,30
c4_p8_read_cyclic_vm10_des.plt,4,8,read,2.470300e-04,2.471300e-04,7.500759e-17,3.744229e-18,7.875182e-17,21
c4_p8_read_cyclic_vm4_des.plt,4,8,read,2.470300e-04,2.471300e-04,7.462939e-17,3.725978e-18,7.835537e-17,21
c4_p8_read_cyclic_vm6_des.plt,4,8,read,2.470300e-04,2.471300e-04,7.404113e-17,3.697148e-18,7.773828e-17,21
c4_p8_rise_cyclic_vm10_des.plt,4,8,rise,2.469280e-04,2.469290e-04,2.733901e-16,6.631288e-16,9.365189e-16,30
c4_p8_rise_cyclic_vm4_des.plt,4,8,rise,2.469280e-04,2.469290e-04,2.671891e-16,6.158741e-16,8.830632e-16,30
c4_p8_rise_cyclic_vm6_des.plt,4,8,rise,2.469280e-04,2.469290e-04,2.577083e-16,5.396701e-16,7.973784e-16,30
c4_p8_write_cyclic_vm10_des.plt,4,8,write,2.469290e-04,2.470290e-04,3.628703e-15,1.278426e-13,1.314713e-13,11
c4_p8_write_cyclic_vm4_des.plt,4,8,write,2.469290e-04,2.470290e-04,3.621793e-15,1.260261e-13,1.296478e-13,11
c4_p8_write_cyclic_vm6_des.plt,4,8,write,2.469290e-04,2.470290e-04,3.611589e-15,1.231736e-13,1.267851e-13,11
c4_p9_fall_cyclic_vm10_des.plt,4,9,fall,2.472310e-04,2.472320e-04,-2.775521e-16,6.763112e-16,3.987591e-16,30
c4_p9_fall_cyclic_vm4_des.plt,4,9,fall,2.472310e-04,2.472320e-04,-2.725429e-16,6.309807e-16,3.584378e-16,30
c4_p9_fall_cyclic_vm6_des.plt,4,9,fall,2.472310e-04,2.472320e-04,-2.651782e-16,5.514251e-16,2.862469e-16,30
c4_p9_read_cyclic_vm10_des.plt,4,9,read,2.472320e-04,2.473320e-04,7.501432e-17,3.744548e-18,7.875886e-17,21
c4_p9_read_cyclic_vm4_des.plt,4,9,read,2.472320e-04,2.473320e-04,7.464592e-17,3.726765e-18,7.837269e-17,21
c4_p9_read_cyclic_vm6_des.plt,4,9,read,2.472320e-04,2.473320e-04,7.404572e-17,3.697376e-18,7.774310e-17,21
c4_p9_rise_cyclic_vm10_des.plt,4,9,rise,2.471300e-04,2.471310e-04,2.734688e-16,6.639876e-16,9.374564e-16,30
c4_p9_rise_cyclic_vm4_des.plt,4,9,rise,2.471300e-04,2.471310e-04,2.674439e-16,6.182237e-16,8.856676e-16,30
c4_p9_rise_cyclic_vm6_des.plt,4,9,rise,2.471300e-04,2.471310e-04,2.578119e-16,5.403788e-16,7.981908e-16,30
c4_p9_write_cyclic_vm10_des.plt,4,9,write,2.471310e-04,2.472310e-04,3.628799e-15,1.278693e-13,1.314981e-13,11
c4_p9_write_cyclic_vm4_des.plt,4,9,write,2.471310e-04,2.472310e-04,3.622107e-15,1.261086e-13,1.297307e-13,11
c4_p9_write_cyclic_vm6_des.plt,4,9,write,2.471310e-04,2.472310e-04,3.611715e-15,1.232034e-13,1.268151e-13,11
c5_p1_fall_cyclic_vm10_des.plt,5,1,fall,3.274530e-04,3.274540e-04,-2.772439e-16,6.713972e-16,3.941533e-16,30
c5_p1_fall_cyclic_vm4_des.plt,5,1,fall,3.274530e-04,3.274540e-04,-2.714446e-16,6.175586e-16,3.461140e-16,30
c5_p1_fall_cyclic_vm6_des.plt,5,1,fall,3.274530e-04,3.274540e-04,-2.647066e-16,5.474243e-16,2.827177e-16,30
c5_p1_read_cyclic_vm10_des.plt,5,1,read,3.274540e-04,3.275540e-04,7.498238e-17,3.743041e-18,7.872542e-17,21
c5_p1_read_cyclic_vm4_des.plt,5,1,read,3.274540e-04,3.275540e-04,7.457751e-17,3.723543e-18,7.830105e-17,21
c5_p1_read_cyclic_vm6_des.plt,5,1,read,3.274540e-04,3.275540e-04,7.402512e-17,3.696361e-18,7.772148e-17,21
c5_p1_rise_cyclic_vm10_des.plt,5,1,rise,3.273520e-04,3.273530e-04,2.752420e-16,6.597534e-16,9.349954e-16,30
c5_p1_rise_cyclic_vm4_des.plt,5,1,rise,3.273520e-04,3.273530e-04,2.706447e-16,6.141325e-16,8.847772e-16,30
c5_p1_rise_cyclic_vm6_des.plt,5,1,rise,3.273520e-04,3.273530e-04,2.653817e-16,5.440246e-16,8.094063e-16,30
c5_p1_write_cyclic_vm10_des.plt,5,1,write,3.273530e-04,3.274530e-04,3.628131e-15,1.277253e-13,1.313534e-13,11
c5_p1_write_cyclic_vm4_des.plt,5,1,write,3.273530e-04,3.274530e-04,3.619971e-15,1.256580e-13,1.292779e-13,11
c5_p1_write_cyclic_vm6_des.plt,5,1,write,3.273530e-04,3.274530e-04,3.610965e-15,1.230445e-13,1.266555e-13,11
c5_p2_fall_cyclic_vm10_des.plt,5,2,fall,3.276550e-04,3.276560e-04,-2.772584e-16,6.716258e-16,3.943674e-16,30
c5_p2_fall_cyclic_vm4_des.plt,5,2,fall,3.276550e-04,3.276560e-04,-2.714913e-16,6.181035e-16,3.466123e-16,30
c5_p2_fall_cyclic_vm6_des.plt,5,2,fall,3.276550e-04,3.276560e-04,-2.647291e-16,5.476138e-16,2.828847e-16,30
c5_p2_read_cyclic_vm10_des.plt,5,2,read,3.276560e-04,3.277560e-04,7.498232e-17,3.743034e-18,7.872535e-17,21
c5_p2_read_cyclic_vm4_des.plt,5,2,read,3.276560e-04,3.277560e-04,7.457499e-17,3.723412e-18,7.829840e-17,21
c5_p2_read_cyclic_vm6_des.plt,5,2,read,3.276560e-04,3.277560e-04,7.402485e-17,3.696347e-18,7.772119e-17,21
c5_p2_rise_cyclic_vm10_des.plt,5,2,rise,3.275540e-04,3.275550e-04,2.730697e-16,6.596836e-16,9.327533e-16,30
c5_p2_rise_cyclic_vm4_des.plt,5,2,rise,3.275540e-04,3.275550e-04,2.661152e-16,6.062632e-16,8.723784e-16,30
c5_p2_rise_cyclic_vm6_des.plt,5,2,rise,3.275540e-04,3.275550e-04,2.572894e-16,5.368249e-16,7.941143e-16,30
c5_p2_write_cyclic_vm10_des.plt,5,2,write,3.275550e-04,3.276550e-04,3.628194e-15,1.277310e-13,1.313592e-13,11
c5_p2_write_cyclic_vm4_des.plt,5,2,write,3.275550e-04,3.276550e-04,3.620139e-15,1.256729e-13,1.292930e-13,11
c5_p2_write_cyclic_vm6_des.plt,5,2,write,3.275550e-04,3.276550e-04,3.611025e-15,1.230510e-13,1.266620e-13,11
c5_p3_fall_cyclic_vm10_des.plt,5,3,fall,3.278570e-04,3.278580e-04,-2.772827e-16,6.720098e-16,3.947271e-16,30
c5_p3_fall_cyclic_vm4_des.plt,5,3,fall,3.278570e-04,3.278580e-04,-2.715760e-16,6.191016e-16,3.475255e-16,30
c5_p3_fall_cyclic_vm6_des.plt,5,3,fall,3.278570e-04,3.278580e-04,-2.647666e-16,5.479291e-16,2.831625e-16,30
c5_p3_read_cyclic_vm10_des.plt,5,3,read,3.278580e-04,3.279580e-04,7.498371e-17,3.743098e-18,7.872680e-17,21
c5_p3_read_cyclic_vm4_des.plt,5,3,read,3.278580e-04,3.279580e-04,7.457647e-17,3.723473e-18,7.829994e-17,21
c5_p3_read_cyclic_vm6_des.plt,5,3,read,3.278580e-04,3.279580e-04,7.402572e-17,3.696389e-18,7.772211e-17,21
c5_p3_rise_cyclic_vm10_des.plt,5,3,rise,3.277560e-04,3.277570e-04,2.730984e-16,6.599888e-16,9.330872e-16,30
c5_p3_rise_cyclic_vm4_des.plt,5,3,rise,3.277560e-04,3.277570e-04,2.662050e-16,6.070431e-16,8.732481e-16,30
c5_p3_rise_cyclic_vm6_des.plt,5,3,rise,3.277560e-04,3.277570e-04,2.573273e-16,5.370805e-16,7.944078e-16,30
c5_p3_write_cyclic_vm10_des.plt,5,3,write,3.277570e-04,3.278570e-04,3.628266e-15,1.277416e-13,1.313699e-13,11
c5_p3_write_cyclic_vm4_des.plt,5,3,write,3.277570e-04,3.278570e-04,3.620358e-15,1.257044e-13,1.293248e-13,11
c5_p3_write_cyclic_vm6_des.plt,5,3,write,3.277570e-04,3.278570e-04,3.611099e-15,1.230629e-13,1.266740e-13,11
c5_p4_fall_cyclic_vm10_des.plt,5,4,fall,3.280590e-04,3.280600e-04,-2.773155e-16,6.725277e-16,3.952123e-16,30
c5_p4_fall_cyclic_vm4_des.plt,5,4,fall,3.280590e-04,3.280600e-04,-2.716923e-16,6.204820e-16,3.487897e-16,30
c5_p4_fall_cyclic_vm6_des.plt,5,4,fall,3.280590e-04,3.280600e-04,-2.648166e-16,5.483499e-16,2.835333e-16,30
c5_p4_read_cyclic_vm10_des.plt,5,4,read,3.280600e-04,3.281600e-04,7.498637e-17,3.743221e-18,7.872959e-17,21
c5_p4_read_cyclic_vm4_des.plt,5,4,read,3.280600e-04,3.281600e-04,7.458167e-17,3.723715e-18,7.830538e-17,21
c5_p4_read_cyclic_vm6_des.plt,5,4,read,3.280600e-04,3.281600e-04,7.402759e-17,3.696481e-18,7.772407e-17,21
c5_p4_rise_cyclic_vm10_des.plt,5,4,rise,3.279580e-04,3.279590e-04,2.731402e-16,6.604364e-16,9.335766e-16,30
c5_p4_rise_cyclic_vm4_des.plt,5,4,rise,3.279580e-04,3.279590e-04,2.663413e-16,6.082385e-16,8.745798e-16,30
c5_p4_rise_cyclic_vm6_des.plt,5,4,rise,3.279580e-04,3.279590e-04,2.573823e-16,5.374516e-16,7.948340e-16,30
c5_p4_write_cyclic_vm10_des.plt,5,4,write,3.279590e-04,3.280590e-04,3.628346e-15,1.277564e-13,1.313848e-13,11
c5_p4_write_cyclic_vm4_des.plt,5,4,write,3.279590e-04,3.280590e-04,3.620609e-15,1.257501e-13,1.293707e-13,11
c5_p4_write_cyclic_vm6_des.plt,5,4,write,3.279590e-04,3.280590e-04,3.611184e-15,1.230793e-13,1.266905e-13,11
c5_p5_fall_cyclic_vm10_des.plt,5,5,fall,3.282610e-04,3.282620e-04,-2.773553e-16,6.731601e-16,3.958048e-16,30
c5_p5_fall_cyclic_vm4_des.plt,5,5,fall,3.282610e-04,3.282620e-04,-2.718337e-16,6.221769e-16,3.503432e-16,30
c5_p5_fall_cyclic_vm6_des.plt,5,5,fall,3.282610e-04,3.282620e-04,-2.648768e-16,5.488574e-16,2.839805e-16,30
c5_p5_read_cyclic_vm10_des.plt,5,5,read,3.282620e-04,3.283620e-04,7.499011e-17,3.743397e-18,7.873350e-17,21
c5_p5_read_cyclic_vm4_des.plt,5,5,read,3.282620e-04,3.283620e-04,7.459006e-17,3.724110e-18,7.831417e-17,21
c5_p5_read_cyclic_vm6_des.plt,5,5,read,3.282620e-04,3.283620e-04,7.403030e-17,3.696615e-18,7.772691e-17,21
c5_p5_rise_cyclic_vm10_des.plt,5,5,rise,3.281600e-04,3.281610e-04,2.731932e-16,6.610062e-16,9.341993e-16,30
c5_p5_rise_cyclic_vm4_des.plt,5,5,rise,3.281600e-04,3.281610e-04,2.665154e-16,6.097814e-16,8.762967e-16,30
c5_p5_rise_cyclic_vm6_des.plt,5,5,rise,3.281600e-04,3.281610e-04,2.574514e-16,5.379186e-16,7.953700e-16,30
c5_p5_write_cyclic_vm10_des.plt,5,5,write,3.281610e-04,3.282610e-04,3.628432e-15,1.277749e-13,1.314033e-13,11
c5_p5_write_cyclic_vm4_des.plt,5,5,write,3.281610e-04,3.282610e-04,3.620885e-15,1.258074e-13,1.294283e-13,11
c5_p5_write_cyclic_vm6_des.plt,5,5,write,3.281610e-04,3.282610e-04,3.611278e-15,1.230996e-13,1.267109e-13,11
c5_p6_fall_cyclic_vm10_des.plt,5,6,fall,3.284630e-04,3.284640e-04,-2.774010e-16,6.738890e-16,3.964880e-16,30
c5_p6_fall_cyclic_vm4_des.plt,5,6,fall,3.284630e-04,3.284640e-04,-2.719942e-16,6.241266e-16,3.521324e-16,30
c5_p6_fall_cyclic_vm6_des.plt,5,6,fall,3.284630e-04,3.284640e-04,-2.649452e-16,5.494343e-16,2.844891e-16,30
c5_p6_read_cyclic_vm10_des.plt,5,6,read,3.284640e-04,3.285640e-04,7.499476e-17,3.743616e-18,7.873837e-17,21
c5_p6_read_cyclic_vm4_des.plt,5,6,read,3.284640e-04,3.285640e-04,7.460113e-17,3.724635e-18,7.832577e-17,21
c5_p6_read_cyclic_vm6_des.plt,5,6,read,3.284640e-04,3.285640e-04,7.403365e-17,3.696779e-18,7.773043e-17,21
c5_p6_rise_cyclic_vm10_des.plt,5,6,rise,3.283620e-04,3.283630e-04,2.732555e-16,6.616787e-16,9.349342e-16,30
c5_p6_rise_cyclic_vm4_des.plt,5,6,rise,3.283620e-04,3.283630e-04,2.667194e-16,6.116071e-16,8.783265e-16,30
c5_p6_rise_cyclic_vm6_des.plt,5,6,rise,3.283620e-04,3.283630e-04,2.575318e-16,5.384639e-16,7.959956e-16,30
c5_p6_write_cyclic_vm10_des.plt,5,6,write,3.283630e-04,3.284630e-04,3.628524e-15,1.277963e-13,1.314248e-13,11
c5_p6_write_cyclic_vm4_des.plt,5,6,write,3.283630e-04,3.284630e-04,3.621178e-15,1.258739e-13,1.294950e-13,11
c5_p6_write_cyclic_vm6_des.plt,5,6,write,3.283630e-04,3.284630e-04,3.611380e-15,1.231229e-13,1.267343e-13,11
c5_p7_fall_cyclic_vm10_des.plt,5,7,fall,3.286650e-04,3.286660e-04,-2.774514e-16,6.746982e-16,3.972468e-16,30
c5_p7_fall_cyclic_vm4_des.plt,5,7,fall,3.286650e-04,3.286660e-04,-2.721689e-16,6.262786e-16,3.541097e-16,30
c5_p7_fall_cyclic_vm6_des.plt,5,7,fall,3.286650e-04,3.286660e-04,-2.650200e-16,5.500675e-16,2.850475e-16,30
c5_p7_read_cyclic_vm10_des.plt,5,7,read,3.286660e-04,3.287660e-04,7.500017e-17,3.743872e-18,7.874404e-17,21
c5_p7_read_cyclic_vm4_des.plt,5,7,read,3.286660e-04,3.287660e-04,7.461443e-17,3.725267e-18,7.833969e-17,21
c5_p7_read_cyclic_vm6_des.plt,5,7,read,3.286660e-04,3.287660e-04,7.403740e-17,3.696964e-18,7.773436e-17,21
c5_p7_rise_cyclic_vm10_des.plt,5,7,rise,3.285640e-04,3.285650e-04,2.733256e-16,6.624376e-16,9.357632e-16,30
c5_p7_rise_cyclic_vm4_des.plt,5,7,rise,3.285640e-04,3.285650e-04,2.669462e-16,6.136553e-16,8.806014e-16,30
c5_p7_rise_cyclic_vm6_des.plt,5,7,rise,3.285640e-04,3.285650e-04,2.576212e-16,5.390721e-16,7.966933e-16,30
c5_p7_write_cyclic_vm10_des.plt,5,7,write,3.285650e-04,3.286650e-04,3.628619e-15,1.278202e-13,1.314489e-13,11
c5_p7_write_cyclic_vm4_des.plt,5,7,write,3.285650e-04,3.286650e-04,3.621483e-15,1.259474e-13,1.295689e-13,11
c5_p7_write_cyclic_vm6_des.plt,5,7,write,3.285650e-04,3.286650e-04,3.611487e-15,1.231486e-13,1.267601e-13,11
c5_p8_fall_cyclic_vm10_des.plt,5,8,fall,3.288670e-04,3.288680e-04,-2.775057e-16,6.755731e-16,3.980674e-16,30
c5_p8_fall_cyclic_vm4_des.plt,5,8,fall,3.288670e-04,3.288680e-04,-2.723531e-16,6.285780e-16,3.562248e-16,30
c5_p8_fall_cyclic_vm6_des.plt,5,8,fall,3.288670e-04,3.288680e-04,-2.651000e-16,5.507475e-16,2.856475e-16,30
c5_p8_read_cyclic_vm10_des.plt,5,8,read,3.288680e-04,3.289680e-04,7.500619e-17,3.744157e-18,7.875035e-17,21
c5_p8_read_cyclic_vm4_des.plt,5,8,read,3.288680e-04,3.289680e-04,7.462952e-17,3.725985e-18,7.835551e-17,21
c5_p8_read_cyclic_vm6_des.plt,5,8,read,3.288680e-04,3.289680e-04,7.404149e-17,3.697166e-18,7.773865e-17,21
c5_p8_rise_cyclic_vm10_des.plt,5,8,rise,3.287660e-04,3.287670e-04,2.734019e-16,6.632674e-16,9.366693e-16,30
c5_p8_rise_cyclic_vm4_des.plt,5,8,rise,3.287660e-04,3.287670e-04,2.671896e-16,6.158771e-16,8.830667e-16,30
c5_p8_rise_cyclic_vm6_des.plt,5,8,rise,3.287660e-04,3.287670e-04,2.577178e-16,5.397309e-16,7.974487e-16,30
c5_p8_write_cyclic_vm10_des.plt,5,8,write,3.287670e-04,3.288670e-04,3.628718e-15,1.278462e-13,1.314749e-13,11
c5_p8_write_cyclic_vm4_des.plt,5,8,write,3.287670e-04,3.288670e-04,3.621794e-15,1.260262e-13,1.296480e-13,11
c5_p8_write_cyclic_vm6_des.plt,5,8,write,3.287670e-04,3.288670e-04,3.611600e-15,1.231763e-13,1.267879e-13,11
c5_p9_fall_cyclic_vm10_des.plt,5,9,fall,3.290690e-04,3.290700e-04,-2.775629e-16,6.765019e-16,3.989390e-16,30
c5_p9_fall_cyclic_vm4_des.plt,5,9,fall,3.290690e-04,3.290700e-04,-2.725433e-16,6.309835e-16,3.584402e-16,30
c5_p9_fall_cyclic_vm6_des.plt,5,9,fall,3.290690e-04,3.290700e-04,-2.651862e-16,5.514853e-16,2.862992e-16,30
c5_p9_read_cyclic_vm10_des.plt,5,9,read,3.290700e-04,3.291700e-04,7.501271e-17,3.744465e-18,7.875718e-17,21
c5_p9_read_cyclic_vm4_des.plt,5,9,read,3.290700e-04,3.291700e-04,7.464605e-17,3.726771e-18,7.837282e-17,21
c5_p9_read_cyclic_vm6_des.plt,5,9,read,3.290700e-04,3.291700e-04,7.404608e-17,3.697394e-18,7.774347e-17,21
c5_p9_rise_cyclic_vm10_des.plt,5,9,rise,3.289680e-04,3.289690e-04,2.734832e-16,6.641555e-16,9.376388e-16,30
c5_p9_rise_cyclic_vm4_des.plt,5,9,rise,3.289680e-04,3.289690e-04,2.674443e-16,6.182266e-16,8.856709e-16,30
c5_p9_rise_cyclic_vm6_des.plt,5,9,rise,3.289680e-04,3.289690e-04,2.578214e-16,5.404397e-16,7.982611e-16,30
c5_p9_write_cyclic_vm10_des.plt,5,9,write,3.289690e-04,3.290690e-04,3.628818e-15,1.278738e-13,1.315026e-13,11
c5_p9_write_cyclic_vm4_des.plt,5,9,write,3.289690e-04,3.290690e-04,3.622108e-15,1.261087e-13,1.297308e-13,11
c5_p9_write_cyclic_vm6_des.plt,5,9,write,3.289690e-04,3.290690e-04,3.611726e-15,1.232062e-13,1.268179e-13,11
