timestep,neuron_index
37,0
50,0
128,0
414,0
422,0
435,0
446,0
456,0
463,0
540,0
554,0
561,0
570,0
577,0
587,0
600,0
619,0
627,0
644,0
669,0
679,0
739,0
747,0
764,0
778,0
804,0
831,0
857,0
867,0
901,0
568,1
580,1
588,1
597,1
611,1
622,1
628,1
642,1
649,1
658,1
669,1
676,1
683,1
690,1
700,1
711,1
719,1
735,1
743,1
753,1
782,1
790,1
809,1
818,1
828,1
855,1
869,1
879,1
891,1
897,1
1073,1
1109,1
122,2
330,2
347,2
354,2
361,2
367,2
376,2
384,2
392,2
399,2
408,2
282,3
577,3
587,3
596,3
606,3
615,3
624,3
636,3
646,3
654,3
660,3
669,3
679,3
687,3
694,3
704,3
716,3
722,3
732,3
745,3
771,3
812,3
827,3
847,3
859,3
884,3
897,3
923,3
1058,3
209,4
228,4
252,4
278,4
473,4
479,4
486,4
495,4
505,4
512,4
569,4
581,4
630,4
641,4
647,4
676,4
754,4
771,4
780,4
795,4
828,4
841,4
869,4
914,4
928,4
953,4
971,4
1006,4
33,5
41,5
50,5
60,5
67,5
81,5
104,5
125,5
410,5
418,5
427,5
434,5
442,5
450,5
457,5
465,5
525,5
532,5
550,5
557,5
565,5
571,5
583,5
603,5
613,5
760,5
772,5
784,5
791,5
810,5
816,5
836,5
65,6
80,6
110,6
118,6
124,6
142,6
152,6
160,6
167,6
176,6
191,6
213,6
225,6
249,6
257,6
297,6
532,6
667,6
933,6
941,6
961,6
968,6
471,7
477,7
498,7
567,7
577,7
583,7
599,7
615,7
625,7
635,7
644,7
660,7
671,7
687,7
701,7
712,7
728,7
743,7
753,7
768,7
774,7
786,7
795,7
812,7
818,7
838,7
855,7
865,7
875,7
1004,7
114,8
566,8
585,8
598,8
623,8
642,8
656,8
667,8
677,8
695,8
710,8
719,8
735,8
746,8
780,8
800,8
836,8
854,8
881,8
895,8
1027,8
1040,8
1051,8
216,9
235,9
251,9
259,9
281,9
288,9
496,9
648,9
676,9
698,9
705,9
720,9
727,9
761,9
768,9
832,9
845,9
878,9
894,9
908,9
915,9
921,9
928,9
936,9
944,9
951,9
964,9
971,9
989,9
1015,9
1024,9
1033,9
470,10
477,10
484,10
490,10
505,10
588,10
620,10
651,10
674,10
697,10
711,10
727,10
743,10
761,10
790,10
801,10
826,10
869,10
875,10
900,10
906,10
931,10
959,10
993,10
297,11
594,11
611,11
644,11
651,11
686,11
700,11
715,11
728,11
738,11
849,11
885,11
898,11
1036,11
1060,11
199,12
211,12
217,12
232,12
248,12
269,12
316,12
325,12
345,12
537,12
982,12
1005,12
1023,12
1032,12
1041,12
1056,12
1068,12
1087,12
1104,12
1113,12
188,13
205,13
211,13
225,13
231,13
249,13
262,13
278,13
287,13
323,13
336,13
499,13
508,13
514,13
935,13
946,13
953,13
960,13
967,13
978,13
984,13
991,13
238,14
259,14
272,14
287,14
304,14
502,14
597,14
607,14
628,14
639,14
654,14
666,14
680,14
698,14
706,14
716,14
723,14
733,14
745,14
756,14
778,14
793,14
838,14
848,14
883,14
901,14
934,14
1023,14
1034,14
1048,14
1059,14
478,15
486,15
499,15
510,15
595,15
610,15
624,15
654,15
665,15
676,15
686,15
704,15
721,15
736,15
744,15
887,15
914,15
926,15
205,16
213,16
224,16
232,16
248,16
256,16
278,16
286,16
295,16
472,16
480,16
486,16
492,16
498,16
505,16
511,16
517,16
775,16
909,16
918,16
925,16
933,16
941,16
952,16
961,16
970,16
977,16
985,16
995,16
1003,16
1012,16
1021,16
1030,16
1041,16
272,17
332,17
374,17
425,17
466,17
475,17
497,17
536,17
563,17
577,17
594,17
603,17
622,17
645,17
661,17
686,17
707,17
736,17
777,17
790,17
827,17
903,17
927,17
974,17
165,18
191,18
212,18
233,18
256,18
278,18
285,18
292,18
301,18
310,18
500,18
509,18
519,18
918,18
940,18
951,18
959,18
975,18
988,18
1001,18
1008,18
1026,18
1035,18
1048,18
1071,18
470,19
476,19
483,19
491,19
503,19
590,19
603,19
621,19
628,19
640,19
646,19
654,19
661,19
682,19
695,19
708,19
719,19
741,19
767,19
787,19
856,19
889,19
903,19
35,20
62,20
83,20
107,20
127,20
366,20
397,20
409,20
418,20
430,20
436,20
445,20
452,20
459,20
522,20
533,20
552,20
559,20
572,20
585,20
595,20
605,20
615,20
635,20
660,20
743,20
762,20
774,20
793,20
803,20
818,20
838,20
855,20
212,21
218,21
226,21
241,21
273,21
320,21
329,21
345,21
351,21
359,21
371,21
398,21
406,21
422,21
986,21
1108,21
207,22
226,22
250,22
280,22
474,22
481,22
488,22
496,22
503,22
511,22
911,22
927,22
935,22
946,22
955,22
963,22
973,22
997,22
1007,22
32,23
58,23
96,23
103,23
123,23
181,23
317,23
334,23
352,23
363,23
382,23
400,23
409,23
432,23
448,23
520,23
555,23
612,23
758,23
41,24
66,24
436,24
452,24
468,24
477,24
558,24
564,24
572,24
580,24
595,24
612,24
621,24
635,24
643,24
667,24
684,24
692,24
698,24
712,24
746,24
766,24
774,24
786,24
793,24
803,24
817,24
824,24
831,24
844,24
861,24
60,25
81,25
125,25
331,25
339,25
347,25
359,25
376,25
384,25
396,25
408,25
428,25
434,25
550,25
588,26
603,26
618,26
628,26
638,26
649,26
658,26
672,26
682,26
690,26
697,26
703,26
714,26
727,26
737,26
752,26
762,26
782,26
815,26
851,26
883,26
898,26
925,26
107,27
138,27
170,27
181,27
187,27
197,27
206,27
214,27
231,27
255,27
516,27
531,27
948,27
965,27
975,27
988,27
1004,27
42,28
59,28
67,28
76,28
100,28
113,28
125,28
134,28
342,28
358,28
371,28
382,28
388,28
401,28
410,28
419,28
427,28
434,28
443,28
450,28
457,28
525,28
559,28
566,28
576,28
827,28
40,29
46,29
59,29
65,29
81,29
93,29
99,29
106,29
112,29
123,29
129,29
135,29
143,29
162,29
346,29
360,29
366,29
373,29
383,29
389,29
400,29
406,29
419,29
429,29
456,29
475,30
487,30
495,30
637,30
680,30
688,30
696,30
714,30
728,30
736,30
758,30
831,30
857,30
885,30
906,30
925,30
1023,30
1042,30
1051,30
1062,30
1079,30
1093,30
1109,30
33,31
46,31
60,31
81,31
105,31
125,31
362,31
381,31
401,31
410,31
419,31
428,31
434,31
443,31
450,31
457,31
520,31
531,31
550,31
557,31
571,31
583,31
603,31
613,31
658,31
714,31
741,31
760,31
772,31
801,31
810,31
816,31
827,31
836,31
229,32
250,32
263,32
291,32
299,32
484,32
500,32
506,32
533,32
658,32
695,32
730,32
855,32
924,32
931,32
938,32
947,32
974,32
985,32
998,32
1014,32
1025,32
1034,32
1049,32
569,33
578,33
585,33
595,33
608,33
618,33
627,33
634,33
640,33
648,33
656,33
665,33
673,33
680,33
688,33
697,33
703,33
710,33
717,33
729,33
745,33
755,33
762,33
769,33
779,33
786,33
792,33
808,33
815,33
824,33
830,33
845,33
857,33
867,33
877,33
891,33
259,34
289,34
303,34
577,34
594,34
605,34
613,34
634,34
650,34
656,34
684,34
706,34
713,34
723,34
735,34
748,34
770,34
792,34
811,34
828,34
846,34
902,34
923,34
1023,34
1038,34
164,35
181,35
199,35
209,35
228,35
275,35
284,35
309,35
502,35
508,35
516,35
524,35
535,35
929,35
937,35
965,35
973,35
984,35
991,35
52,36
224,36
248,36
275,36
472,36
482,36
488,36
494,36
500,36
506,36
564,36
590,36
646,36
840,36
848,36
872,36
906,36
922,36
928,36
944,36
953,36
961,36
971,36
980,36
995,36
1005,36
41,37
68,37
113,37
277,37
427,37
442,37
465,37
525,37
539,37
558,37
565,37
574,37
584,37
591,37
597,37
609,37
619,37
632,37
641,37
655,37
666,37
676,37
695,37
705,37
720,37
729,37
743,37
749,37
768,37
780,37
790,37
799,37
809,37
818,37
824,37
835,37
844,37
869,37
881,37
902,37
1061,37
64,38
78,38
99,38
109,38
125,38
142,38
160,38
226,38
250,38
280,38
474,38
481,38
488,38
495,38
501,38
507,38
514,38
911,38
927,38
935,38
946,38
982,38
997,38
40,39
48,39
55,39
65,39
74,39
84,39
93,39
103,39
110,39
121,39
128,39
142,39
153,39
169,39
182,39
390,39
417,39
425,39
434,39
441,39
449,39
457,39
534,39
540,39
564,39
1080,39
1100,39
1111,39
206,40
231,40
239,40
248,40
257,40
263,40
285,40
293,40
478,40
487,40
493,40
501,40
510,40
518,40
527,40
924,40
932,40
941,40
948,40
960,40
968,40
977,40
992,40
1004,40
1010,40
1019,40
1028,40
1039,40
1048,40
77,41
246,41
262,41
273,41
289,41
297,41
475,41
495,41
515,41
716,41
919,41
927,41
936,41
954,41
972,41
1016,41
1024,41
1032,41
1041,41
1052,41
193,42
202,42
211,42
220,42
263,42
292,42
301,42
310,42
319,42
336,42
531,42
947,42
956,42
967,42
976,42
983,42
990,42
999,42
1017,42
1026,42
1035,42
1053,42
1062,42
1071,42
1080,42
1089,42
1098,42
1107,42
1113,42
242,43
290,43
470,43
477,43
483,43
490,43
496,43
502,43
603,43
681,43
718,43
731,43
840,43
919,43
927,43
955,43
1019,43
59,44
89,44
442,44
458,44
471,44
483,44
558,44
564,44
577,44
588,44
597,44
611,44
627,44
641,44
649,44
666,44
674,44
690,44
704,44
718,44
748,44
760,44
770,44
778,44
796,44
809,44
815,44
830,44
837,44
850,44
867,44
875,44
884,44
893,44
36,45
49,45
62,45
71,45
83,45
100,45
109,45
119,45
127,45
137,45
165,45
339,45
350,45
364,45
373,45
384,45
396,45
404,45
412,45
420,45
436,45
446,45
459,45
560,45
793,45
224,46
232,46
243,46
250,46
259,46
267,46
277,46
286,46
294,46
492,46
512,46
519,46
706,46
713,46
735,46
783,46
916,46
924,46
933,46
951,46
969,46
993,46
1013,46
1020,46
1029,46
1038,46
1049,46
48,47
58,47
68,47
77,47
89,47
96,47
103,47
114,47
120,47
131,47
137,47
144,47
151,47
166,47
173,47
426,47
437,47
444,47
452,47
1062,47
1104,47
563,48
570,48
589,48
615,48
628,48
646,48
653,48
674,48
694,48
705,48
717,48
730,48
752,48
779,48
826,48
878,48
885,48
919,48
932,48
944,48
55,49
70,49
83,49
98,49
116,49
151,49
168,49
282,49
314,49
440,49
451,49
467,49
567,49
575,49
615,49
649,49
664,49
676,49
716,49
728,49
755,49
762,49
788,49
834,49
848,49
894,49
567,50
576,50
583,50
594,50
600,50
608,50
631,50
644,50
653,50
669,50
685,50
701,50
756,50
782,50
802,50
811,50
821,50
853,50
866,50
874,50
883,50
902,50
913,50
1039,50
1049,50
1058,50
1073,50
1084,50
1091,50
1100,50
203,51
222,51
246,51
278,51
454,51
470,51
477,51
484,51
492,51
503,51
566,51
597,51
622,51
647,51
669,51
748,51
768,51
779,51
793,51
833,51
868,51
880,51
907,51
923,51
951,51
1003,51
46,52
55,52
64,52
72,52
81,52
92,52
105,52
113,52
120,52
128,52
137,52
147,52
155,52
175,52
374,52
394,52
414,52
428,52
434,52
442,52
451,52
458,52
1064,52
1094,52
41,53
50,53
58,53
65,53
75,53
87,53
96,53
103,53
111,53
119,53
130,53
138,53
150,53
179,53
368,53
391,53
400,53
409,53
423,53
433,53
444,53
456,53
466,53
37,54
105,54
423,54
447,54
460,54
476,54
552,54
560,54
566,54
572,54
583,54
592,54
604,54
617,54
637,54
643,54
658,54
675,54
690,54
709,54
721,54
751,54
757,54
774,54
788,54
804,54
811,54
821,54
831,54
858,54
880,54
72,55
84,55
99,55
123,55
130,55
147,55
153,55
161,55
173,55
179,55
189,55
196,55
206,55
247,55
479,55
497,55
523,55
935,55
963,55
972,55
980,55
991,55
997,55
277,56
308,56
480,56
589,56
598,56
614,56
630,56
638,56
650,56
658,56
673,56
683,56
691,56
701,56
708,56
720,56
757,56
789,56
804,56
853,56
859,56
880,56
889,56
907,56
55,57
63,57
75,57
90,57
99,57
114,57
121,57
138,57
144,57
152,57
164,57
170,57
177,57
184,57
197,57
226,57
250,57
280,57
474,57
485,57
503,57
514,57
911,57
927,57
946,57
955,57
963,57
1007,57
42,58
49,58
58,58
66,58
76,58
90,58
101,58
108,58
116,58
128,58
143,58
155,58
190,58
416,58
427,58
443,58
449,58
463,58
564,58
38,59
48,59
58,59
66,59
73,59
79,59
89,59
96,59
103,59
111,59
121,59
128,59
137,59
146,59
153,59
163,59
175,59
414,59
423,59
433,59
439,59
446,59
453,59
461,59
533,59
543,59
553,59
795,59
805,59
1069,59
1093,59
1102,59
1109,59
