timestep,ALIF0,ALIF1,ALIF2,ALIF3,ALIF4
0,0.0,0.0,0.0,0.0,0.0
1,0.0,0.0,0.0,0.0,0.0
2,0.0,0.0,0.0,0.0,0.0
3,0.0,0.0,0.0,0.0,0.0
4,0.0,0.0,0.0,0.0,0.0
5,0.0,0.0,0.0,0.0,0.0
6,0.0,0.0,0.0,0.0,0.0
7,0.0,0.0,0.0,0.0,0.0
8,0.0,0.0,0.0,0.0,0.0
9,0.0,0.0,0.0,0.0,0.0
10,0.0,0.0,0.0,0.0,0.0
11,0.0,0.0,0.0,0.0,0.0
12,0.0,0.0,0.0,0.0,0.0
13,0.0,0.0,0.0,0.0,0.0
14,0.0,0.0,0.0,0.0,0.0
15,0.0,0.0,0.0,0.0,0.0
16,0.0,0.0,0.0,0.0,0.0
17,0.0,0.0,0.0,0.0,0.0
18,0.0,0.0,0.0,0.0,0.0
19,0.0,0.0,0.0,0.0,0.0
20,0.0,0.0,0.0,0.0,0.0
21,0.0,0.0,0.0,0.0,0.0
22,0.0,0.0,0.0,0.0,0.0
23,0.0,0.0,0.0,0.0,0.0
24,0.0,0.0,0.0,0.0,0.0
25,0.0,0.0,0.0,0.0,0.0
26,0.0,0.0,0.0,0.0,0.0
27,0.0,0.0,0.0,0.0,0.0
28,0.0,0.0,0.0,0.0,0.0
29,0.0,0.0,0.0,0.116703264,0.0
30,0.0,0.0,0.0,0.11658662,0.0
31,0.0,0.0,0.0,0.11647009,0.0
32,0.0,0.0,0.0,0.116353676,0.0
33,0.0,0.0,0.0,0.11623738,0.0
34,0.0,0.0,0.0,0.1161212,0.0
35,0.0,0.0,0.0,0.11600514,0.0
36,0.0,0.0,0.0,0.11588919,0.0
37,0.0,0.0,0.0,0.11577336,0.0
38,0.0,0.0,0.0,0.2323609,0.0
39,0.0,0.0,0.0,0.23212865,0.0
40,0.0,0.0,0.0,0.23189664,0.0
41,0.0,0.0,0.0,0.23166485,0.0
42,0.0,0.0,0.0,0.2314333,0.0
43,0.0,0.0,0.0,0.23120198,0.0
44,0.0,0.0,0.0,0.23097089,0.0
45,0.0,0.0,0.0,0.23074003,0.0
46,0.0,0.0,0.0,0.2305094,0.0
47,0.0,0.0,0.0,0.34698227,0.0
48,0.0,0.0,0.0,0.34663546,0.0
49,0.0,0.0,0.0,0.346289,0.0
50,0.0,0.0,0.0,0.34594288,0.0
51,0.0,0.0,0.0,0.34559712,0.0
52,0.0,0.0,0.0,0.34525168,0.0
53,0.0,0.0,0.0,0.46160987,0.0
54,0.0,0.0,0.0,0.4611485,0.0
55,0.0,0.0,0.0,0.46068758,0.0
56,0.0,0.0,0.0,0.4602271,0.0
57,0.0,0.0,0.0,0.4597671,0.0
58,0.0,0.0,0.0,0.45930755,0.0
59,0.0,0.0,0.0,0.45884848,0.0
60,0.0,0.0,0.0,0.45838985,0.0
61,0.0,0.0,0.0,0.57463497,0.0
62,0.0,0.0,0.0,0.5740606,0.0
63,0.0,0.0,0.0,0.57348686,0.0
64,0.0,0.0,0.0,0.57291365,0.0
65,0.0,0.0,0.0,0.572341,0.0
66,0.0,0.0,0.0,0.57176894,0.0
67,0.0,0.0,0.0,0.57119745,0.0
68,0.0,0.0,0.0,0.57062656,0.0
69,0.0,0.0,0.0,0.5700562,0.0
70,0.0,0.0,0.0,0.6861897,0.0
71,0.0,0.0,0.0,0.68550384,0.0
72,0.0,0.0,0.0,0.6848187,0.0
73,0.0,0.0,0.0,0.6841342,0.0
74,0.0,0.0,0.0,0.6834504,0.0
75,0.0,0.0,0.0,0.6827673,0.0
76,0.0,0.0,0.0,0.68208486,0.0
77,0.0,0.0,0.0,0.6814031,0.0
78,0.0,0.0,0.0,0.68072206,0.0
79,0.0,0.0,0.0,0.6800417,0.0
80,0.0,0.0,0.0,0.67936194,0.0
81,0.0,0.0,0.0,0.6786829,0.0
82,0.0,0.0,0.0,0.79470783,0.0
83,0.0,0.0,0.0,0.79391354,0.0
84,0.0,0.0,0.0,0.79312,0.0
85,0.0,0.0,0.0,0.7923273,0.0
86,0.0,0.0,0.0,0.7915353,0.0
87,0.0,0.0,0.0,0.7907442,0.0
88,0.0,0.0,0.0,0.7899538,0.0
89,0.0,0.0,0.0,0.78916425,0.0
90,0.0,0.0,0.0,0.90507877,0.0
91,0.0,0.0,0.0,0.90417415,0.0
92,0.0,0.0,0.0,0.9032704,0.0
93,0.0,0.0,0.0,0.9023676,0.0
94,0.0,0.0,0.0,0.90146565,0.0
95,0.0,0.0,0.0,0.9005646,0.0
96,0.0,0.0,0.0,0.89966446,0.0
97,0.0,0.0,0.0,1.0154685,0.0
98,0.0,0.0,0.0,1.0144535,0.0
99,0.0,0.0,0.0,1.0134395,0.0
100,0.0,0.0,0.0,1.0124266,0.0
101,0.0,0.0,0.0,1.0114146,0.0
102,0.0,0.0,0.0,1.0104038,0.0
103,0.0,0.0,0.0,1.0093938,0.0
104,0.0,0.0,0.0,1.008385,0.0
105,0.0,0.0,0.0,1.1240712,0.0
106,0.0,0.0,0.0,1.1229477,0.0
107,0.0,0.0,0.0,1.1218253,0.0
108,0.0,0.0,0.0,1.120704,0.0
109,0.0,0.0,0.0,1.1195838,0.0
110,0.0,0.0,0.0,1.1184648,0.0
111,0.0,0.0,0.0,1.1173469,0.0
112,0.0,0.0,0.0,1.1162301,0.0
113,0.0,0.0,0.0,1.1151145,0.0
114,0.0,0.0,0.0,1.2305578,0.0
115,0.0,0.0,0.0,1.2293278,0.0
116,0.0,0.0,0.0,1.2280991,0.0
117,0.0,0.0,0.0,1.2268716,0.0
118,0.0,0.0,0.0,1.2256453,0.0
119,0.0,0.0,0.0,1.2244203,0.0
120,0.0,0.0,0.0,1.2231965,0.0
121,0.0,0.0,0.0,1.2219739,0.0
122,0.116703264,0.0,0.0,1.2207525,0.0
123,0.11658662,0.0,0.0,1.2195324,0.0
124,0.11647009,0.0,0.0,1.2183135,0.0
125,0.116353676,0.0,0.0,1.2170957,0.0
126,0.11623738,0.0,0.0,1.2158792,0.0
127,0.1161212,0.0,0.0,1.2146639,0.0
128,0.11600514,0.0,0.0,1.2134498,0.0
129,0.11588919,0.0,0.0,1.212237,0.0
130,0.11577336,0.0,0.0,1.3273168,0.0
131,0.11565764,0.0,0.0,1.3259901,0.0
132,0.11554204,0.0,0.0,1.3246647,0.0
133,0.115426555,0.0,0.0,1.3233407,0.0
134,0.11531118,0.0,0.0,1.3220179,0.0
135,0.11519593,0.0,0.0,1.3206966,0.116703264
136,0.11508079,0.0,0.0,1.3193766,0.11658662
137,0.11496577,0.0,0.0,1.3180579,0.11647009
138,0.11485086,0.0,0.0,1.4325869,0.116353676
139,0.114736065,0.0,0.0,1.431155,0.11623738
140,0.114621386,0.0,0.0,1.4297245,0.1161212
141,0.11450682,0.0,0.0,1.4282954,0.11600514
142,0.11439237,0.0,0.0,1.4268677,0.11588919
143,0.11427803,0.0,0.0,1.4254415,0.11577336
144,0.11416381,0.0,0.0,1.4240167,0.11565764
145,0.1140497,0.0,0.0,1.4225934,0.11554204
146,0.11393571,0.0,0.0,1.4211714,0.115426555
147,0.11382183,0.0,0.0,1.4197509,0.11531118
148,0.113708064,0.0,0.0,1.4183319,0.11519593
149,0.11359441,0.0,0.0,1.4169142,0.11508079
150,0.11348087,0.0,0.0,1.415498,0.11496577
151,0.113367446,0.0,0.0,1.4140832,0.11485086
152,0.11325414,0.0,0.0,1.4126699,0.114736065
153,0.11314094,0.0,0.0,1.4112579,0.114621386
154,0.113027856,0.0,0.0,1.5251683,0.11450682
155,0.11291488,0.0,0.0,1.5236439,0.11439237
156,0.11280202,0.0,0.0,1.522121,0.11427803
157,0.11268927,0.0,0.0,1.5205996,0.11416381
158,0.11257664,0.0,0.0,1.5190798,0.1140497
159,0.11246412,0.0,0.0,1.5175614,0.11393571
160,0.112351716,0.0,0.0,1.5160446,0.11382183
161,0.11223942,0.0,0.0,1.5145293,0.113708064
162,0.11212724,0.0,0.0,1.5130155,0.11359441
163,0.112015165,0.0,0.0,1.5115032,0.11348087
164,0.111903206,0.0,0.0,1.5099925,0.113367446
165,0.11179136,0.0,0.0,1.5084832,0.11325414
166,0.11167962,0.0,0.0,1.5069754,0.11314094
167,0.111568,0.0,0.0,1.5054692,0.113027856
168,0.11145648,0.0,0.0,1.5039644,0.11291488
169,0.11134508,0.0,0.0,1.5024612,0.11280202
170,0.11123379,0.0,0.0,1.6156454,0.11268927
171,0.111122616,0.0,0.0,1.6140306,0.11257664
172,0.11101155,0.0,0.0,1.6124173,0.11246412
173,0.110900596,0.0,0.0,1.6108057,0.112351716
174,0.110789746,0.0,0.0,1.6091957,0.11223942
175,0.11067901,0.0,0.0,1.6075873,0.11212724
176,0.11056838,0.0,0.0,1.6059805,0.112015165
177,0.11045787,0.0,0.0,1.6043754,0.111903206
178,0.110347465,0.0,0.0,1.6027718,0.11179136
179,0.110237174,0.0,0.0,1.6011698,0.11167962
180,0.11012699,0.0,0.0,1.5995694,0.111568
181,0.11001691,0.0,0.0,1.5979706,0.11145648
182,0.10990695,0.0,0.0,1.7102659,0.11134508
183,0.1097971,0.0,0.0,1.7085564,0.11123379
184,0.10968735,0.0,0.0,1.7068487,0.111122616
185,0.109577715,0.0,0.0,1.7051427,0.11101155
186,0.10946819,0.0,0.0,1.7034384,0.110900596
187,0.10935878,0.0,0.0,1.7017359,0.110789746
188,0.10924947,0.0,0.0,1.700035,0.11067901
189,0.10914028,0.0,0.0,1.6983358,0.11056838
190,0.10903119,0.0,0.0,1.6966382,0.11045787
191,0.10892221,0.0,0.0,1.8078773,0.110347465
192,0.108813345,0.0,0.0,1.8060703,0.110237174
193,0.10870458,0.0,0.0,1.8042651,0.11012699
194,0.10859593,0.0,0.0,1.8024617,0.11001691
195,0.10848739,0.0,0.0,1.8006601,0.10990695
196,0.108378954,0.0,0.0,1.7988603,0.1097971
197,0.10827063,0.0,0.0,1.7970623,0.10968735
198,0.10816241,0.0,0.0,1.7952662,0.109577715
199,0.1080543,0.0,0.0,1.7934718,0.10946819
200,0.1079463,0.0,0.0,1.7916793,0.10935878
201,0.10783841,0.0,0.0,1.9017684,0.10924947
202,0.10773062,0.0,0.0,1.8998677,0.10914028
203,0.22432621,0.0,0.0,1.8979688,0.10903119
204,0.22410199,0.0,0.0,1.8960717,0.10892221
205,0.223878,0.0,0.0,1.8941765,0.108813345
206,0.22365423,0.0,0.0,1.8922832,0.10870458
207,0.22343068,0.0,0.0,1.8903918,0.10859593
208,0.22320735,0.0,0.0,1.8885024,0.10848739
209,0.22298425,0.0,0.0,1.8866148,0.108378954
210,0.22276138,0.0,0.0,1.8847291,0.10827063
211,0.22253872,0.0,0.0,1.8828453,0.10816241
212,0.2223163,0.0,0.0,1.8809633,0.1080543
213,0.33879736,0.0,0.0,1.8790833,0.1079463
214,0.33845872,0.0,0.0,1.8772051,0.10783841
215,0.33812043,0.0,0.0,1.8753289,0.10773062
216,0.33778247,0.0,0.0,1.8734545,0.107622944
217,0.33744484,0.0,0.0,1.8715819,0.10751537
218,0.33710757,0.0,0.0,1.8697113,0.10740791
219,0.33677062,0.0,0.0,1.8678424,0.10730056
220,0.336434,0.0,0.0,1.8659755,0.107193306
221,0.33609775,0.0,0.0,1.8641105,0.10708617
222,0.33576182,0.0,0.0,1.8622472,0.2236824
223,0.45212948,0.0,0.0,1.8603859,0.22345883
224,0.45167756,0.0,0.0,1.8585265,0.22323547
225,0.45122612,0.0,0.0,1.8566688,0.22301234
226,0.45077512,0.0,0.0,1.8548131,0.22278944
227,0.45032457,0.0,0.0,1.8529592,0.22256675
228,0.44987446,0.0,0.116703264,1.8511071,0.2223443
229,0.4494248,0.0,0.11658662,1.8492569,0.22212206
230,0.4489756,0.0,0.11647009,1.8474085,0.22190005
231,0.5652301,0.0,0.116353676,1.845562,0.22167826
232,0.56466514,0.0,0.11623738,1.8437173,0.22145669
233,0.56410074,0.0,0.1161212,1.8418745,0.22123535
234,0.56353694,0.0,0.11600514,1.8400335,0.22101422
235,0.5629737,0.0,0.11588919,1.8381944,0.2207933
236,0.56241095,0.0,0.11577336,1.8363571,0.22057262
237,0.5618488,0.0,0.11565764,1.8345217,0.22035216
238,0.5612872,0.0,0.11554204,1.832688,0.22013192
239,0.5607262,0.0,0.115426555,1.8308562,0.21991189
240,0.56016576,0.0,0.11531118,1.8290262,0.21969208
241,0.5596059,0.0,0.11519593,1.8271981,0.2194725
242,0.55904657,0.0,0.11508079,1.8253719,0.21925314
243,0.67519104,0.0,0.11496577,1.8235474,0.21903399
244,0.6745162,0.0,0.11485086,1.8217247,0.33551833
245,0.673842,0.0,0.114736065,1.8199039,0.33518296
246,0.6731685,0.0,0.114621386,1.8180848,0.33484796
247,0.67249566,0.0,0.11450682,1.8162676,0.33451328
248,0.6718235,0.0,0.11439237,1.8144523,0.33417892
249,0.671152,0.0,0.11427803,1.8126388,0.3338449
250,0.67048115,0.0,0.11416381,1.810827,0.33351123
251,0.669811,0.0,0.1140497,1.8090171,0.3331779
252,0.66914153,0.0,0.11393571,1.8072089,0.33284488
253,0.6684727,0.0,0.11382183,1.8054025,0.44921547
254,0.66780454,0.0,0.113708064,1.803598,0.44876647
255,0.6671371,0.0,0.11359441,1.8017954,0.44831792
256,0.6664703,0.0,0.11348087,1.7999945,0.4478698
257,0.66580415,0.0,0.23007071,1.7981954,0.44742215
258,0.66513866,0.0,0.22984076,1.796398,0.44697493
259,0.66447383,0.0,0.22961102,1.7946025,0.44652817
260,0.66380966,0.0,0.22938153,1.7928088,0.44608185
261,0.6631462,0.0,0.22915226,1.7910168,0.44563597
262,0.6624834,0.0,0.22892322,1.7892267,0.44519055
263,0.66182125,0.0,0.22869441,1.7874383,0.44474557
264,0.66115975,0.0,0.22846583,1.7856517,0.44430104
265,0.6604989,0.0,0.22823747,1.7838669,0.5605602
266,0.65983874,0.0,0.22800934,1.7820839,0.55999994
267,0.6591792,0.0,0.22778144,1.7803026,0.5594402
268,0.65852034,0.0,0.22755377,1.7785232,0.55888104
269,0.6578621,0.0,0.22732633,1.7767456,0.5583224
270,0.65720457,0.0,0.3438024,1.7749697,0.55776435
271,0.65654767,0.0,0.34345877,1.7731956,0.55720687
272,0.6558914,0.0,0.34311548,1.7714233,0.5566499
273,0.6552358,0.0,0.34277254,1.7696528,0.5560936
274,0.6545809,0.0,0.34242994,1.767884,0.55553776
275,0.6539266,0.0,0.3420877,1.766117,0.5549825
276,0.653273,0.0,0.34174576,1.7643517,0.55442774
277,0.65262,0.0,0.3414042,1.7625883,0.5538736
278,0.6519677,0.0,0.34106296,1.7608266,0.55332
279,0.65131605,0.0,0.34072205,1.7590666,0.5527669
280,0.65066504,0.0,0.3403815,1.7573084,0.55221444
281,0.6500147,0.0,0.34004128,1.7555519,0.5516625
282,0.649365,0.0,0.3397014,1.7537973,0.5511111
283,0.648716,0.0,0.33936188,1.7520443,0.55056024
284,0.6480676,0.0,0.33902267,1.7502931,0.55000997
285,0.64741987,0.0,0.3386838,1.7485437,0.54946023
286,0.64677274,0.0,0.3383453,1.746796,0.54891104
287,0.6461263,0.0,0.33800712,1.7450501,0.5483624
288,0.64548045,0.0,0.33766928,1.7433059,0.5478143
289,0.6448353,0.0,0.33733177,1.7415634,0.5472668
290,0.6441908,0.0,0.33699462,1.7398227,0.5467198
291,0.64354694,0.0,0.3366578,1.7380837,0.54617333
292,0.6429037,0.0,0.3363213,1.7363465,0.5456274
293,0.6422611,0.0,0.33598512,1.734611,0.54508203
294,0.64161915,0.0,0.3356493,1.7328773,0.54453725
295,0.64097786,0.0,0.33531383,1.7311453,0.543993
296,0.64033717,0.0,0.33497867,1.8419818,0.5434493
297,0.63969713,0.0,0.33464384,1.8401407,0.5429061
298,0.63905776,0.0,0.33430937,1.8383014,0.54236346
299,0.63841903,0.0,0.33397523,1.836464,0.54182136
300,0.6377809,0.0,0.3336414,1.8346285,0.5412798
301,0.63714343,0.0,0.33330792,1.8327948,0.54073876
302,0.6365066,0.0,0.3329748,1.8309629,0.54019827
303,0.6358704,0.0,0.332642,1.8291328,0.5396583
304,0.63523483,0.0,0.3323095,1.8273046,0.5391189
305,0.6345999,0.0,0.33197737,1.9369292,0.53858006
306,0.6339656,0.0,0.33164555,1.9349933,0.5380418
307,0.63333195,0.0,0.33131406,1.9330592,0.537504
308,0.63269895,0.0,0.3309829,1.9311271,0.5369668
309,0.63206655,0.0,0.33065206,1.9291968,0.5364301
310,0.6314348,0.0,0.33032158,1.9272686,0.535894
311,0.63080364,0.0,0.32999143,2.0354922,0.53535837
312,0.63017315,0.0,0.3296616,2.0334578,0.5348233
313,0.6295433,0.0,0.3293321,2.0314252,0.53428876
314,0.62891406,0.0,0.32900295,2.0293949,0.53375477
315,0.62828547,0.0,0.3286741,2.0273664,0.53322124
316,0.6276575,0.0,0.3283456,2.02534,0.53268826
317,0.62703013,0.0,0.3280174,2.0233157,0.5321558
318,0.6264034,0.0,0.32768956,2.0212934,0.5316239
319,0.6257773,0.0,0.32736203,2.019273,0.5310925
320,0.6251518,0.0,0.32703483,2.1260803,0.5305617
321,0.624527,0.0,0.32670796,2.1239552,0.5300314
322,0.62390274,0.0,0.32638142,2.1218324,0.5295016
323,0.62327915,0.0,0.3260552,2.1197116,0.5289724
324,0.62265617,0.0,0.3257293,2.117593,0.5284437
325,0.62203383,0.0,0.32540375,2.1154766,0.52791554
326,0.6214121,0.0,0.32507852,2.113362,0.52738786
327,0.7374943,0.0,0.3247536,2.1112497,0.5268607
328,0.73675716,0.0,0.324429,2.1091394,0.5263341
329,0.73602074,0.0,0.32410473,2.1070313,0.52580804
330,0.7352851,0.0,0.32378078,2.1049254,0.5252825
331,0.7345502,0.0,0.32345715,2.1028216,0.5247575
332,0.73381597,0.0,0.32313386,2.1007197,0.524233
333,0.73308253,0.0,0.3228109,2.09862,0.523709
334,0.7323498,0.0,0.32248825,2.0965223,0.52318555
335,0.7316178,0.0,0.3221659,2.0944269,0.52266264
336,0.7308866,0.0,0.3218439,2.0923336,0.5221402
337,0.73015606,0.0,0.3215222,2.0902421,0.5216183
338,0.72942626,0.0,0.32120085,2.088153,0.52109694
339,0.7286972,0.0,0.32087982,2.0860658,0.5205761
340,0.7279688,0.0,0.32055908,2.0839808,0.5200558
341,0.8439445,0.0,0.32023868,2.0818977,0.51953596
342,0.84310097,0.0,0.3199186,2.0798168,0.5190167
343,0.8422583,0.0,0.31959885,2.077738,0.51849794
344,0.8414164,0.0,0.3192794,2.0756614,0.5179797
345,0.8405754,0.0,0.31896028,2.0735867,0.51746196
346,0.8397352,0.0,0.31864148,2.0715141,0.51694477
347,0.83889586,0.0,0.318323,2.0694437,0.51642805
348,0.8380574,0.0,0.31800482,2.0673752,0.5159119
349,0.8372198,0.0,0.31768698,2.0653088,0.51539624
350,0.95308626,0.0,0.31736943,2.0632446,0.5148811
351,0.95213366,0.0,0.31705222,2.0611823,0.51436645
352,0.951182,0.0,0.31673533,2.059122,0.51385236
353,0.9502313,0.0,0.31641874,2.057064,0.51333874
354,0.9492816,0.0,0.31610247,2.055008,0.51282567
355,0.9483327,0.0,0.31578654,2.052954,0.51231307
356,0.94738483,0.0,0.3154709,2.0509021,0.511801
357,0.9464379,0.0,0.3151556,2.0488522,0.5112895
358,0.9454919,0.0,0.31484058,2.0468044,0.5107784
359,0.9445469,0.0,0.3145259,2.0447586,0.5102679
360,0.9436028,0.0,0.31421152,2.0427148,0.5097579
361,0.9426597,0.0,0.31389746,2.040673,0.5092484
362,0.9417175,0.0,0.31358373,2.0386333,0.50873935
363,0.9407762,0.0,0.3132703,2.0365958,0.50823087
364,0.9398359,0.0,0.3129572,2.0345602,0.50772285
365,0.93889654,0.0,0.3126444,2.0325267,0.5072154
366,0.9379581,0.0,0.31233191,2.0304952,0.50670844
367,0.9370206,0.0,0.31201974,2.0284657,0.506202
368,0.93608403,0.0,0.31170785,2.0264382,0.505696
369,0.9351484,0.0,0.3113963,2.0244129,0.50519055
370,0.9342137,0.0,0.31108505,2.0223894,0.5046856
371,0.93327993,0.0,0.31077412,2.020368,0.50418115
372,0.9323471,0.0,0.3104635,2.0183487,0.5036772
373,0.9314152,0.0,0.3101532,2.0163314,0.50317377
374,0.93048424,0.0,0.30984318,2.014316,0.5026708
375,0.9295542,0.0,0.30953348,2.0123026,0.5021684
376,0.9286251,0.0,0.3092241,2.0102913,0.5016665
377,0.92769694,0.0,0.30891502,2.008282,0.5011651
378,0.9267697,0.0,0.30860627,2.0062747,0.5006642
379,0.92584336,0.0,0.3082978,2.0042694,0.50016373
380,0.924918,0.0,0.30798966,2.0022662,0.49966383
381,0.9239935,0.0,0.30768183,2.000265,0.4991644
382,0.92307,0.0,0.3073743,1.9982656,0.49866548
383,0.9221474,0.0,0.30706707,1.9962684,0.49816707
384,0.9212257,0.0,0.30676016,1.9942731,0.49766913
385,0.92030495,0.0,0.30645356,2.1014771,0.4971717
386,0.9193851,0.0,0.30614725,2.0993767,0.49667478
387,0.91846615,0.0,0.30584124,2.0972784,0.49617836
388,0.9175481,0.0,0.30553555,2.0951822,0.49568242
389,0.91663104,0.0,0.30523017,2.093088,0.49518698
390,0.91571486,0.0,0.30492508,2.0909958,0.49469203
391,0.9147996,0.0,0.3046203,2.0889058,0.49419758
392,0.91388524,0.0,0.30431584,2.086818,0.49370363
393,0.9129718,0.0,0.30401167,2.1925077,0.49321017
394,0.91205925,0.0,0.3037078,2.1903162,0.4927172
395,0.91114765,0.0,0.30340424,2.188127,0.49222472
396,0.91023695,0.0,0.30310097,2.18594,0.49173275
397,0.90932715,0.0,0.30279803,2.1837552,0.49124125
398,0.90841824,0.0,0.3024954,2.1815724,0.49075025
399,0.9075103,0.0,0.30219305,2.1793919,0.49025974
400,0.9066032,0.0,0.301891,2.1772134,0.48976973
401,0.90569705,0.0,0.30158925,2.1750374,0.4892802
402,0.9047918,0.0,0.3012878,2.1728635,0.48879117
403,0.90388745,0.0,0.30098665,2.1706917,0.48830262
404,0.902984,0.0,0.30068582,2.1685221,0.48781455
405,0.9020815,0.0,0.3003853,2.2727723,0.48732698
406,0.90117985,0.0,0.30008507,2.2705007,0.4868399
407,0.9002791,0.0,0.29978514,2.2682312,0.48635328
408,0.89937925,0.0,0.2994855,2.265964,0.48586717
409,0.8984803,0.0,0.29918617,2.2636993,0.48538154
410,0.89758223,0.0,0.29888713,2.2614367,0.4848964
411,0.89668506,0.0,0.2985884,2.2591763,0.48441175
412,0.8957888,0.0,0.29828995,2.2569182,0.48392758
413,0.89489347,0.0,0.2979918,2.2546623,0.4834439
414,0.89399904,0.0,0.29769397,2.3572907,0.48296067
415,0.8931055,0.0,0.29739642,2.3549347,0.48247793
416,0.89221287,0.0,0.29709917,2.352581,0.4819957
417,0.89132106,0.0,0.29680222,2.3502295,0.48151395
418,0.89043015,0.0,0.29650557,2.3478804,0.48103267
419,0.88954014,0.0,0.29620922,2.3455336,0.48055187
420,0.888651,0.0,0.29591316,2.3431892,0.48007154
421,0.8877628,0.0,0.2956174,2.3408473,0.4795917
422,0.88687545,0.0,0.29532194,2.3385077,0.47911233
423,0.885989,0.0,0.29502675,2.4394548,0.47863346
424,0.88510346,0.0,0.29473186,2.4370165,0.47815508
425,0.8842188,0.0,0.29443726,2.4345806,0.47767717
426,0.88333505,0.0,0.29414296,2.4321473,0.47719973
427,0.88245213,0.0,0.29384896,2.4297163,0.47672278
428,0.8815701,0.0,0.29355526,2.4272878,0.4762463
429,0.88068897,0.0,0.29326186,2.4248617,0.4757703
430,0.8798087,0.0,0.29296875,2.422438,0.47529477
431,0.8789293,0.0,0.2926759,2.4200168,0.47481972
432,0.8780508,0.0,0.29238337,2.417598,0.47434512
433,0.8771732,0.0,0.29209113,2.4151816,0.473871
434,0.87629646,0.0,0.2917992,2.4127676,0.47339734
435,0.8754206,0.0,0.29150754,2.410356,0.47292417
436,0.8745456,0.0,0.29121616,2.4079468,0.47245148
437,0.8736715,0.0,0.2909251,2.40554,0.47197926
438,0.8727982,0.0,0.2906343,2.4031355,0.47150752
439,0.87192583,0.0,0.29034382,2.4007335,0.47103626
440,0.87105435,0.0,0.2900536,2.398334,0.47056544
441,0.986887,0.0,0.2897637,2.395937,0.4700951
442,0.9859006,0.0,0.28947407,2.3935423,0.46962523
443,0.98491514,0.0,0.28918475,2.39115,0.46915585
444,0.9839307,0.0,0.2888957,2.38876,0.4686869
445,0.98294723,0.0,0.28860694,2.3863726,0.46821845
446,0.98196477,0.0,0.40502176,2.3839874,0.46775046
447,0.98098326,0.0,0.40461692,2.3816047,0.46728295
448,0.98000276,0.0,0.4042125,2.3792243,0.4668159
449,0.9790232,0.0,0.4038085,2.3768463,0.4663493
450,0.9780447,0.0,0.4034049,2.3744707,0.4658832
451,0.9770671,0.0,0.4030017,2.3720975,0.46541753
452,1.0927937,0.0,0.4025989,2.3697267,0.46495235
453,1.0917014,0.0,0.4021965,2.3673582,0.4644876
454,1.0906103,0.0,0.4017945,2.364992,0.46402335
455,1.0895202,0.0,0.4013929,2.362628,0.46355957
456,1.0884312,0.0,0.4009917,2.3602664,0.46309623
457,1.0873433,0.0,0.40059093,2.3579073,0.46263337
458,1.0862565,0.0,0.40019053,2.3555505,0.46217096
459,1.0851707,0.0,0.5164938,2.3531961,0.5784123
460,1.0840861,0.0,0.51597756,2.3508441,0.5778342
461,1.0830024,0.0,0.51546186,2.3484945,0.5772566
462,1.08192,0.0,0.51494664,2.3461473,0.57667965
463,1.0808387,0.0,0.51443195,2.3438022,0.57610327
464,1.0797584,0.0,0.51391774,2.3414595,0.5755274
465,1.0786792,0.0,0.5134041,2.3391192,0.5749522
466,1.0776011,0.0,0.51289093,2.3367813,0.57437754
467,1.076524,0.0,0.5123783,2.3344457,0.5738034
468,1.075448,0.0,0.51186615,2.3321123,0.5732299
469,1.0743731,0.0,0.51135457,2.3297813,0.572657
470,1.0732993,0.0,0.51084346,2.3274527,0.5720846
471,1.0722265,0.0,0.5103329,2.3251264,0.5715128
472,1.0711548,0.0,0.5098228,2.3228023,0.57094157
473,1.0700842,0.0,0.5093132,2.3204806,0.5703709
474,1.0690147,0.0,0.50880414,2.3181612,0.5698008
475,1.0679462,0.0,0.62499887,2.3158443,0.5692313
476,1.0668788,0.0,0.62437415,2.3135295,0.56866235
477,1.0658125,0.0,0.6237501,2.311217,0.56809396
478,1.0647472,0.0,0.6231266,2.308907,0.56752616
479,1.063683,0.0,0.6225038,2.3065991,0.6836622
480,1.0626199,0.0,0.6218816,2.3042936,0.68297887
481,1.0615578,0.0,0.62126005,2.3019905,0.6822962
482,1.0604967,0.0,0.6206391,2.2996895,0.6816143
483,1.0594367,0.0,0.6200188,2.297391,0.680933
484,1.0583777,0.0,0.73610234,2.2950947,0.6802524
485,1.0573199,0.0,0.7353666,2.2928007,0.67957246
486,1.0562631,0.0,0.7346316,2.290509,0.6788932
487,1.0552074,0.0,0.7338973,2.2882197,0.67821467
488,1.0541527,0.0,0.7331638,2.2859325,0.6775368
489,1.053099,0.0,0.732431,2.2836478,0.67685956
490,1.0520464,0.0,0.73169893,2.2813652,0.67618304
491,1.0509949,0.0,0.7309676,2.279085,0.6755072
492,1.0499444,0.0,0.73023695,2.276807,0.674832
493,1.048895,0.0,0.7295071,2.2745314,0.6741575
494,1.0478467,0.0,0.72877795,2.272258,0.67348367
495,1.0467993,0.0,0.7280495,2.2699869,0.6728105
496,1.045753,0.0,0.7273218,2.267718,0.67213804
497,1.0447078,0.0,0.72659487,2.2654514,0.67146623
498,1.0436636,0.0,0.72586864,2.2631872,0.6707951
499,1.0426204,0.0,0.72514313,2.260925,0.6701246
500,1.0415783,0.0,0.72441834,2.2586653,0.6694548
501,1.0405372,0.0,0.72369426,2.2564077,0.6687857
502,1.0394973,0.0,0.7229709,2.2541525,0.6681172
503,1.0384582,0.0,0.7222483,2.2518995,0.6674494
504,1.0374203,0.0,0.72152644,2.2496486,0.6667823
505,1.0363834,0.0,0.7208053,2.2474,0.6661159
506,1.0353475,0.0,0.72008485,2.2451537,0.6654501
507,1.0343126,0.0,0.7193651,2.2429097,0.66478497
508,1.0332788,0.0,0.7186461,2.2406678,0.6641205
509,1.032246,0.0,0.7179278,2.2384284,0.6634567
510,1.0312142,0.0,0.71721023,2.236191,0.6627935
511,1.0301836,0.0,0.71649337,2.2339559,0.6621311
512,1.0291538,0.0,0.7157772,2.231723,0.6614693
513,1.0281252,0.0,0.7150618,2.2294924,0.66080815
514,1.0270976,0.0,0.71434706,2.227264,0.66014767
515,1.026071,0.0,0.71363306,2.2250378,0.65948784
516,1.0250454,0.0,0.7129198,2.2228138,0.6588287
517,1.0240209,0.0,0.7122072,2.220592,0.65817016
518,1.0229974,0.0,0.71149534,2.2183726,0.6575123
519,1.0219749,0.0,0.7107842,2.2161553,0.6568551
520,1.0209534,0.0,0.71007377,2.2139401,0.65619856
521,1.019933,0.0,0.70936406,2.2117274,0.6555427
522,1.0189135,0.0,0.70865506,2.2095168,0.65488744
523,1.0178951,0.0,0.7079468,2.2073083,0.65423286
524,1.0168777,0.0,0.70723915,2.3108413,0.65357894
525,1.0158613,0.0,0.70653224,2.3085315,0.65292567
526,1.014846,0.0,0.70582604,2.306224,0.65227306
527,1.0138316,0.0,0.70512056,2.303919,0.6516211
528,1.0128183,0.0,0.7044158,2.3016162,0.7676731
529,1.011806,0.0,0.70371175,2.2993157,0.7669058
530,1.0107948,0.0,0.70300835,2.2970176,0.76613927
531,1.0097845,0.0,0.7023057,2.2947216,0.7653735
532,1.0087751,0.0,0.7016037,2.3965595,0.7646085
533,1.0077668,0.0,0.70090246,2.394164,0.76384425
534,1.0067595,0.0,0.7002019,2.391771,0.7630808
535,1.0057533,0.0,0.69950205,2.3893805,0.7623181
536,1.004748,0.0,0.6988029,2.3869922,0.76155615
537,1.0037438,0.0,0.69810444,2.3846064,0.76079494
538,1.0027405,0.0,0.69740665,2.382223,0.7600345
539,1.0017383,0.0,0.6967096,2.4822536,0.75927484
540,1.0007371,0.0,0.6960132,2.4797726,0.75851595
541,0.99973685,0.0,0.69531757,2.477294,0.7577578
542,0.9987376,0.0,0.6946226,2.474818,0.7570004
543,0.9977393,0.0,0.6939283,2.4723444,0.75624377
544,0.99674207,0.0,0.69323474,2.4698732,0.7554879
545,0.99574584,0.0,0.69254184,2.4674046,0.7547328
546,0.99475056,0.0,0.69184965,2.4649384,0.75397843
547,0.9937563,0.0,0.6911581,2.4624746,0.75322485
548,0.99276304,0.0,0.6904673,2.4600134,0.752472
549,0.99177074,0.0,0.6897772,2.4575546,0.7517199
550,0.99077946,0.0,0.68908775,2.4550982,0.7509685
551,0.9897892,0.0,0.688399,2.4526443,0.7502179
552,0.98879987,0.0,0.68771094,2.450193,0.7494681
553,0.98781157,0.0,0.6870236,2.447744,0.748719
554,0.9868242,0.0,0.6863369,2.4452972,0.74797064
555,0.9858379,0.0,0.6856509,2.4428532,0.747223
556,1.1015546,0.0,0.68496555,2.4404116,0.7464762
557,1.1004536,0.0,0.68428093,2.4379723,0.74573004
558,1.0993537,0.0,0.68359697,2.4355354,0.7449847
559,1.0982548,0.0,0.6829137,2.4331012,0.74424005
560,1.0971571,0.0,0.6822311,2.4306693,0.7434962
561,1.0960605,0.0,0.68154925,2.4282398,0.742753
562,1.094965,0.0,0.680868,2.4258127,0.74201065
563,1.2104667,0.0,0.6801875,2.423388,0.741269
564,1.2092569,0.0,0.6795077,2.420966,0.7405281
565,1.2080482,0.0,0.6788285,2.4185462,0.73978794
566,1.2068408,0.0,0.67815,2.4161289,0.7390485
567,1.2056345,0.0,0.6774722,2.413714,0.7383098
568,1.2044294,0.0,0.676795,2.4113014,0.73757184
569,1.3195434,0.0,0.67611855,2.4088912,0.73683465
570,1.3182244,0.0,0.67544276,2.4064834,0.7360982
571,1.3169068,0.0,0.6747677,2.404078,0.7353624
572,1.3155905,0.0,0.67409325,2.4016752,0.7346274
573,1.3142755,0.0,0.6734195,2.3992748,0.73389316
574,1.3129618,0.0,0.67274636,2.3968768,0.7331596
575,1.3116494,0.0,0.67207396,2.3944812,0.7324268
576,1.4262164,0.0,0.6714022,2.392088,0.73169476
577,1.4247909,0.0,0.6707311,2.389697,0.7309634
578,1.4233668,0.0,0.67006075,2.3873086,0.7302328
579,1.4219441,0.0,0.66939104,2.3849225,0.7295029
580,1.4205229,0.0,0.668722,2.3825388,0.7287738
581,1.4191031,0.0,0.66805357,2.3801575,0.72804534
582,1.4176848,0.0,0.6673858,2.3777785,0.72731763
583,1.4162678,0.0,0.6667188,2.375402,0.7265907
584,1.4148521,0.0,0.6660524,2.3730278,0.72586447
585,1.413438,0.0,0.6653867,2.370656,0.72513896
586,1.4120252,0.0,0.6647216,2.3682866,0.72441417
587,1.4106139,0.0,0.78076047,2.3659196,0.7236901
588,1.5245291,0.0,0.77998006,2.3635547,0.72296673
589,1.5230054,0.0,0.7792005,2.3611922,0.72224414
590,1.5214831,0.0,0.7784217,2.3588321,0.7215223
591,1.5199623,0.0,0.7776437,2.3564744,0.7208011
592,1.5184431,0.0,0.77686644,2.354119,0.7200807
593,1.5169255,0.0,0.77608997,2.351766,0.71936095
594,1.5154092,0.0,0.7753143,2.3494155,0.8353452
595,1.5138946,0.0,0.77453935,2.3470674,0.83451027
596,1.5123814,0.0,0.7737652,2.3447216,0.83367616
597,1.5108697,0.0,0.77299184,2.342378,0.8328429
598,1.5093596,0.0,0.8889225,2.3400366,0.83201045
599,1.507851,0.0,0.88803405,2.3376977,0.83117884
600,1.5063438,0.0,0.8871465,2.3353612,0.8303481
601,1.5048382,0.0,0.88625973,2.3330271,0.82951814
602,1.5033342,0.0,0.8853739,2.3306952,0.82868904
603,1.5018315,0.0,0.88448894,2.3283656,0.8278608
604,1.5003304,0.0,0.8836049,2.3260384,0.82703334
605,1.4988308,0.0,0.8827217,2.3237135,0.8262067
606,1.4973327,0.0,0.88183945,2.3213909,0.82538086
607,1.4958361,0.0,0.880958,2.3190706,0.8245559
608,1.494341,0.0,0.99678075,2.3167527,0.8237317
609,1.4928474,0.0,0.99578446,2.3144372,0.8229084
610,1.4913553,0.0,0.9947892,2.3121238,0.8220859
611,1.4898647,0.0,0.99379486,2.3098128,0.8212642
612,1.4883755,0.0,0.99280155,2.3075042,0.82044333
613,1.4868879,0.0,0.99180925,2.3051977,0.8196233
614,1.4854017,0.0,0.9908179,2.3028936,0.8188041
615,1.4839171,0.0,0.9898276,2.300592,0.81798565
616,1.4824339,0.0,0.98883826,2.2982924,0.81716806
617,1.4809523,0.0,0.9878499,2.2959952,0.8163513
618,1.479472,0.0,0.98686254,2.2937005,0.81553537
619,1.4779932,0.0,0.98587614,2.2914078,0.8147202
620,1.476516,0.0,0.98489076,2.2891176,0.8139059
621,1.4750402,0.0,0.9839063,2.2868295,0.8130924
622,1.4735659,0.0,0.9829229,2.2845438,0.8122797
623,1.4720931,0.0,0.98194045,2.2822604,0.8114678
624,1.4706217,0.0,0.980959,2.2799792,0.8106567
625,1.4691519,0.0,0.9799785,2.2777004,0.80984646
626,1.4676834,0.0,0.978999,2.2754238,0.809037
627,1.4662164,0.0,0.9780205,2.2731495,0.8082284
628,1.464751,0.0,0.977043,2.2708774,0.80742055
629,1.463287,0.0,0.9760664,2.2686076,0.8066135
630,1.4618244,0.0,0.9750908,2.26634,0.8058073
631,1.4603633,0.0,0.9741162,2.2640748,0.80500185
632,1.4589037,0.0,0.97314256,2.2618117,0.80419725
633,1.4574455,0.0,0.9721699,2.259551,0.8033934
634,1.4559888,0.0,0.9711982,2.2572925,0.8025904
635,1.4545335,0.0,0.9702275,2.2550364,0.8017882
636,1.4530796,0.0,0.9692577,2.2527823,0.8009868
637,1.4516273,0.0,0.96828896,2.2505307,0.8001862
638,1.4501764,0.0,0.96732116,2.2482812,0.79938644
639,1.4487269,0.0,0.9663543,2.2460341,0.79858744
640,1.4472789,0.0,0.9653884,2.2437892,0.7977892
641,1.4458323,0.0,0.9644235,2.2415464,0.7969918
642,1.4443871,0.0,0.96345955,2.239306,0.7961952
643,1.4429435,0.0,0.9624966,2.2370677,0.7953994
644,1.4415013,0.0,0.96153456,2.2348318,0.7946044
645,1.4400605,0.0,0.9605735,2.232598,0.7938102
646,1.4386212,0.0,0.9596134,2.2303665,0.7930168
647,1.4371833,0.0,0.9586542,2.2281373,0.79222417
648,1.4357468,0.0,0.957696,2.2259102,0.7914323
649,1.4343117,0.0,0.95673877,2.3290915,0.79064125
650,1.4328781,0.0,0.9557825,2.3267636,0.789851
651,1.431446,0.0,0.95482713,2.324438,0.78906155
652,1.4300152,0.0,0.9538728,2.3221147,0.78827286
653,1.4285859,0.0,0.9529194,2.3197937,0.78748494
654,1.427158,0.0,0.95196694,2.317475,0.78669786
655,1.4257315,0.0,0.9510154,2.3151588,0.78591156
656,1.4243065,0.0,0.95006484,2.3128448,0.78512603
657,1.4228829,0.0,0.9491152,2.310533,0.7843413
658,1.4214607,0.0,0.94816655,2.4120526,0.7835573
659,1.42004,0.0,0.94721884,2.4096417,0.78277415
660,1.4186207,0.0,0.9462721,2.4072332,0.7819918
661,1.4172028,0.0,0.94532627,2.404827,0.7812102
662,1.4157863,0.0,0.9443814,2.4024234,0.78042936
663,1.4143711,0.0,0.9434375,2.400022,0.7796493
664,1.4129574,0.0,0.9424945,2.3976233,0.77887005
665,1.4115452,0.0,0.94155246,2.395227,0.77809155
666,1.4101343,0.0,0.94061136,2.392833,0.7773138
667,1.4087249,0.0,0.9396712,2.3904414,0.7765369
668,1.4073169,0.0,0.938732,2.3880522,0.7757607
669,1.4059103,0.0,0.93779373,2.3856654,0.7749853
670,1.404505,0.0,0.9368564,2.383281,0.7742107
671,1.4031012,0.0,0.93592,2.380899,0.77343684
672,1.4016988,0.0,0.93498456,2.3785193,0.7726638
673,1.4002978,0.0,0.93405,2.376142,0.7718915
674,1.3988981,0.0,0.93311644,2.3737671,0.77111995
675,1.3974999,0.0,0.9321838,2.3713946,0.7703492
676,1.3961031,0.0,0.93125206,2.3690245,0.76957923
677,1.3947077,0.0,0.9303213,2.3666565,0.76881003
678,1.3933136,0.0,0.9293914,2.364291,0.7680416
679,1.391921,0.0,0.92846245,2.3619277,0.76727396
680,1.5059701,0.0,0.92753446,2.359567,0.7665071
681,1.5044649,0.0,0.9266074,2.3572085,0.8824442
682,1.5029612,0.0,0.92568123,2.3548524,0.8815622
683,1.5014589,0.116703264,0.924756,2.3524988,0.88068104
684,1.4999582,0.11658662,0.9238317,2.3501475,0.8798008
685,1.498459,0.11647009,0.9229083,2.3477986,0.87892145
686,1.4969612,0.116353676,1.0386891,2.3454518,0.87804294
687,1.495465,0.11623738,1.037651,2.3431075,0.8771653
688,1.4939703,0.1161212,1.0366138,2.3407655,0.8762886
689,1.6072271,0.11600514,1.0355778,2.3384259,0.87541276
690,1.6056206,0.11588919,1.0345427,2.3360887,0.87453777
691,1.6040158,0.11577336,1.0335087,2.3337538,0.87366366
692,1.6024126,0.2323609,1.0324757,2.3314211,0.87279046
693,1.600811,0.23212865,1.0314437,2.3290908,0.8719181
694,1.599211,0.23189664,1.0304128,2.326763,0.8710466
695,1.5976125,0.23166485,1.029383,2.3244374,0.87017596
696,1.5960157,0.2314333,1.028354,2.322114,0.8693062
697,1.5944204,0.23120198,1.0273262,2.319793,0.86843735
698,1.5928268,0.23097089,1.0262994,2.3174744,0.8675693
699,1.5912348,0.23074003,1.0252736,2.3151581,0.8667022
700,1.5896443,0.2305094,1.0242488,2.312844,0.8658359
701,1.5880555,0.230279,1.0232251,2.3105323,0.8649705
702,1.5864682,0.23004884,1.0222024,2.308223,0.86410594
703,1.5848825,0.2298189,1.0211806,2.3059158,0.86324227
704,1.5832984,0.2295892,1.02016,2.303611,0.86237943
705,1.581716,0.22935972,1.0191402,2.3013086,0.8615175
706,1.580135,0.22913046,1.0181216,2.2990084,0.8606564
707,1.6926062,0.22890145,1.017104,2.2967105,0.85979617
708,1.6909144,0.22867265,1.0160874,2.294415,0.8589368
709,1.6892244,0.2284441,1.0150719,2.2921216,0.85807824
710,1.687536,0.22821577,1.0140573,2.2898307,0.8572206
711,1.6858493,0.22798766,1.0130438,2.2875419,0.8563638
712,1.6841643,0.22775978,1.0120312,2.2852554,0.85550785
713,1.6824809,0.22753213,1.0110197,2.2829714,0.85465276
714,1.6807992,0.22730471,1.0100092,2.2806895,0.8537985
715,1.6791192,0.22707751,1.0089997,2.27841,0.85294515
716,1.6774409,0.22685055,1.0079912,2.2761326,0.8520926
717,1.6757642,0.22662382,1.0069836,2.2738576,0.85124093
718,1.6740893,0.2263973,1.0059772,2.2715847,0.85039014
719,1.6724161,0.22617102,1.0049716,2.2693143,0.8495402
720,1.6707445,0.22594495,1.0039672,2.267046,0.84869105
721,1.6690747,0.22571912,1.0029637,2.26478,0.84784275
722,1.6674064,0.22549352,1.0019612,2.2625163,0.84699535
723,1.6657399,0.22526814,1.0009598,2.2602549,0.8461488
724,1.664075,0.22504298,0.9999593,2.2579956,0.84530306
725,1.6624118,0.22481805,0.99895984,2.2557387,0.84445816
726,1.6607503,0.22459334,0.99796134,2.253484,0.8436141
727,1.6590903,0.22436886,0.99696386,2.2512317,0.8427709
728,1.657432,0.2241446,0.9959674,2.2489815,0.84192854
729,1.6557753,0.22392055,0.99497193,2.2467337,0.84108704
730,1.6541203,0.22369674,0.9939774,2.244488,0.8402464
731,1.652467,0.22347315,0.99298394,2.2422447,0.83940655
732,1.6508154,0.33995304,0.99199146,2.2400036,0.83856755
733,1.6491654,0.33961326,0.99099994,2.2377646,0.8377294
734,1.6475171,0.3392738,0.9900094,2.235528,0.83689207
735,1.6458703,0.3389347,0.98901993,2.2332935,0.8360556
736,1.6442252,0.33859593,0.9880314,2.2310612,0.8352199
737,1.6425818,0.3382575,1.1037455,2.2288313,0.8343851
738,1.6409401,0.3379194,1.1026423,2.2266035,0.8335511
739,1.6393,0.33758166,1.1015402,2.224378,0.83271796
740,1.6376615,0.4539475,1.1004392,2.2221549,0.83188564
741,1.6360246,0.4534938,1.0993392,2.2199337,0.83105415
742,1.6343894,0.45304054,1.0982405,2.2177148,0.8302235
743,1.6327558,0.45258772,1.0971428,2.2154982,0.8293937
744,1.6311238,0.45213535,1.0960462,2.2132838,0.8285647
745,1.6294935,0.45168343,1.0949507,2.2110715,0.82773656
746,1.6278648,0.45123196,1.0938562,2.2088616,0.82690924
747,1.6262378,0.45078096,1.092763,2.2066538,0.82608277
748,1.6246123,0.4503304,1.0916708,2.2044482,0.82525706
749,1.6229885,0.5665836,1.2071816,2.2022448,0.8244322
750,1.6213663,0.56601727,1.2059749,2.2000437,0.82360816
751,1.6197457,0.5654515,1.2047696,2.1978447,0.82278496
752,1.6181267,0.56488633,1.2035655,2.195648,0.8219626
753,1.6165094,0.5643217,1.2023625,2.1934533,0.82114106
754,1.6148937,0.56375766,1.2011608,2.1912608,0.8203203
755,1.6132796,0.56319416,1.1999602,2.1890707,0.8195004
756,1.611667,0.56263125,1.1987609,2.1868827,0.8186813
757,1.6100562,0.5620689,1.1975627,2.184697,0.81786305
758,1.6084468,0.5615071,1.1963657,2.1825132,0.81704557
759,1.6068392,0.56094587,1.1951699,2.1803317,0.8162289
760,1.6052331,0.56038517,1.1939753,2.1781526,0.8154131
761,1.6036286,0.55982506,1.1927819,2.1759756,0.8145981
762,1.6020257,0.5592655,1.1915897,2.1738007,0.8137839
763,1.6004245,0.5587065,1.1903987,2.171628,0.8129705
764,1.5988249,0.5581481,1.1892089,2.1694574,0.8121579
765,1.5972269,0.5575902,1.1880202,2.167289,0.8113462
766,1.5956304,0.5570329,1.1868328,2.1651227,0.81053525
767,1.5940355,0.5564761,1.1856465,2.1629586,0.8097251
768,1.5924423,0.5559199,1.1844615,2.1607966,0.8089158
769,1.5908506,0.55536425,1.1832776,2.1586368,0.80810726
770,1.5892606,0.55480915,1.1820949,2.263066,0.80729955
771,1.5876721,0.5542546,1.1809134,2.2608042,0.8064926
772,1.5860852,0.5537006,1.1797332,2.2585444,0.80568653
773,1.5844998,0.5531472,1.178554,2.256287,0.8048812
774,1.5829161,0.5525943,1.177376,2.254032,0.80407673
775,1.581334,0.552042,1.1761992,2.251779,0.803273
776,1.5797534,0.55149025,1.1750236,2.2495284,0.80247015
777,1.5781745,0.550939,1.1738491,2.3522563,0.80166805
778,1.5765971,0.55038834,1.1726758,2.3499053,0.8008668
779,1.5750213,0.54983824,1.1715038,2.3475566,0.8000663
780,1.573447,0.5492887,1.1703329,2.34521,0.79926664
781,1.5718743,0.5487397,1.1691631,2.342866,0.79846776
782,1.5703032,0.5481912,1.1679945,2.3405242,0.79766965
783,1.5687337,0.54764324,1.1668271,2.3381848,0.7968724
784,1.5671657,0.5470959,1.1656609,2.439139,0.7960759
785,1.5655993,0.5465491,1.1644958,2.436701,0.7952802
786,1.5640345,0.5460028,1.1633319,2.4342656,0.79448533
787,1.5624712,0.54545707,1.1621691,2.4318326,0.7936912
788,1.5609094,0.54491186,1.1610075,2.4294019,0.79289794
789,1.5593493,0.5443672,1.1598471,2.4269736,0.79210544
790,1.5577908,0.5438231,1.1586878,2.424548,0.7913137
791,1.5562338,0.5432796,1.1575297,2.4221246,0.79052275
792,1.5546783,0.5427366,1.1563728,2.4197037,0.78973264
793,1.5531244,0.5421941,1.1552169,2.5189266,0.7889433
794,1.5515721,0.5416522,1.1540623,2.516409,0.7881547
795,1.5500213,0.5411108,1.1529088,2.5138938,0.7873669
796,1.548472,0.54056996,1.1517564,2.5113811,0.78657997
797,1.6612444,0.54002964,1.1506052,2.508871,0.7857938
798,1.6595839,0.53948987,1.1494552,2.5063634,0.7850084
799,1.6579251,0.5389506,1.1483063,2.5038583,0.78422374
800,1.656268,0.5384119,1.1471585,2.5013556,0.7834399
801,1.6546125,0.53787374,1.146012,2.4988556,0.7826568
802,1.6529588,0.5373361,1.1448665,2.496358,0.78187454
803,1.6513066,0.536799,1.1437222,2.4938629,0.78109306
804,1.6496562,0.53626245,1.142579,2.4913702,0.78031236
805,1.6480073,0.5357264,1.1414369,2.4888802,0.77953243
806,1.7597843,0.53519094,1.1402961,2.4863925,0.7787533
807,1.7580254,0.534656,1.1391563,2.4839072,0.7779749
808,1.7562683,0.5341216,1.1380178,2.4814246,0.7771973
809,1.7545129,0.5335877,1.1368803,2.4789443,0.7764205
810,1.7527592,0.53305435,1.135744,2.4764667,0.7756444
811,1.7510073,0.53252155,1.1346087,2.4739914,0.77486914
812,1.7492572,0.5319893,1.1334747,2.4715185,0.77409464
813,1.7475088,0.53145754,1.1323417,2.4690483,0.8900242
814,1.8581485,0.53092635,1.13121,2.4665804,0.8891346
815,1.8562912,0.5303957,1.1300793,2.464115,0.8882459
816,1.8544358,0.52986556,1.1289498,2.461652,0.88735807
817,1.8525822,0.64603925,1.1278213,2.4591916,0.88647115
818,1.8507305,0.64539355,1.1266941,2.4567335,0.8855851
819,1.8488808,0.64474845,1.1255679,2.454278,0.8847
820,1.9582151,0.644104,1.1244429,2.451825,0.8838157
821,1.9562578,0.6434602,1.123319,2.4493742,0.8829323
822,1.9543025,0.6428171,1.1221963,2.446926,0.8820498
823,1.9523492,0.6421746,1.1210747,2.4444804,0.8811682
824,1.9503978,0.6415327,1.2364995,2.442037,0.88028747
825,1.9484484,0.6408915,1.2352637,2.4395962,0.8794076
826,1.9465009,0.6402509,1.234029,2.4371579,0.8785286
827,1.9445554,0.7563143,1.2327956,2.434722,0.8776505
828,1.9426118,0.7555583,1.2315634,2.4322884,0.8767733
829,1.9406701,0.7548031,1.2303325,2.4298573,0.87589693
830,1.9387304,0.7540487,1.2291027,2.4274285,0.87502146
831,1.9367926,0.753295,1.2278743,2.4250023,0.8741469
832,1.9348568,0.7525421,1.226647,2.4225786,0.87327313
833,1.9329228,0.7517899,1.225421,2.4201572,0.8724003
834,1.9309908,0.7510385,1.2241961,2.4177382,0.8715283
835,1.9290608,0.75028783,1.2229725,2.4153216,0.8706572
836,1.9271327,0.7495379,1.2217501,2.4129074,0.869787
837,1.9252065,0.7487887,1.220529,2.4104955,0.86891764
838,1.9232823,0.7480403,1.219309,2.4080863,0.86804914
839,1.9213599,0.74729264,1.2180903,2.4056795,0.86718154
840,1.9194394,0.74654573,1.2168728,2.403275,0.86631477
841,1.9175209,0.74579954,1.2156565,2.400873,0.8654489
842,1.9156044,0.7450541,1.2144414,2.3984733,0.86458385
843,1.9136897,0.7443094,1.2132276,2.396076,0.8637197
844,1.911777,0.7435655,1.212015,2.393681,0.8628564
845,1.9098662,0.7428223,1.2108036,2.3912885,0.86199397
846,1.9079573,0.74207985,1.2095934,2.3888984,0.8611324
847,1.9060503,0.74133813,1.2083844,2.3865106,0.8602717
848,1.9041452,0.7405972,1.2071766,2.3841252,0.85941184
849,1.9022421,0.73985696,1.2059699,2.3817422,0.8585529
850,1.9003408,0.73911744,1.2047646,2.3793616,0.85769475
851,1.8984414,0.7383787,1.2035605,2.3769834,0.85683745
852,1.896544,0.7376407,1.2023575,2.3746076,0.85598105
853,1.8946483,0.7369034,1.2011558,2.372234,0.8551255
854,1.8927546,0.7361669,1.1999552,2.369863,0.85427076
855,1.8908627,0.7354311,1.1987559,2.3674943,0.8534169
856,1.8889728,0.73469603,1.1975577,2.365128,0.8525639
857,1.8870847,0.7339617,1.1963607,2.3627641,0.85171175
858,1.8851986,0.7332281,1.1951649,2.3604026,0.8508605
859,1.8833144,0.7324952,1.1939703,2.3580434,0.85001004
860,1.8814319,0.73176306,1.1927769,2.3556864,0.84916043
861,1.8795514,0.73103166,1.1915847,2.3533318,0.84831166
862,1.8776728,0.73030096,1.1903937,2.3509796,0.8474638
863,1.8757961,0.72957104,1.1892039,2.3486297,0.84661674
864,1.8739212,0.72884184,1.1880152,2.3462822,0.84577054
865,1.8720481,0.72811335,1.1868278,2.3439372,0.84492517
866,1.870177,0.7273856,1.1856415,2.3415945,0.8440806
867,1.8683078,0.7266585,1.1844565,2.339254,0.843237
868,1.8664404,0.72593224,1.1832726,2.3369157,0.8423942
869,1.8645749,0.7252067,1.1820899,2.33458,0.8415522
870,1.8627112,0.7244818,1.1809084,2.3322465,0.84071106
871,1.8608494,0.7237577,1.1797282,2.3299155,0.83987075
872,1.8589895,0.72303426,1.178549,2.3275867,0.8390313
873,1.8571314,0.72231156,1.177371,2.3252602,0.83819264
874,1.8552752,0.7215896,1.1761942,2.322936,0.83735484
875,1.8534207,0.7208684,1.1750185,2.3206143,0.8365179
876,1.8515682,0.7201479,1.1738441,2.3182948,0.83568174
877,1.8497176,0.7194281,1.1726708,2.3159776,0.83484644
878,1.8478688,0.71870905,1.1714988,2.3136628,0.834012
879,1.8460219,0.7179907,1.1703279,2.3113503,0.83317834
880,1.8441768,0.71727306,1.1691581,2.30904,0.83234555
881,1.8423334,0.71655613,1.1679895,2.3067322,0.8315136
882,1.840492,0.7158399,1.1668221,2.3044267,0.83068246
883,1.8386524,0.7151244,1.1656559,2.3021233,0.82985216
884,1.8368146,0.8311129,1.1644908,2.2998223,0.8290227
885,1.8349787,0.8302822,1.1633269,2.2975237,0.8281941
886,1.8331447,0.82945234,1.1621641,2.2952273,0.8273663
887,1.8313124,0.8286233,1.1610025,2.2929332,0.82653934
888,1.829482,0.8277951,1.1598421,2.2906413,0.8257132
889,1.8276534,0.8269677,1.1586828,2.2883518,0.82488793
890,1.8258266,0.8261412,1.1575247,2.2860646,0.8240634
891,1.8240017,0.8253154,1.1563678,2.2837796,0.82323974
892,1.8221786,0.8244905,1.1552119,2.281497,0.8224169
893,1.8203573,0.8236664,1.1540573,2.2792165,0.8215949
894,1.8185378,0.82284313,1.1529038,2.2769384,0.8207737
895,1.8167201,0.8220207,1.1517514,2.2746627,0.8199533
896,1.8149043,0.8211991,1.1506002,2.2723892,0.81913376
897,1.8130903,0.8203783,1.1494502,2.270118,0.818315
898,1.8112781,0.8195583,1.1483012,2.267849,0.81749713
899,1.8094677,0.8187392,1.1471535,2.2655823,0.81668
900,1.8076591,0.81792086,1.146007,2.2633178,0.8158637
901,1.8058524,0.8171033,1.1448615,2.2610557,0.8150483
902,1.8040475,0.8162866,1.1437172,2.2587957,0.8142336
903,1.8022443,0.81547076,1.1425741,2.2565382,0.81341976
904,1.8004429,0.81465566,1.141432,2.2542827,0.81260675
905,1.7986434,0.8138414,1.1402912,2.2520294,0.8117945
906,1.7968456,0.813028,1.1391515,2.2497785,0.8109831
907,1.7950495,0.8122153,1.1380129,2.2475297,0.81017256
908,1.7932553,0.8114035,1.1368754,2.2452834,0.80936277
909,1.7914629,0.81059253,1.1357391,2.2430391,0.8085538
910,1.7896723,0.8097823,1.1346039,2.2407973,0.80774564
911,1.7878834,0.80897295,1.1334698,2.2385576,0.8069383
912,1.7860963,0.80816436,1.1323369,2.23632,0.8061317
913,1.784311,0.8073566,1.1312051,2.2340848,0.805326
914,1.7825276,0.8065496,1.1300744,2.2318518,0.804521
915,1.7807459,0.80574346,1.1289449,2.2296212,0.8037169
916,1.778966,0.8049381,1.1278164,2.2273927,0.80291355
917,1.7771878,0.80413353,1.1266892,2.2251663,0.802111
918,1.7754115,0.80332977,1.125563,2.2229424,0.8013093
919,1.7736369,0.80252683,1.124438,2.2207205,0.8005084
920,1.7718642,0.8017247,1.1233141,2.2185009,0.79970825
921,1.7700932,0.80092335,1.1221914,2.2162833,0.79890895
922,1.768324,0.8001228,1.1210698,2.2140682,0.7981104
923,1.7665565,0.7993231,1.1199492,2.2118552,0.7973127
924,1.7647908,0.79852414,1.1188298,2.2096443,0.79651576
925,1.7630268,0.79772604,1.1177115,2.2074358,0.7957196
926,1.7612647,0.7969287,1.1165944,2.2052295,0.7949243
927,1.7595043,0.79613215,1.1154784,2.2030253,0.7941298
928,1.7577456,0.7953364,1.1143634,2.2008233,0.79333603
929,1.7559887,0.7945415,1.1132497,2.1986237,0.7925431
930,1.7542336,0.7937473,1.112137,2.1964262,0.79175097
931,1.7524803,0.79295397,1.1110253,2.1942308,0.7909596
932,1.7507286,0.7921614,1.1099149,2.1920376,0.790169
933,1.7489787,0.7913696,1.1088055,2.1898465,0.78937924
934,1.7472306,0.79057866,1.1076972,2.1876578,0.78859025
935,1.7454842,0.7897885,1.1065902,2.1854713,0.78780204
936,1.7437396,0.7889991,1.1054841,2.183287,0.7870146
937,1.7419968,0.78821045,1.1043792,2.1811047,0.786228
938,1.7402556,0.7874226,1.1032753,2.1789246,0.7854422
939,1.7385162,0.7866356,1.1021726,2.1767466,0.7846571
940,1.7367785,0.78584933,1.101071,2.174571,0.78387284
941,1.7350426,0.78506386,1.0999705,2.1723976,0.78308934
942,1.7333084,0.78427917,1.2154583,2.1702263,0.7823066
943,1.731576,0.78349525,1.2142434,2.1680572,0.7815247
944,1.7298453,0.78271216,1.2130297,2.1658902,0.7807436
945,1.7281163,0.78192985,1.2118173,2.1637254,0.77996325
946,1.726389,0.7811483,1.2106061,2.1615627,0.7791837
947,1.7246635,0.78036755,1.2093961,2.1594021,0.7784049
948,1.7229397,0.77958757,1.2081873,2.1572437,0.7776269
949,1.7212176,0.77880836,1.2069798,2.1550875,0.7768496
950,1.7194972,0.7780299,1.2057734,2.1529334,0.77607316
951,1.7177786,0.77725226,1.2045681,2.1507814,0.77529746
952,1.7160616,0.77647537,1.2033641,2.1486316,0.77452254
953,1.7143464,0.77569926,1.2021613,2.146484,0.7737484
954,1.7126329,0.7749239,1.2009597,2.1443384,0.772975
955,1.710921,0.77414936,1.1997594,2.142195,0.77220243
956,1.709211,0.7733756,1.1985602,2.1400537,0.7714306
957,1.7075026,0.77260256,1.1973623,2.1379147,0.77065957
958,1.7057959,0.7718303,1.1961656,2.1357777,0.7698893
959,1.704091,0.77105886,1.19497,2.133643,0.7691198
960,1.7023877,0.77028817,1.1937757,2.1315103,0.7683511
961,1.7006861,0.76951826,1.1925825,2.1293797,0.76758313
962,1.6989863,0.7687491,1.1913905,2.1272514,0.7668159
963,1.6972882,0.76798075,1.1901997,2.1251252,0.76604944
964,1.6955917,0.76721317,1.1890101,2.123001,0.76528376
965,1.6938969,0.76644635,1.1878217,2.1208792,0.76451886
966,1.6922039,0.76568025,1.1866345,2.1187594,0.7637547
967,1.6905125,0.76491493,1.1854485,2.1166418,0.76299137
968,1.6888229,0.7641504,1.1842637,2.1145263,0.7622287
969,1.6871349,0.7633866,1.1830801,2.1124127,0.76146686
970,1.7984817,0.7626236,1.1818975,2.1103013,0.76070577
971,1.7966841,0.7618614,1.1807162,2.108192,0.75994545
972,1.7948884,0.7610999,1.179536,2.1060848,0.75918585
973,1.7930944,0.76033914,1.178357,2.1039798,0.758427
974,1.7913022,0.7595792,1.1771792,2.101877,0.757669
975,1.7895118,0.75882,1.1760026,2.099776,0.7569117
976,1.7877232,0.7580615,1.1748272,2.0976772,0.75615513
977,1.7859364,0.75730383,1.173653,2.0955806,0.75539935
978,1.8960987,0.7565469,1.17248,2.093486,0.75464433
979,1.8942035,0.7557907,1.171308,2.0913937,0.75389004
980,1.8923103,0.7550353,1.1701373,2.0893033,0.7531365
981,1.8904189,0.7542806,1.1689677,2.1949503,0.75238377
982,1.8885294,0.7535267,1.1677994,2.1927564,0.75163174
983,1.8866419,0.7527735,1.1666322,2.1905646,0.7508805
984,1.8847561,0.75202113,1.1654661,2.1883752,0.75012994
985,1.8828722,0.75126946,1.1643012,2.186188,0.7493802
986,1.8809903,0.75051856,1.1631374,2.1840029,0.7486312
987,1.8791102,0.74976844,1.1619749,2.18182,0.7478829
988,1.8772321,0.749019,1.1608135,2.179639,0.7471354
989,1.8753557,0.7482704,1.1596532,2.1774604,0.7463886
990,1.8734813,0.7475225,1.1584941,2.2815473,0.7456426
991,1.8716087,0.7467753,1.1573362,2.2792668,0.7448973
992,1.869738,0.7460289,1.1561794,2.2769887,0.7441528
993,1.8678691,0.74528325,1.1550238,2.2747128,0.743409
994,1.8660022,0.7445383,1.1538694,2.2724392,0.74266595
995,1.8641372,0.74379414,1.152716,2.2701678,0.74192363
996,1.8622739,0.7430507,1.1515639,2.2678988,0.7411821
997,1.8604126,0.742308,1.1504129,2.265632,0.74044126
998,1.858553,0.74156606,1.149263,2.2633674,0.7397012
999,1.8566954,0.7408249,1.1481143,2.365826,0.7389619
1000,1.8548397,0.7400844,1.1469668,2.3634613,0.73822325
1001,1.8529857,0.7393447,1.1458204,2.361099,0.7374854
1002,1.8511337,0.73860574,1.1446751,2.3587391,0.7367483
1003,1.8492835,0.7378675,1.143531,2.3563817,0.73601186
1004,1.8474351,0.73713,1.142388,2.3540263,0.7352762
1005,1.8455886,0.7363932,1.1412462,2.3516734,0.7345413
1006,1.8437439,0.73565716,1.1401055,2.3493228,0.7338071
1007,1.8419011,0.7349219,1.138966,2.3469746,0.73307365
1008,1.8400601,0.7341873,1.1378275,2.3446288,0.73234093
1009,1.838221,0.73345345,1.1366903,2.3422854,0.7316089
1010,1.8363836,0.7327204,1.1355541,2.3399444,0.7308777
1011,1.8345481,0.731988,1.1344191,2.3376055,0.7301472
1012,1.8327144,0.73125637,1.1332852,2.335269,0.7294174
1013,1.8308827,0.7305255,1.1321524,2.3329349,0.7286883
1014,1.8290527,0.72979534,1.1310208,2.3306031,0.72796
1015,1.8272245,0.7290659,1.1298903,2.3282738,0.7272324
1016,1.8253982,0.72833717,1.1287609,2.3259466,0.7265055
1017,1.8235737,0.7276092,1.1276327,2.3236217,0.72577935
1018,1.821751,0.726882,1.1265056,2.3212993,0.7250539
1019,1.8199302,0.72615546,1.1253797,2.3189793,0.72432923
1020,1.8181112,0.72542965,1.1242548,2.3166614,0.7236053
1021,1.816294,0.72470456,1.1231312,2.3143458,0.72288203
1022,1.8144785,0.7239802,1.1220086,2.3120327,0.7221595
1023,1.812665,0.7232566,1.1208872,2.3097217,0.7214377
1024,1.8108532,0.7225337,1.1197668,2.307413,0.7207166
1025,1.8090433,0.72181153,1.1186476,2.3051069,0.7199962
1026,1.8072351,0.7210901,1.1175295,2.3028028,0.71927655
1027,1.8054287,0.72036934,1.1164125,2.300501,0.7185576
1028,1.8036242,0.7196493,1.1152966,2.2982018,0.7178394
1029,1.8018215,0.71893,1.1141819,2.2959046,0.71712196
1030,1.8000206,0.7182114,1.1130682,2.2936099,0.7164052
1031,1.7982215,0.71749353,1.1119556,2.2913175,0.7156892
1032,1.7964242,0.7167764,1.1108443,2.2890272,0.71497387
1033,1.7946286,0.7160599,1.1097339,2.2867393,0.71425927
1034,1.7928349,0.7153442,1.1086247,2.2844536,0.7135454
1035,1.7910429,0.7146292,1.1075166,2.2821703,0.7128322
1036,1.7892528,0.7139149,1.1064097,2.2798893,0.71211976
1037,1.7874644,0.7132013,1.1053038,2.2776105,0.71140796
1038,1.7856778,0.7124884,1.104199,2.2753341,0.7106969
1039,1.783893,0.71177626,1.1030954,2.2730598,0.7099865
1040,1.78211,0.7110648,1.1019928,2.270788,0.70927685
1041,1.7803288,0.7103541,1.1008914,2.2685182,0.7085679
1042,1.7785493,0.7096441,1.099791,2.2662508,0.7078597
1043,1.7767717,0.7089348,1.0986918,2.3686528,0.7071522
1044,1.7749958,0.7082262,1.0975937,2.3662853,0.7064454
1045,1.7732217,0.70751834,1.0964966,2.3639202,0.7057393
1046,1.7714493,0.7068112,1.0954006,2.3615575,0.7050339
1047,1.7696787,0.7061047,1.0943058,2.3591971,0.7043292
1048,1.7679099,0.7053989,1.093212,2.3568392,0.7036252
1049,1.7661428,0.70469385,1.0921193,2.3544836,0.7029219
1050,1.7643776,0.7039895,1.0910277,2.3521302,0.70221937
1051,1.7626141,0.7032859,1.0899372,2.3497791,0.70151746
1052,1.7608523,0.70258296,1.0888478,2.4504926,0.7008163
1053,1.7590923,0.7018807,1.0877595,2.4480433,0.7001158
1054,1.7573341,0.70117915,1.0866723,2.4455965,0.69941604
1055,1.7555777,0.7004783,1.0855862,2.443152,0.69871694
1056,1.7538229,0.6997782,1.0845011,2.44071,0.69801855
1057,1.75207,0.69907874,1.0834172,2.4382706,0.6973209
1058,1.7503188,0.69838,1.0823343,2.4358335,0.6966239
1059,1.7485693,0.69768196,1.0812525,2.5347023,0.6959276
1060,1.7468215,0.69698465,1.0801717,2.5321689,0.69523203
1061,1.7450756,0.696288,1.079092,2.529638,0.69453716
1062,1.7433313,0.69559205,1.0780134,2.5271096,0.69384295
1063,1.7415888,0.6948968,1.0769359,2.5245838,0.69314945
1064,1.7398481,0.69420224,1.0758594,2.5220604,0.69245666
1065,1.7381091,0.6935084,1.074784,2.5195396,0.69176453
1066,1.7363719,0.69281524,1.0737097,2.5170212,0.6910731
1067,1.7346363,0.69212276,1.0726365,2.5145054,0.69038236
1068,1.7329025,0.691431,1.0715643,2.611595,0.6896923
1069,1.7311704,0.69073987,1.0704932,2.6089847,0.689003
1070,1.7294401,0.69004947,1.0694232,2.606377,0.6883143
1071,1.7277116,0.6893598,1.0683542,2.6037717,0.68762636
1072,1.7259847,0.68867075,1.0672864,2.601169,0.68693906
1073,1.7242595,0.68798244,1.0662196,2.5985692,0.6862525
1074,1.7225361,0.6872948,1.0651538,2.6936586,0.68556654
1075,1.7208143,0.68660784,1.0640892,2.6909664,0.6848813
1076,1.7190944,0.68592155,1.0630256,2.6882768,0.68419677
1077,1.7173761,0.685236,1.0619631,2.6855898,0.6835129
1078,1.7156596,0.68455106,1.0609016,2.6829054,0.68282974
1079,1.7139448,0.68386686,1.0598413,2.680224,0.68214726
1080,1.7122316,0.6831833,1.058782,2.677545,0.68146545
1081,1.7105203,0.6825005,1.0577238,2.6748688,0.68078434
1082,1.7088106,0.6818183,1.0566666,2.6721952,0.6801039
1083,1.7071025,0.68113685,1.0556104,2.7654493,0.6794241
1084,1.7053963,0.68045604,1.0545553,2.7626853,0.67874503
1085,1.7036917,0.6797759,1.0535012,2.759924,0.6780666
1086,1.7019888,0.67909646,1.0524483,2.7571654,0.6773889
1087,1.7002877,0.6784177,1.0513964,2.7544096,0.67671186
1088,1.6985883,0.6777396,1.0503455,2.7516565,0.67603546
1089,1.6968905,0.6770622,1.0492957,2.7489061,0.6753598
1090,1.6951944,0.67638546,1.0482469,2.7461586,0.67468476
1091,1.6935,0.6757094,1.0471991,2.7434137,0.6740104
1092,1.6918074,0.67503405,1.0461525,2.8348186,0.67333674
1093,1.6901164,0.6743593,1.0451069,2.8319852,0.67266375
1094,1.6884271,0.6736853,1.0440623,2.8291547,0.6719914
1095,1.6867394,0.67301196,1.0430187,2.8263268,0.6713197
1096,1.6850536,0.67233926,1.0419762,2.8235018,0.67064875
1097,1.6833694,0.6716673,1.0409348,2.8206797,0.66997844
1098,1.6816869,0.67099595,1.0398943,2.8178604,0.6693088
1099,1.680006,0.6703253,1.038855,2.815044,0.6686398
1100,1.6783268,0.66965526,1.0378166,2.8122303,0.6679715
1101,1.6766493,0.66898596,1.0367793,2.8094194,0.66730386
1102,1.6749735,0.6683173,1.035743,2.8066113,0.6666369
1103,1.6732993,0.6676493,1.0347078,2.803806,0.66597056
1104,1.6716268,0.666982,1.0336735,2.8010037,0.6653049
1105,1.669956,0.6663153,1.0326403,2.798204,0.66463995
1106,1.6682868,0.66564935,1.0316082,2.795407,0.66397566
1107,1.6666193,0.66498405,1.0305771,2.792613,0.663312
1108,1.6649535,0.6643194,1.029547,2.7898219,0.66264904
1109,1.6632893,0.6636554,1.028518,2.7870333,0.6619867
1110,1.6616268,0.66299206,1.0274899,2.7842476,0.66132504
1111,1.659966,0.6623294,1.0264629,2.7814648,0.660664
1112,1.6583068,0.66166735,1.025437,2.7786846,0.66000366
1113,1.6566494,0.66100603,1.024412,2.7759073,0.65934396
1114,1.6549935,0.6603454,1.0233881,2.7731328,0.6586849
1115,1.6533394,0.6596854,1.0223652,2.770361,0.6580266
