clip,p_smoothed,label
0,0.21371930908589135,0
1,0.22917417756148745,0
2,0.2328099108168057,0
3,0.26137175552901765,0
4,0.30166544055654887,0
5,0.3085373821003096,0
6,0.31252853607847575,0
7,0.3524916792909304,0
8,0.35884476240192137,0
9,0.362997779179187,0
10,0.4049732149356887,0
11,0.3986582305459749,0
12,0.37373893637032735,0
13,0.3654475268863496,0
14,0.3649897802443731,0
15,0.3649885044211432,0
16,0.4005015896899359,0
17,0.40359677942026223,0
18,0.40046080946922297,0
19,0.39386247878982905,0
20,0.4014903885268029,0
21,0.3669467096527417,0
22,0.3562226817011832,0
23,0.3946631926865804,0
24,0.38959186062926326,0
25,0.3555072496334711,0
26,0.3548839404469444,0
27,0.35477629481326955,0
28,0.3492891706881069,0
29,0.3469932732127961,0
30,0.3470965733840352,0
31,0.3135725220754033,0
32,0.3314962518357095,0
33,0.3281664305499622,0
34,0.34648032131649203,0
35,0.34790977445386706,0
36,0.3460732521045775,0
37,0.3099055212168466,0
38,0.30206633252756937,0
39,0.30358201336292995,0
40,0.27455498065267286,0
41,0.2670259447324843,0
42,0.2651173766879808,0
43,0.2643864619589987,0
44,0.26125235323395046,0
45,0.24650499047267999,0
46,0.2454423031636646,0
47,0.24257464458545047,0
48,0.24225496713604244,0
49,0.2250208304751487,0
50,0.22728712218148367,0
51,0.22540639979498728,0
52,0.22883024244081407,0
53,0.21232675193321135,0
54,0.2055698019408044,0
55,0.21622712945654277,0
56,0.21511323856455938,0
57,0.2150940178405671,0
58,0.21241449671132223,0
59,0.18207779704105284,0
60,0.17987559806732903,0
61,0.17985080572820844,0
62,0.1782304726186253,0
63,0.19344294213113328,0
64,0.19349759639728636,0
65,0.16044226040442783,0
66,0.15623058307738527,0
67,0.15388286468528564,0
68,0.15546214438620065,0
69,0.19367446253697077,0
70,0.18171088291066032,0
71,0.17869487617697036,0
72,0.21571757147709528,0
73,0.22314221624817165,0
74,0.2426884089197431,0
75,0.2417708940449215,0
76,0.23272443882056643,0
77,0.23319789944660096,0
78,0.23336829777274817,0
79,0.23333063792614714,0
80,0.2453530597544852,0
81,0.2557363134054911,0
82,0.2536820109401431,0
83,0.25439463520333877,0
84,0.24374321351448697,0
85,0.24496111060891834,0
86,0.2436072425473304,0
87,0.2719125165825798,0
88,0.30675176885865985,0
89,0.34307082565057845,0
90,0.30535500638541724,0
91,0.3062992503955251,0
92,0.3455044832967577,0
93,0.31301110131399973,0
94,0.3330121281601134,0
95,0.31268351525068283,0
96,0.3472625623856272,0
97,0.3266064425309499,0
98,0.3468029963828268,0
99,0.3826970844751312,0
100,0.4011828785850888,0
101,0.42681349601064406,0
102,0.42946918521608624,0
103,0.46578435564324966,0
104,0.4656686828959556,0
105,0.4657483892071815,0
106,0.48912880711612244,0
107,0.4985523117440087,0
108,0.46875084120602833,0
109,0.43879778647706624,0
110,0.4329244838584037,0
111,0.4671124205702827,0
112,0.4682626135292507,0
113,0.46604813919180904,0
114,0.48257454804011746,0
115,0.4563953564280555,0
116,0.4911616476518767,0
117,0.46679490414403735,0
118,0.5065018492085593,0
119,0.5057008337406885,0
120,0.470156950255235,0
121,0.4521458702428,0
122,0.417976262313979,0
123,0.40598239714191076,0
124,0.40145497307890937,0
125,0.40366471984556745,0
126,0.4371958974571456,0
127,0.41365496104671845,0
128,0.4070072358562833,0
129,0.40907518849486396,0
130,0.4109453168653307,0
131,0.38192454264277503,0
132,0.37356736972218463,0
133,0.3704196629779679,0
134,0.33689437842085246,0
135,0.3554552350015867,0
136,0.3466263892395156,0
137,0.34511945893367135,0
138,0.338113868875163,0
139,0.32131410957801915,0
140,0.3040330335497856,0
141,0.3361536746933347,0
142,0.33432485659917194,0
143,0.33117567038252244,0
144,0.35718765677440734,0
145,0.3625147736498288,0
146,0.3942408458817573,0
147,0.3616417316453797,0
148,0.3611261699171293,0
149,0.3873293729765075,0
150,0.3917853250390007,0
151,0.3968791628167743,0
152,0.3951409632960956,0
153,0.3801238299125717,0
154,0.408869438228153,0
155,0.41431948471637,0
156,0.4068702608346939,0
157,0.4145169605811436,0
158,0.39642247486682164,0
159,0.3992919645139149,0
160,0.3784118855283374,0
161,0.3803663693723224,0
162,0.3876043543929146,0
163,0.38921501487493515,0
164,0.41033129394054413,0
165,0.3964475372007915,0
166,0.3599080890417099,0
167,0.3572316247792471,0
168,0.35271568525405156,0
169,0.35365595065412064,0
170,0.3272264784290677,0
171,0.32052361166902954,0
172,0.3398336262575218,0
173,0.37218328618577545,0
174,0.37977473952230956,0
175,0.35066397399419835,0
176,0.34377726504490486,0
177,0.35210249839084484,0
178,0.34437688422344975,0
179,0.3281500657044706,0
180,0.36141901906757123,0
181,0.3993752100283191,0
182,0.4305146164482547,0
183,0.4281186573207378,0
184,0.4282747611758254,0
185,0.44048566388941945,0
186,0.4269724905136085,0
187,0.4274564827127116,0
188,0.3955992383971101,0
189,0.39591038989878835,0
190,0.39456631935068537,0
191,0.411823596095755,0
192,0.41441201276722406,0
193,0.3844728771419752,0
194,0.34997703596239993,0
195,0.34006892180158976,0
196,0.3428403522287096,0
197,0.37771029522021615,0
198,0.35204824202117463,0
199,0.3556152592812265,0
200,0.3559712515700431,0
201,0.33781628417117254,0
202,0.29908838868141174,0
203,0.2629270457795688,0
204,0.2577800030509631,0
205,0.28945929486127125,0
206,0.257274954801514,0
207,0.25712697527238304,0
208,0.25606767904190786,0
209,0.28496385259287693,0
210,0.32276817340226394,0
211,0.3253422613654817,0
212,0.3104721839938845,0
213,0.34567766210862566,0
214,0.37472188224395114,0
215,0.4134756039295878,0
216,0.4106126140270915,0
217,0.40857652397382827,0
218,0.3835564482779731,0
219,0.3717411951649757,0
220,0.3956956909525963,0
221,0.3956161173326629,0
222,0.37457993591115596,0
223,0.3777969671147211,0
224,0.4107117159735589,0
225,0.3784645270733606,0
226,0.365514942577907,0
227,0.3899125233292579,0
228,0.3897576119218554,0
229,0.3910911714746838,0
230,0.4017744525557473,0
231,0.38184258270831334,0
232,0.37945882266476033,0
233,0.4039396523010163,0
234,0.36902093851850143,0
235,0.3764153828933125,0
236,0.36464212018819075,0
237,0.37385280181964237,0
238,0.3908653010924657,0
239,0.38612583350567586,0
240,0.38356965673821314,0
241,0.362028225901581,0
242,0.36507993865580785,0
243,0.3659727552107402,0
244,0.36227506434633616,0
245,0.33253795511665796,0
246,0.3324330477487473,0
247,0.33363772715841017,0
248,0.3466458249659765,0
249,0.3788628322737557,0
250,0.3906895638931365,0
251,0.3515288663052377,0
252,0.3710131223003069,0
253,0.4057035336182231,0
254,0.40054937239204136,0
255,0.43397795302527287,0
256,0.39614737566028324,0
257,0.37029358957495007,0
258,0.35660271133695326,0
259,0.33960473608402975,0
260,0.3380307484240759,0
261,0.34063574849140077,0
262,0.3694583862310364,0
263,0.36532107243935263,0
264,0.36434527415604817,0
265,0.36400497775702245,0
266,0.40027222427583875,0
267,0.40348582643838155,0
268,0.3871293745580174,0
269,0.34807987582115896,0
270,0.3235597915592648,0
271,0.31208893621251693,0
272,0.34910516086078824,0
273,0.32459380655061626,0
274,0.29724633835610886,0
275,0.30618112569763545,0
276,0.2707878478935786,0
277,0.27237368907247267,0
278,0.2740475748266492,0
279,0.27614873647689814,0
280,0.2799093134346462,0
281,0.3124859105973017,0
282,0.31372190692595076,0
283,0.28189510284435176,0
284,0.30733307947715116,0
285,0.30832091541517337,0
286,0.31589275846878684,0
287,0.28937372955537977,0
288,0.2864357701369694,0
289,0.31278386783032186,0
290,0.35268993924061454,0
291,0.38314404338598246,0
292,0.41709513252689717,0
293,0.38546261617115557,0
294,0.38851637357757196,0
295,0.40381329542114613,0
296,0.40643133294014694,0
297,0.4196288883686065,0
298,0.4270554082024665,0
299,0.4264142279114042,0
300,0.4444467283430553,0
301,0.44258944264480043,0
302,0.4087465966031665,0
303,0.41876462030978423,0
304,0.41602586741958336,0
305,0.41593570262193674,0
306,0.44139034620353157,0
307,0.4324660696798847,0
308,0.4562467930927163,0
309,0.4931546742362636,0
310,0.4775433875620365,0
311,0.47223033454446567,0
312,0.44843637180470286,0
313,0.4370984302035399,0
314,0.4547869564876669,0
315,0.44015397574929954,0
316,0.4536291781280721,0
317,0.4380268818210987,0
318,0.4251669012010097,0
319,0.4238696493917987,0
320,0.4234690607658454,0
321,0.40778466047985207,0
322,0.443084960005113,0
323,0.455488939193033,0
324,0.4506451443192505,0
325,0.4869907542708374,0
326,0.46924021290171714,0
327,0.44292752285088816,0
328,0.44657684791655766,0
329,0.43092928613935194,0
330,0.395304221482504,0
331,0.38060146747600465,0
332,0.3836808648137819,0
333,0.375015279721646,0
334,0.3527023717761039,0
335,0.356864146888256,0
336,0.35461685025975814,0
337,0.35583985242105665,0
338,0.334354671339194,0
339,0.33423062201057163,0
340,0.32950641214847565,0
341,0.3579799405166081,0
342,0.3874665853523072,0
343,0.39012729128201795,0
344,0.40384531304949794,0
345,0.4169292428663799,0
346,0.4152601623818987,0
347,0.4092570078514871,0
348,0.4432865920520964,0
349,0.4495171244655337,0
350,0.4545118830033711,0
351,0.453225175894442,0
352,0.4534140992022696,0
353,0.44420221554381506,0
354,0.43764946361382795,0
355,0.4709896934883934,0
356,0.4811572581529617,0
357,0.5167049850736345,0
358,0.5131512710026331,0
359,0.5477795061610993,0
360,0.5469460586706797,0
361,0.5462950950577146,0
362,0.5180537839021001,0
363,0.4829232437270028,0
364,0.4795409497760591,0
365,0.47760550748734243,0
366,0.45661891500155133,0
367,0.4211300749863897,0
368,0.45237118147668387,0
369,0.43970207231385366,0
370,0.4330240683186622,0
371,0.4235129736009098,0
372,0.4557814129761287,0
373,0.4716775051894641,0
374,0.47805032879114145,0
375,0.48060510307550425,0
376,0.4840559962959516,0
377,0.45087337884164985,0
378,0.4329802830304418,0
379,0.40249399450563245,0
380,0.3687064846356709,0
381,0.4060039232884134,0
382,0.405176529217334,0
383,0.40470588987781886,0
384,0.4078897120697157,0
385,0.3713626567096937,0
386,0.3771530577824229,0
387,0.38888791806641076,0
388,0.39451578330425985,0
389,0.4005642441057023,0
390,0.38036385852666127,0
391,0.39207325804801213,0
392,0.3774190388974689,0
393,0.369001818554742,0
394,0.3526508907477061,0
395,0.34991342538879033,0
396,0.3856408904705729,0
397,0.3470030079285304,0
398,0.36623587636720567,0
399,0.35022072068282534,0
400,0.37637698721318014,0
401,0.4106866933760189,0
402,0.37575249870618177,0
403,0.3764544374176434,0
404,0.4147397765801066,0
405,0.44953303642216175,0
406,0.4868091717362403,0
407,0.45363168382928476,0
408,0.44138242552677787,0
409,0.4362299413908096,0
410,0.43144536302203224,0
411,0.4319201214682489,0
412,0.41799200858388635,0
413,0.42014108243442727,0
414,0.3969959322185744,0
415,0.39684305020741056,0
416,0.4016294025239491,0
417,0.37541837777410236,0
418,0.3768639298421996,0
419,0.38991598465612953,0
420,0.4083139381947971,0
421,0.3773051652879943,0
422,0.34800770204691667,0
423,0.369243534547942,0
424,0.37560085384618674,0
425,0.3409601868618103,0
426,0.3252631560677574,0
427,0.3131140122810999,0
428,0.33292515859717414,0
429,0.33427019523722784,0
430,0.3661811245339257,0
431,0.3482498363369987,0
432,0.3681333050841377,0
433,0.38288785907484235,0
434,0.3812153584190777,0
435,0.3789994894039063,0
436,0.4131899614419256,0
437,0.3933334105781146,0
438,0.3840034721153123,0
439,0.4009636644096601,0
440,0.36637134920983083,0
441,0.3775218625863392,0
442,0.4090251468476794,0
443,0.406653650459789,0
444,0.382767888761702,0
445,0.4078110825447808,0
446,0.43231695322763347,0
447,0.4105763492130098,0
448,0.4188831874302455,0
449,0.43678167888096403,0
450,0.4398903722564379,0
451,0.4455908100519861,0
452,0.4547184751856895,0
453,0.45843999619994846,0
454,0.4701105459105401,0
455,0.4679912328720093,0
456,0.4696818916570573,0
457,0.4396493073020663,0
458,0.45809089215028853,0
459,0.45876324815409525,0
460,0.4583383337372825,0
461,0.4593364692160061,0
462,0.4288457944279625,0
463,0.40019006601401735,0
464,0.39870684345563245,0
465,0.4390829851229985,0
466,0.4433059259539558,0
467,0.41475434281996315,0
468,0.41628206947020113,0
469,0.39849504722016194,0
470,0.3614753757913907,0
471,0.36999339042674934,0
472,0.36139114307505743,0
473,0.375983106593291,0
474,0.36845963377328145,0
475,0.3457177121724401,0
476,0.3558564299628848,0
477,0.3554095409455753,0
478,0.35167063240494045,0
479,0.3263948655554226,0
480,0.3266757148362341,0
481,0.3101585560611316,0
482,0.30770506674335113,0
483,0.31195299504768287,0
484,0.3097763852704139,0
485,0.31557040448699675,0
486,0.27681515898023323,0
487,0.2401262195337386,0
488,0.24199082525003526,0
489,0.24014715318168914,0
490,0.24416910431214744,0
491,0.27587550984961645,0
492,0.26339076920634225,0
493,0.23488136097079232,0
494,0.2364806330629757,0
495,0.22334554826929456,0
496,0.24405472725629804,0
497,0.23354416908252804,0
498,0.2589431284438996,0
499,0.264787705881255,0
500,0.2548029036039398,0
501,0.2763255504625184,0
502,0.30812568785179223,0
503,0.34356909919352757,0
504,0.3765662440231868,0
505,0.40777971701962606,0
506,0.40091738743441446,0
507,0.40330093495902564,0
508,0.43458349470581326,0
509,0.45440622241724105,0
510,0.4550524506540526,0
511,0.4353285350260281,0
512,0.40250615385316674,0
513,0.40937628880852756,0
514,0.41168278349297394,0
515,0.39059088237228856,0
516,0.40796654387598946,0
517,0.40489821881055826,0
518,0.4072841530044873,0
519,0.38252386734599153,0
520,0.3773850046453021,0
521,0.40960173486244106,0
522,0.3859497379688989,0
523,0.37670175660224187,0
524,0.34583604477700736,0
525,0.34406444146519616,0
526,0.3117676622101238,0
527,0.3361691836090315,0
528,0.335597279880728,0
529,0.30537235417536324,0
530,0.32098770106122604,0
531,0.3227054203550021,0
532,0.3576420165953182,0
533,0.3943417678986277,0
534,0.3884182295628957,0
535,0.42007661717278616,0
536,0.4052521004563286,0
537,0.4172276045594896,0
538,0.40531188533419654,0
539,0.4029239398382959,0
540,0.4188573296580996,0
541,0.4170708567613647,0
542,0.3995404807584626,0
543,0.4378420277720405,0
544,0.4306085514170782,0
545,0.43193360524518143,0
546,0.4305791407823562,0
547,0.43357675770918525,0
548,0.44057383494717733,0
549,0.4422959734996159,0
550,0.4413637483403795,0
551,0.4210916282165617,0
552,0.4185888249249684,0
553,0.39584912643546144,0
554,0.35932524076529904,0
555,0.3923683460979234,0
556,0.3577352279708499,0
557,0.35231563626300716,0
558,0.35529543140104836,0
559,0.34730644169307884,0
560,0.3778721750492141,0
561,0.3792161831543559,0
562,0.41862606363637106,0
563,0.4375755240519842,0
564,0.4323178295578275,0
565,0.4164921964208285,0
566,0.4302080539720399,0
567,0.4357781874991599,0
568,0.4721246453977767,0
569,0.4664327225514821,0
570,0.5018901377916336,0
571,0.5239610856487638,0
572,0.5469983503932044,0
573,0.5515947207098916,0
574,0.5421219766139984,0
575,0.5471438396544683,0
576,0.5136692953251656,0
577,0.5501292929762885,0
578,0.5510520764759608,0
579,0.5159449587975229,0
580,0.5483658739498682,0
581,0.517363758669013,0
582,0.5330356121772811,0
583,0.49799243644589464,0
584,0.4919038503652527,0
585,0.4935017827720869,0
586,0.5236459629876272,0
587,0.510121790426118,0
588,0.4933224426848548,0
589,0.4755120752822785,0
590,0.4491702921333766,0
591,0.435726109714735,0
592,0.44817438366867246,0
593,0.410018227994442,0
594,0.4306401947424525,0
595,0.4265435256418727,0
596,0.45901947681392935,0
597,0.4967637232371738,0
598,0.49794113068353557,0
599,0.5014564753288314,0
600,0.5177881071964899,0
601,0.5007628890730086,0
602,0.5058251949293273,0
603,0.5102968063382874,0
604,0.5072471187228248,0
605,0.47966616955541425,0
606,0.46029802766584216,0
607,0.42945580007064915,0
608,0.43073038508494693,0
609,0.44182463167678737,0
610,0.4596211253887131,0
611,0.47358690521546765,0
612,0.4473615725125585,0
613,0.4153771595585914,0
614,0.4472840804429281,0
615,0.4603514366206668,0
616,0.4611983487293833,0
617,0.4568034712047804,0
618,0.41985031820478885,0
619,0.4152220090230306,0
620,0.4118139892816543,0
621,0.40665833510103677,0
622,0.3929425981782732,0
623,0.40316125253836316,0
624,0.3658152502917108,0
625,0.38704846018836614,0
626,0.3910484161405336,0
627,0.39847923495939797,0
628,0.432662393720377,0
629,0.43915326290187373,0
630,0.4050896795732634,0
631,0.404903324232215,0
632,0.4134850377837816,0
633,0.4381108968740417,0
634,0.4361959465202831,0
635,0.40295912573734916,0
636,0.36646103220326554,0
637,0.3762659739170755,0
638,0.3487695388141132,0
639,0.3507299217439833,0
640,0.3172651657036373,0
641,0.353826493024826,0
642,0.3410336339757556,0
643,0.3567543491011574,0
644,0.34268085623071304,0
645,0.3799257718381427,0
646,0.3631105117854618,0
647,0.35933864152147654,0
648,0.36574897631293246,0
649,0.35165926281894955,0
650,0.35987965585220427,0
651,0.3643548371536391,0
652,0.3477062437505949,0
653,0.3286029245881807,0
654,0.30567164257878343,0
655,0.32657092632282336,0
656,0.32672181831938873,0
657,0.3605877679018747,0
658,0.3823966745819364,0
659,0.37773026384058456,0
660,0.3745135058249746,0
661,0.37439296323628646,0
662,0.33931560849859593,0
663,0.3792263471654483,0
664,0.3952717131802014,0
665,0.4052462953896749,0
666,0.4047995585770834,0
667,0.4382511448292505,0
668,0.44480095413469134,0
669,0.4517923575781641,0
670,0.4651398683587711,0
671,0.48181098096427466,0
672,0.4804890457363356,0
673,0.49579377011174247,0
674,0.5206294666443552,0
675,0.5565651566499755,0
676,0.5704240312888509,0
677,0.5847435724877176,0
678,0.5500830624784742,0
679,0.5448111253125327,0
680,0.5435423943258467,0
681,0.5430050644846189,0
682,0.5762113825905891,0
683,0.5754967470254218,0
684,0.5366332821902774,0
685,0.53605674632958,0
686,0.5639128181196394,0
687,0.5643192678689957,0
688,0.5590891873552685,0
689,0.557836285659245,0
690,0.5211698306458337,0
691,0.4880676092136474,0
692,0.4785159478584925,0
693,0.4911880301577704,0
694,0.4926628335600807,0
695,0.46554684532540186,0
696,0.42913860224542166,0
697,0.39901343626635416,0
698,0.40581769957428887,0
699,0.4213157207483337,0
700,0.4307325450437409,0
701,0.43117266432160417,0
702,0.4673651368135497,0
703,0.4391131582004683,0
704,0.45480464292424067,0
705,0.46300378299894784,0
706,0.44735020824841093,0
707,0.40966019743964793,0
708,0.37073629775217604,0
709,0.3420221042774973,0
710,0.35101357918410075,0
711,0.352702075526828,0
712,0.38034070531527203,0
713,0.3679576076212383,0
714,0.35158280531565345,0
715,0.3140914450798716,0
716,0.31565943857034046,0
717,0.3412169200323876,0
718,0.35751540071907495,0
719,0.35774634317273185,0
720,0.37129937644515715,0
721,0.3730311553393092,0
722,0.37245219591118045,0
723,0.347242771869614,0
724,0.342838398757435,0
725,0.3602374515363148,0
726,0.35735263569014414,0
727,0.3635855884779066,0
728,0.40212705731391896,0
729,0.4041409347028959,0
730,0.40827259598743343,0
731,0.4315339131724266,0
732,0.4662002559219087,0
733,0.45111228241806933,0
734,0.4385750974927629,0
735,0.4762867646557944,0
736,0.49101559214648743,0
737,0.5041397735476494,0
738,0.4915533147397495,0
739,0.4906048033209074,0
740,0.5071929661290986,0
741,0.4760681082095418,0
742,0.4387005652700151,0
743,0.43773136146011804,0
744,0.42818687288534074,0
745,0.4624252085174833,0
746,0.46524065661998026,0
747,0.49895128607749945,0
748,0.5091613346622105,0
749,0.4986537794272105,0
750,0.4971445813065483,0
751,0.5240729394413176,0
752,0.48866739798159825,0
753,0.45201296856005985,0
754,0.43968266035829273,0
755,0.4355115954365049,0
756,0.41779826439562306,0
757,0.42705521058468593,0
758,0.4450040963434038,0
759,0.445192888379097,0
760,0.4596353095202219,0
761,0.4210060565244584,0
762,0.4416271937744958,0
763,0.4789464342452231,0
764,0.5189412566167968,0
765,0.5470096454733894,0
766,0.5337929796604883,0
767,0.5159710716633569,0
768,0.5143606166044872,0
769,0.48432887948694686,0
770,0.4815114502395902,0
771,0.4822772102696555,0
772,0.44866600135962165,0
773,0.4811927094346001,0
774,0.4991156937820571,0
775,0.5303369334765843,0
776,0.5292111305253847,0
777,0.5171635473767917,0
778,0.5305767524100485,0
779,0.49798389062994997,0
780,0.48376342654228205,0
781,0.4884202182292938,0
782,0.4882512298368272,0
783,0.47006836888336,0
784,0.47057546533289407,0
785,0.43132268424545017,0
786,0.4301573226139659,0
787,0.42392247099251973,0
788,0.4407120151888756,0
789,0.43923571883212953,0
790,0.4726538172080403,0
791,0.46715515816495534,0
792,0.4681341814852896,0
793,0.5044651247915768,0
794,0.5000988205983525,0
795,0.5015136801770754,0
796,0.491757248483953,0
797,0.5305684918449038,0
798,0.5262999378499531,0
799,0.48951134085655207,0
800,0.48872599076657064,0
801,0.489443325925441,0
802,0.48783989569970543,0
803,0.516592009791306,0
804,0.5537178257391566,0
805,0.515824977840696,0
806,0.5164174643300828,0
807,0.5260144280535833,0
808,0.5472569345008759,0
809,0.5344108165729613,0
810,0.5047775982391266,0
811,0.5062995631070364,0
812,0.5145734796921412,0
813,0.547167155714262,0
814,0.5459501509155545,0
815,0.5545115577323095,0
816,0.5642494296743755,0
817,0.5415119337184088,0
818,0.541221213482675,0
819,0.5699843643676666,0
820,0.5707049508179937,0
821,0.5761434237162272,0
822,0.6057224816509656,0
823,0.5702726007217452,0
824,0.5449286681555566,0
825,0.5074949892503875,0
826,0.5166468180361248,0
827,0.5186435569609914,0
828,0.4823236660588355,0
829,0.48269850547824583,0
830,0.4983654132201558,0
831,0.4919345517243658,0
832,0.4916658766922497,0
833,0.4950718478787513,0
834,0.4879416791456086,0
835,0.45446849117676413,0
836,0.41628380758421757,0
837,0.38774521542446955,0
838,0.4068410676859674,0
839,0.3753457385159674,0
840,0.3424008130317643,0
841,0.36254664333093733,0
842,0.35767192003272824,0
843,0.3558329208975747,0
844,0.3754443178574244,0
845,0.39484667210351854,0
846,0.41905414845262257,0
847,0.4324266094537008,0
848,0.467971255381902,0
849,0.4701217803217115,0
850,0.4510063706409363,0
851,0.44871830727372847,0
852,0.47708318417980555,0
853,0.4706079683133534,0
854,0.45614622817153017,0
855,0.4515371854816164,0
856,0.48255973415715353,0
857,0.4821260390537125,0
858,0.5188228949194862,0
859,0.5387859507685615,0
860,0.5327338633083162,0
861,0.5501440912485123,0
862,0.5589686923083805,0
863,0.5650459918237869,0
864,0.5378078711884363,0
865,0.5185118686585198,0
866,0.518047068800245,0
867,0.5280965140887669,0
868,0.5370144702139356,0
869,0.5392873940013704,0
870,0.5397486232575917,0
871,0.5220111956199011,0
872,0.5020986447731655,0
873,0.5115417632318678,0
874,0.5158351624295825,0
875,0.5029172954105195,0
876,0.48256187424773267,0
877,0.48349247588997796,0
878,0.5195071732714063,0
879,0.5209155629078547,0
880,0.48562789814812796,0
881,0.500217671905245,0
882,0.506720395315261,0
883,0.5019768646785191,0
884,0.4944744645839645,0
885,0.5281338588822455,0
886,0.52540111577227,0
887,0.5393864629524093,0
888,0.5417034402489661,0
889,0.5497594933424677,0
890,0.5319586286232585,0
891,0.546718299743675,0
892,0.5460950267456827,0
893,0.5576981706988243,0
894,0.5274161671598752,0
895,0.5152580571316537,0
896,0.5476612686401321,0
897,0.560820579883598,0
898,0.5643368622376804,0
899,0.54413871857382,0
900,0.5437115831744103,0
901,0.5464667333733467,0
902,0.5324766713948477,0
903,0.5375116290081114,0
904,0.5262624614295505,0
905,0.5313158400711558,0
906,0.5340609121180716,0
907,0.5373901423244248,0
908,0.5014273467518034,0
909,0.4982261118434724,0
910,0.4868945706458318,0
911,0.5034096127464657,0
912,0.5180453530379703,0
913,0.5578637158586864,0
914,0.5424135320243381,0
915,0.5575536681073052,0
916,0.561405090349061,0
917,0.5249375023302577,0
918,0.5495712235569953,0
919,0.5241088728819575,0
920,0.5454954962645258,0
921,0.537676212688287,0
922,0.5660765018491518,0
923,0.6043852078063148,0
924,0.5876358598470688,0
925,0.5789080361525217,0
926,0.6019064635038376,0
927,0.5980745745556695,0
928,0.5933462831945646,0
929,0.6032137537286395,0
930,0.6064239832616987,0
931,0.5887475162744522,0
932,0.5874910929373331,0
933,0.5744456854604539,0
934,0.5359470400781858,0
935,0.5224612018182164,0
936,0.4991513877397491,0
937,0.5098497856940541,0
938,0.5443322921083087,0
939,0.5087568383841287,0
940,0.5249974450894764,0
941,0.510072050350053,0
942,0.50848079650175,0
943,0.5135364908547628,0
944,0.5127949835289092,0
945,0.5004160805117516,0
946,0.5299696620731127,0
947,0.503518113068172,0
948,0.47168733924627304,0
949,0.5063255791153226,0
950,0.5006333440542221,0
951,0.46901287209419973,0
952,0.45945154769080015,0
953,0.4582253183637346,0
954,0.4771771743184044,0
955,0.5130433323127883,0
956,0.5488175398537091,0
957,0.5861416831612587,0
958,0.557647300972825,0
959,0.5478666130275952,0
960,0.583558219174544,0
961,0.5841266459652356,0
962,0.5853412949613161,0
963,0.5961795736636434,0
964,0.5954182634041423,0
965,0.5822193597753842,0
966,0.6221455853609813,0
967,0.6253353449560347,0
968,0.627393110522202,0
969,0.6250705417423021,0
970,0.5959000101401691,0
971,0.5947264053282282,0
972,0.5886805352000962,0
973,0.5956252809791337,0
974,0.5983601946915897,0
975,0.5983138847209158,0
976,0.5619715555083183,0
977,0.5270172002769651,0
978,0.5070358940533228,0
979,0.5112756164301009,0
980,0.5117241016456059,0
981,0.4827133913834889,0
982,0.4813110927740733,0
983,0.4607840513899213,0
984,0.4574614131734484,0
985,0.4570034792025883,0
986,0.4500397152843929,0
987,0.4477195505584989,0
988,0.41795975182737616,0
989,0.4146605102079255,0
990,0.44739542688642225,0
991,0.47882332830202007,0
992,0.47697316323007855,0
993,0.5149906078974406,0
994,0.5318457086881001,0
995,0.5235031445821127,0
996,0.48777264711402707,0
997,0.5219661607628776,0
998,0.5524675040727569,0
999,0.5652186249693235,0
1000,0.5699708635608355,0
1001,0.5452090608222143,0
1002,0.5343129443270819,0
1003,0.5115295009953635,0
1004,0.508218279551892,0
1005,0.48172016477301005,0
1006,0.4594332047161601,0
1007,0.4412074823464665,0
1008,0.40683458639042713,0
1009,0.39887043195111405,0
1010,0.4353715191994394,0
1011,0.4033421182206698,0
1012,0.40367611142851056,0
1013,0.43889667838811874,0
1014,0.40091523031393683,0
1015,0.41562804934524356,0
1016,0.41306445357345395,0
1017,0.43537598422595425,0
1018,0.4206643558683849,0
1019,0.42491789942695973,0
1020,0.42595829566319776,0
1021,0.4167995580605098,0
1022,0.41633471349875134,0
1023,0.4165602397351038,0
1024,0.44736395634355997,0
1025,0.4798320805033048,0
1026,0.4943358873327573,0
1027,0.4958323953407151,0
1028,0.4942879841795989,0
1029,0.49836299053969835,0
1030,0.5100080496853305,0
1031,0.4742289822371233,0
1032,0.49464366035092444,0
1033,0.4958610454840319,0
1034,0.4701331419249375,0
1035,0.4802312065093291,0
1036,0.47058317295852164,0
1037,0.4422336942738011,0
1038,0.4162736895183722,0
1039,0.400709730351255,0
1040,0.4036553152615115,0
1041,0.37367665359661684,0
1042,0.3627857312205291,0
1043,0.394131885220607,0
1044,0.43110401272064147,0
1045,0.41890956656563844,0
1046,0.40442030894614395,0
1047,0.4046738188536394,0
1048,0.4266072013193652,0
1049,0.46746542127359475,0
1050,0.4741047698827016,0
1051,0.46832833403632745,0
1052,0.4949426991598946,0
1053,0.5062937764894394,0
1054,0.4738030667815889,0
1055,0.5026244258596784,0
1056,0.49288122497853776,0
1057,0.46266357990957435,0
1058,0.4631909901897112,0
1059,0.46392747298592607,0
1060,0.46092202833720614,0
1061,0.4613426270939055,0
1062,0.4665557461835089,0
1063,0.46837734111717766,0
1064,0.44077957598935985,0
1065,0.4089321550868806,0
1066,0.4074329052652631,0
1067,0.3911457828113011,0
1068,0.39649213211877,0
1069,0.38067928382328575,0
1070,0.34286728430361973,0
1071,0.3688825787532897,0
1072,0.37222409816015334,0
1073,0.3451785597772825,0
1074,0.3123061412147113,0
1075,0.3181336554033415,0
1076,0.3092047518917492,0
1077,0.3489704788440749,0
1078,0.3740722969883964,0
1079,0.3782943370086806,0
1080,0.4147423899599484,0
1081,0.4149736084398769,0
1082,0.414902099896045,0
1083,0.438135703759534,0
1084,0.4553516592298235,0
1085,0.4894519788878305,0
1086,0.4840762831625484,0
1087,0.4692224764398166,0
1088,0.4915864527935073,0
1089,0.49380234628915787,0
1090,0.5080406130069778,0
1091,0.5066387131810189,0
1092,0.46642112164270305,0
1093,0.49362596301805395,0
1094,0.5319282160628409,0
1095,0.5700878532869474,0
1096,0.5828809429492269,0
1097,0.5524890543449491,0
1098,0.5147144028118679,0
1099,0.5244051842462448,0
1100,0.5439037687721706,0
1101,0.5080013431253887,0
1102,0.541870419822988,0
1103,0.5034190309899194,0
1104,0.49556232137339457,0
1105,0.5147114545106888,0
1106,0.4843790247326806,0
1107,0.5202677267647925,0
1108,0.5172752578343663,0
1109,0.5107935152593113,0
1110,0.48017973772117073,0
1111,0.4825727336463474,0
1112,0.482619910013108,0
1113,0.48442110667626065,0
1114,0.4529118271810668,0
1115,0.43335165331761044,0
1116,0.42948268744207563,0
1117,0.4364890346214884,0
1118,0.466586913381304,0
1119,0.467694423028401,0
1120,0.4323219011227289,0
1121,0.4283746204205921,0
1122,0.4660878351756504,0
1123,0.4643611993108477,0
1124,0.5035880701172919,0
1125,0.519492735110578,0
1126,0.480766013264656,0
1127,0.5093104541301727,0
1128,0.4759513664813268,0
1129,0.47955531236671267,0
1130,0.5005418111880621,0
1131,0.5311695418897129,0
1132,0.529015523691972,0
1133,0.5579242929816246,0
1134,0.5565318326864924,0
1135,0.5508915107874643,0
1136,0.56828473508358,0
1137,0.5729251809063413,0
1138,0.542337186279751,0
1139,0.5256082415580751,0
1140,0.5440056685890471,0
1141,0.5458782301062629,0
1142,0.5638853155431293,0
1143,0.5258128043441544,0
1144,0.5272289624526387,0
1145,0.5201600814859073,0
1146,0.48450366123801186,0
1147,0.5144814714079812,0
1148,0.47957015498763034,0
1149,0.4988034073086012,0
1150,0.5139401076095444,0
1151,0.5002205488937242,0
1152,0.4980851670815831,0
1153,0.4925453382588568,0
1154,0.4736814445682934,0
1155,0.5049976142389434,0
1156,0.5089971912758691,0
1157,0.4911756494215556,0
1158,0.4581059281315122,0
1159,0.4669745209671201,0
1160,0.45871656849270775,0
1161,0.4458586275577545,0
1162,0.47689316102436613,0
1163,0.43834475498823894,0
1164,0.47643600759052096,0
1165,0.46516844204493935,0
1166,0.46162742092495873,0
1167,0.4982422157412484,0
1168,0.5071603194588707,0
1169,0.5061699985748246,0
1170,0.48682835875522523,0
1171,0.4965970604902222,0
1172,0.507033092989808,0
1173,0.4825017782194274,0
1174,0.4501298449578739,0
1175,0.4778535376702036,0
1176,0.48348711892252877,0
1177,0.48041230298223947,0
1178,0.5018707953748248,0
1179,0.5318976512977055,0
1180,0.5616975809846605,0
1181,0.5612419190860929,0
1182,0.5908993496781303,0
1183,0.575376408440726,0
1184,0.6149549729057721,0
1185,0.577318953261489,0
1186,0.5902600497716949,0
1187,0.5690091284258025,0
1188,0.5310485426868711,0
1189,0.5213636734655924,0
1190,0.5219998519335474,0
1191,0.5201535604539371,0
1192,0.5201231535701524,0
1193,0.5138008718689283,0
1194,0.5457782287682806,0
1195,0.546847792963187,0
1196,0.5442852189853078,0
1197,0.5267183039160002,0
1198,0.5343628121273858,0
1199,0.5349045019774209,0
1200,0.5323436962706702,0
1201,0.5258766150190717,0
1202,0.5422526832137788,0
1203,0.5401128225383304,0
1204,0.5468300431966782,0
1205,0.5211250008571715,0
1206,0.5406774083773296,0
1207,0.5381056041944594,0
1208,0.5604634944881712,0
1209,0.5791068123210044,0
1210,0.5898714168440727,0
1211,0.5967882665849867,0
1212,0.5961437264368648,0
1213,0.5612242878192948,0
1214,0.5334130206278392,0
1215,0.5160364856322606,0
1216,0.5219389044103168,0
1217,0.4863955587858245,0
1218,0.4704906135087921,0
1219,0.46098228863307406,0
1220,0.44065569128308973,0
1221,0.44595259995687564,0
1222,0.4255500350679669,0
1223,0.43918162300473157,0
1224,0.44001850911549156,0
1225,0.43431783999715534,0
1226,0.4205409895096507,0
1227,0.39991763695364907,0
1228,0.40535516717604225,0
1229,0.37812474760271253,0
1230,0.386891806054683,0
1231,0.38196207334597904,0
1232,0.396373671789964,0
1233,0.41740609563532327,0
1234,0.42073984515099294,0
1235,0.4546389434309232,0
1236,0.47327052801847447,0
1237,0.5038613020664169,0
1238,0.5307131438028244,0
1239,0.5577923520689917,0
1240,0.5593550276188622,0
1241,0.5423998265039353,0
1242,0.5410938944135393,0
1243,0.5680850460415795,0
1244,0.5719582779066903,0
1245,0.5407936991680236,0
1246,0.5323672699076788,0
1247,0.5338811913416499,0
1248,0.5357011258602141,0
1249,0.5128644023622784,0
1250,0.5205712197791962,0
1251,0.5261569839148295,0
1252,0.5255614426873979,0
1253,0.5269635227464494,0
1254,0.5070420755516916,0
1255,0.5411649300228982,0
1256,0.5083268288345564,0
1257,0.4698176972922824,0
1258,0.47221382388046806,0
1259,0.4815359420719601,0
1260,0.4874431370269684,0
1261,0.523859363581453,0
1262,0.5419031952818234,0
1263,0.5375687029390107,0
1264,0.5358472924147333,0
1265,0.5319139506845246,0
1266,0.5523292404555138,0
1267,0.5443636516020411,0
1268,0.5781193826170193,0
1269,0.614692455246335,0
1270,0.6143437992958795,0
1271,0.6324009001255034,0
1272,0.6386714563483282,0
1273,0.6088053023531321,0
1274,0.6246906270583469,0
1275,0.6591753963203655,0
1276,0.6570944619320688,0
1277,0.6779253748910767,0
1278,0.716579978664716,0
1279,0.6837964008251827,0
1280,0.6495032101160004,0
1281,0.6430546829388255,0
1282,0.6081213557294436,0
1283,0.5888859015845116,0
1284,0.5699674455182893,0
1285,0.5339195022270794,0
1286,0.5340464232223374,0
1287,0.5463040474624861,0
1288,0.569460348359176,0
1289,0.560488960927441,0
1290,0.5236957232866968,0
1291,0.5139062443659419,0
1292,0.5239148746643747,0
1293,0.5159212191190038,0
1294,0.5140534593235879,0
1295,0.5046085612404914,0
1296,0.505092426070145,0
1297,0.47125911322377967,0
1298,0.48167687831890016,0
1299,0.4777197316288947,0
1300,0.47048685238474885,0
1301,0.5056385146010489,0
1302,0.4992450763072286,0
1303,0.49974879941770006,0
1304,0.5209551435850915,0
1305,0.5408749718751226,0
1306,0.5781097713680494,0
1307,0.5530426037453469,0
1308,0.5500462470310075,0
1309,0.5628743302964029,0
1310,0.5752814287940661,0
1311,0.6072459664373171,0
1312,0.6137850564860163,0
1313,0.611253107942286,0
1314,0.6103306976812226,0
1315,0.6356040895694778,0
1316,0.6418570056557654,0
1317,0.6362369716877029,0
1318,0.6400569326111247,0
1319,0.6447318299185663,0
1320,0.6212462204552832,0
1321,0.6526767959197363,0
1322,0.6501523887827282,0
1323,0.6271268835379964,0
1324,0.6526138722186996,0
1325,0.6631358006880398,0
1326,0.6658860668540001,0
1327,0.6279211505537942,0
1328,0.617535120674542,0
1329,0.5956713337273825,0
1330,0.5693577180306115,0
1331,0.556412031962758,0
1332,0.5408326195819037,0
1333,0.5317087939807346,0
1334,0.4966172685935384,0
1335,0.5007822311350277,0
1336,0.49447102454446606,0
1337,0.467172877774352,0
1338,0.43735703435682105,0
1339,0.45539862875427506,0
1340,0.41742634879691254,0
1341,0.4291193297221547,0
1342,0.4339561842027164,0
1343,0.43780473690657384,0
1344,0.47194101909796393,0
1345,0.46880991898831864,0
1346,0.46678517191183,0
1347,0.43203971073741004,0
1348,0.4718874128801481,0
1349,0.5120243320152873,0
1350,0.5098852192362149,0
1351,0.5375174542977696,0
1352,0.5360270571850595,0
1353,0.5413451978848093,0
1354,0.5752038937948998,0
1355,0.5901349385579425,0
1356,0.5861873882157461,0
1357,0.6025032599767048,0
1358,0.6266300138973053,0
1359,0.6480543833403358,0
1360,0.6260017578800517,0
1361,0.6636734430988628,0
1362,0.6783481861154237,0
1363,0.6602154682789527,0
1364,0.6226347628093899,0
1365,0.6182416138194855,0
1366,0.6019171121574584,0
1367,0.5713533720090276,0
1368,0.573029348892825,0
1369,0.5337892912683033,0
1370,0.4945433263977369,0
1371,0.5180423341336705,0
1372,0.5176345986269769,0
1373,0.4945447647145816,0
1374,0.48179494092861813,0
1375,0.47159457100289215,0
1376,0.4887480313579242,0
1377,0.4949121705832935,0
1378,0.478214840449038,0
1379,0.44772190884465257,0
1380,0.4574200812549818,0
1381,0.49299710563250954,0
1382,0.4865212142467499,0
1383,0.48472169325465253,0
1384,0.4698890149593353,0
1385,0.4942971932746115,0
1386,0.46425430157354897,0
1387,0.4626615590282848,0
1388,0.4824625594275338,0
1389,0.4893517238753182,0
1390,0.5141473848904882,0
1391,0.514023234801633,0
1392,0.48100142996935613,0
1393,0.48146882404883695,0
1394,0.5126574192018736,0
1395,0.5325064400122279,0
1396,0.5220167590748696,0
1397,0.5211318259437878,0
1398,0.4890258017750014,0
1399,0.47092826770884655,0
1400,0.4783130575503622,0
1401,0.4543999167425292,0
1402,0.4462395895804678,0
1403,0.43270252325705116,0
1404,0.43514372514826916,0
1405,0.4685487736548696,0
1406,0.4815704925429253,0
1407,0.5129165574908255,0
1408,0.513960372479189,0
1409,0.5049623403520811,0
1410,0.5311948767020588,0
1411,0.5225455785791079,0
1412,0.5230808442547208,0
1413,0.5218240483885719,0
1414,0.5026245067516962,0
1415,0.47021310315245674,0
1416,0.47700508080777665,0
1417,0.4677221349307469,0
1418,0.43766030420859653,0
1419,0.4392702405651411,0
1420,0.4441929285724958,0
1421,0.4503122124643554,0
1422,0.453798855699244,0
1423,0.4498466107816923,0
1424,0.43179639499811895,0
1425,0.39528919366144005,0
1426,0.3590459142412459,0
1427,0.3340298065117428,0
1428,0.3246034227666401,0
1429,0.3309728460652488,0
1430,0.3203643361727397,0
1431,0.2915876564525422,0
1432,0.2788154851822626,0
1433,0.28462029425870805,0
1434,0.2837450025337083,0
1435,0.27625069057657603,0
1436,0.31280173893485747,0
1437,0.2762774331938652,0
1438,0.2904126697352954,0
1439,0.28952517431406743,0
1440,0.2816538033740861,0
1441,0.31016886979341507,0
1442,0.32780223268838155,0
1443,0.3256005605771428,0
1444,0.30125178219307036,0
1445,0.3319718110419455,0
1446,0.3332070349937393,0
1447,0.33493657658497494,0
1448,0.3603082771102587,0
1449,0.3385641887074425,0
1450,0.36055665498688105,0
1451,0.39868617767379394,0
1452,0.3907644972205162,0
1453,0.4245304177914347,0
1454,0.45486441786800114,0
1455,0.4595449737140111,0
1456,0.48568431110609145,0
1457,0.48643168239366436,0
1458,0.48731539150079095,0
1459,0.4663282377379281,0
1460,0.5030081162140483,0
1461,0.5072573604328291,0
1462,0.4707376541835921,0
1463,0.47549472926628017,0
1464,0.5003666647133372,0
1465,0.5327530442958787,0
1466,0.5054324755356425,0
1467,0.5309027756253878,0
1468,0.5284350553438777,0
1469,0.4918901334915842,0
1470,0.5012519898868741,0
1471,0.4811747272809346,0
1472,0.44659094938210075,0
1473,0.4527587894172896,0
1474,0.4440744466015271,0
1475,0.4446439576290903,0
1476,0.4768866438950812,0
1477,0.4423520355707124,0
1478,0.43122161463612607,0
1479,0.4694507586814109,0
1480,0.47126626294283647,0
1481,0.46612226856606354,0
1482,0.46362301033167613,0
1483,0.4697649383119175,0
1484,0.46047389968520125,0
1485,0.4505389009912809,0
1486,0.4187389519952593,0
1487,0.43866878889855887,0
1488,0.4481109707128434,0
1489,0.4761849574389912,0
1490,0.5114008120837665,0
1491,0.5043765239062763,0
1492,0.4877776365195001,0
1493,0.4836187788418361,0
1494,0.4784291709462802,0
1495,0.44843987943161107,0
1496,0.4107219104965529,0
1497,0.3752188657720884,0
1498,0.401065404571238,0
1499,0.40139107015870856,0
1500,0.3612657739293007,0
1501,0.38970970078593203,0
1502,0.3892583829306421,0
1503,0.41970789609920406,0
1504,0.44856357609941844,0
1505,0.42002306452819277,0
1506,0.41711300398622236,0
1507,0.41674187176284333,0
1508,0.419710972124622,0
1509,0.3843172813455264,0
1510,0.357045771465415,0
1511,0.35496802734477173,0
1512,0.3556967480551628,0
1513,0.3623658337053798,0
1514,0.3970752017838614,0
1515,0.4285198375582695,0
1516,0.46363449841737747,0
1517,0.4692551270127296,0
1518,0.5053535369890076,0
1519,0.5104068329646473,0
1520,0.5017238184809684,0
1521,0.5015159813421114,0
1522,0.4710866312185923,0
1523,0.4547019189312344,0
1524,0.4373160430363246,0
1525,0.40876705802622293,0
1526,0.4447402375794592,0
1527,0.4614986482830274,0
1528,0.47581708537680756,0
1529,0.4891449138522148,0
1530,0.49945432337976636,0
1531,0.5360266527249699,0
1532,0.5254043046207655,0
1533,0.5615782585172426,0
1534,0.558168178158147,0
1535,0.524983252797808,0
1536,0.5291476249694824,0
1537,0.4969357181163061,0
1538,0.49259135339941296,0
1539,0.46036624411741894,0
1540,0.4258685253915333,0
1541,0.41273571834677736,0
1542,0.41856118823800764,0
1543,0.4508982134007272,0
1544,0.47338090943438665,0
1545,0.46020269039131345,0
1546,0.4600673537878763,0
1547,0.42321911879948204,0
1548,0.38644291283119286,0
1549,0.3748219258018902,0
1550,0.37349541024083177,0
1551,0.37767678960448214,0
1552,0.3772017689687865,0
1553,0.3907988231096948,0
1554,0.3525949517885844,0
1555,0.3590167441538402,0
1556,0.394413455965973,0
1557,0.3875976790274892,0
1558,0.38695236082587914,0
1559,0.4180757477879523,0
1560,0.4135347629586855,0
1561,0.4149649143218994,0
1562,0.4128921138388771,0
1563,0.4390017922435489,0
1564,0.40795965847514926,0
1565,0.3723604182402293,0
1566,0.3718127040635972,0
1567,0.4005405257145564,0
1568,0.4027223147097088,0
1569,0.4156678102555729,0
1570,0.4132689450468336,0
1571,0.37626896408342175,0
1572,0.36383651374351406,0
1573,0.3641652532276653,0
1574,0.35688911271946766,0
1575,0.377649996961866,0
1576,0.36876111229260755,0
1577,0.3324328256504876,0
1578,0.3181399341140474,0
1579,0.3544923727001462,0
1580,0.3541993591047468,0
1581,0.38819301979882376,0
1582,0.3978989681317692,0
1583,0.4340900143697148,0
1584,0.403123419199671,0
1585,0.4033353310965356,0
1586,0.40107637679293034,0
1587,0.4235567266032809,0
1588,0.4290332212334586,0
1589,0.43461861922627404,0
1590,0.4206010273524693,0
1591,0.44702436774969095,0
1592,0.4464889392256736,0
1593,0.4557329455301875,0
1594,0.4574578244771276,0
1595,0.4648807485188757,0
1596,0.44266020009915025,0
1597,0.44243676605678733,0
1598,0.47553819346995574,0
1599,0.4978463316247576,0
1600,0.47241773420856115,0
1601,0.44329865844476796,0
1602,0.4424095558268683,0
1603,0.43310152384496864,0
1604,0.39503805303857437,0
1605,0.42621935833068114,0
1606,0.43368725585086,0
1607,0.4364032713430268,0
1608,0.41596749105623787,0
1609,0.38108011122260776,0
1610,0.3759552329069092,0
1611,0.4044390523007938,0
1612,0.37888800459248684,0
1613,0.38038090758380433,0
1614,0.3722665902404558,0
1615,0.36840475705407916,0
1616,0.34986690077043725,0
1617,0.37340436556509576,0
1618,0.372347178203719,0
1619,0.3517360183454695,0
1620,0.3459776590267817,0
1621,0.36431985171068276,0
1622,0.3629139874662671,0
1623,0.3625586188974834,0
1624,0.3614929619999159,0
1625,0.39278703679641086,0
1626,0.3990879999030204,0
1627,0.4142696350103333,0
1628,0.4142299028379577,0
1629,0.4125632594029109,0
1630,0.40718020392315724,0
1631,0.40500385952847334,0
1632,0.4120544191627275,0
1633,0.4111429821877252,0
1634,0.44315751748425614,0
1635,0.4369775606762794,0
1636,0.4255279114558583,0
1637,0.4061982120786394,0
1638,0.3832290179672695,0
1639,0.39250589481421877,0
1640,0.38318068356741036,0
1641,0.3807534518696013,0
1642,0.3786058340753828,0
1643,0.3786699775428999,0
1644,0.3445948607155255,0
1645,0.34620582099471775,0
1646,0.33847291022539133,0
1647,0.33964059359970544,0
1648,0.3162187284656933,0
1649,0.3486646388967831,0
1650,0.3801810258910769,0
1651,0.38608841065849575,0
1652,0.3861248862175714,0
1653,0.3510482385754585,0
1654,0.3512481745509875,0
1655,0.3187160381958599,0
1656,0.3236352375575475,0
1657,0.30246276976097203,0
1658,0.3064691736584618,0
1659,0.30873589643410276,0
1660,0.33624238556339625,0
1661,0.3360897870290847,0
1662,0.33220270985648753,0
1663,0.30327747407413663,0
1664,0.30652317014478503,0
1665,0.31197960852157497,0
1666,0.33565600535699297,0
1667,0.3450455364017259,0
1668,0.3165437859438715,0
1669,0.32166927591675804,0
1670,0.3212654799932525,0
1671,0.292507682173025,0
1672,0.2970063533811342,0
1673,0.33515816075461247,0
1674,0.35191316086621505,0
1675,0.3847125169067155,0
1676,0.41815327782006484,0
1677,0.41662488629420596,0
1678,0.4395555264893032,0
1679,0.4640231991098041,0
1680,0.4611370155499095,0
1681,0.46314957773401627,0
1682,0.46144408164989387,0
1683,0.4429908497702508,0
1684,0.4755143838978949,0
1685,0.47217462566636853,0
1686,0.4663745587070782,0
1687,0.4413344075991994,0
1688,0.40894345761764617,0
1689,0.41787853588660556,0
1690,0.4157020197737785,0
1691,0.41381801345518654,0
1692,0.42880193995577953,0
1693,0.45168895983979823,0
1694,0.4331052902908552,0
1695,0.4177430399826595,0
1696,0.3914158003670829,0
1697,0.35920581292538417,0
1698,0.36174184225854417,0
1699,0.37088708792413977,0
1700,0.342059632851964,0
1701,0.3706578850036576,0
1702,0.36410698259160634,0
1703,0.4012660848952475,0
1704,0.3978487710867609,0
1705,0.37417688291697276,0
1706,0.4018269404768944,0
1707,0.41644325745957234,0
1708,0.429691354788485,0
1709,0.46789708130416413,0
1710,0.4495111104278337,0
1711,0.44797192762295396,0
1712,0.41585543396927055,0
1713,0.43224777990863433,0
1714,0.3982982160080047,0
1715,0.41129270125003087,0
1716,0.416857330926827,0
1717,0.41138045170477455,0
1718,0.40908804181076225,0
1719,0.4033719397016933,0
1720,0.3701961044044721,0
1721,0.40830764138982406,0
1722,0.3792827523180416,0
1723,0.34783524097431273,0
1724,0.30934649634928924,0
1725,0.3291143292472476,0
1726,0.32030086609579267,0
1727,0.2969585653571855,0
1728,0.28245290049484795,0
1729,0.2714180946350097,0
1730,0.25746616579237436,0
1731,0.2642218470573425,0
1732,0.3002300908168157,0
1733,0.30021089031582787,0
1734,0.26616114377975464,0
1735,0.26871282500880106,0
1736,0.23749136286122455,0
1737,0.23853492311068944,0
1738,0.24490850099495481,0
1739,0.2463188586490495,0
1740,0.25114751642658595,0
1741,0.2873982985814412,0
1742,0.27379852533340454,0
1743,0.2736241540738515,0
1744,0.27349215852362774,0
1745,0.271807444592317,0
1746,0.28571886214472,0
1747,0.28957947875772194,0
1748,0.2832025222125507,0
1749,0.29031108177843545,0
1750,0.2866570608956473,0
1751,0.26345480304388774,0
1752,0.264831695883047,0
1753,0.22549946854511896,0
1754,0.22401619347788035,0
1755,0.2283830312745912,0
1756,0.2626041361973399,0
1757,0.28144819715193337,0
1758,0.30540670419023147,0
1759,0.3343947767501785,0
1760,0.33194036249603537,0
1761,0.3441207064759163,0
1762,0.30848720137562063,0
1763,0.28482962293284275,0
1764,0.28575654292390457,0
1765,0.29449987411499023,0
1766,0.29574471321843915,0
1767,0.27681675446884974,0
1768,0.30626832480941496,0
1769,0.3085058161190577,0
1770,0.30220692001637955,0
1771,0.30984419584274286,0
1772,0.34630195902926575,0
1773,0.36965494957708167,0
1774,0.3719239139131137,0
1775,0.3967217987491971,0
1776,0.39196287237462535,0
1777,0.35642274646531963,0
1778,0.3758410257952553,0
1779,0.38103473896072015,0
1780,0.3431143794386159,0
1781,0.34397415834523376,0
1782,0.3296236127969764,0
1783,0.3654280356353237,0
1784,0.37961476952547113,0
1785,0.41415719776636073,0
1786,0.40529132900493486,0
1787,0.4093684555873985,0
1788,0.40219835741888915,0
1789,0.3700890280306339,0
1790,0.36824150010943413,0
1791,0.39573304763152484,0
1792,0.38853619655682925,0
1793,0.35113778976457455,0
1794,0.35350444895170985,0
1795,0.35236126486034614,0
1796,0.33277338051370214,0
1797,0.3668487066669124,0
1798,0.36804532667710665,0
1799,0.3603737661171527,0
1800,0.324997082530033,0
1801,0.3607233014135134,0
1802,0.3608218686921256,0
1803,0.3590615249815442,0
1804,0.3225772153763545,0
1805,0.3090375938585827,0
1806,0.2993272621007193,0
1807,0.3209902409996305,0
1808,0.31712039631037486,0
1809,0.3066154253624734,0
1810,0.32796066396293183,0
1811,0.33535475816045485,0
1812,0.3250692770594642,0
1813,0.32747411763384227,0
1814,0.3294725744497208,0
1815,0.30308860966137474,0
1816,0.33329849477325163,0
1817,0.3651544909392084,0
1818,0.3634320330761728,0
1819,0.36351130406061805,0
1820,0.3327888214871996,0
1821,0.3542466454562686,0
1822,0.3206706490545045,0
1823,0.3269321709161712,0
1824,0.3616278948528425,0
1825,0.3626349731570198,0
1826,0.36121225428013565,0
1827,0.36243607955319534,0
1828,0.3774238803556987,0
1829,0.3864219681847663,0
1830,0.41760844950165066,0
1831,0.3989984134123439,0
1832,0.39279704079741523,0
1833,0.3764471777138256,0
1834,0.3753542651732762,0
1835,0.38806841486976257,0
1836,0.37914331292822245,0
1837,0.3487136686841647,0
1838,0.31381949037313467,0
1839,0.2917391129192852,0
1840,0.2892976722546986,0
1841,0.28740548661776955,0
1842,0.2997123272646042,0
1843,0.3131537824159577,0
1844,0.3403173340927987,0
1845,0.30534577901874266,0
1846,0.3196502200194767,0
1847,0.34413372547853555,0
1848,0.3182132251205898,0
1849,0.31152244196051637,0
1850,0.32313919989835643,0
1851,0.2914460808748291,0
1852,0.28898169490553083,0
1853,0.29931025278000606,0
1854,0.29848023397581913,0
1855,0.33422077943881345,0
1856,0.32152264778103146,0
1857,0.32462256295340397,0
1858,0.3303533891836801,0
1859,0.3293406920773642,0
1860,0.3190581798553466,0
1861,0.3195060136772337,0
1862,0.3236313795759564,0
1863,0.286988846602894,0
1864,0.3112934394961312,0
1865,0.2784276863648778,0
1866,0.3004328413378624,0
1867,0.32143517938398175,0
1868,0.29833519565207617,0
1869,0.33811002082767944,0
1870,0.31690372136377154,0
1871,0.2964666712851751,0
1872,0.29706978939828416,0
1873,0.29687909888369696,0
1874,0.28663319455725805,0
1875,0.2861334784399895,0
1876,0.25226569495030804,0
1877,0.2589845313202767,0
1878,0.292629765967528,0
1879,0.30315458100466497,0
1880,0.3052422968404633,0
1881,0.30408490874937594,0
1882,0.32480520471220925,0
1883,0.3220590051440965,0
1884,0.3321615893925939,0
1885,0.3216896720585368,0
1886,0.3318658414341154,0
1887,0.310864827462605,0
1888,0.306348157780511,0
1889,0.30528791532630006,0
1890,0.2653774335270836,0
1891,0.2787234499340966,0
1892,0.3144832363440877,0
1893,0.31905651092529297,0
1894,0.3544381406335604,0
1895,0.35721708160071153,0
1896,0.379171792949949,0
1897,0.3912470511027745,0
1898,0.38183852746373137,0
1899,0.3468732000106857,0
1900,0.35412427676575525,0
1901,0.3780526870063373,0
1902,0.3791114205405826,0
1903,0.35843816080263685,0
1904,0.3562239523799646,0
1905,0.38481827736610463,0
1906,0.35932723840787295,0
1907,0.3492143652623607,0
1908,0.3869407916707651,0
1909,0.38674297520802126,0
1910,0.38761007697099725,0
1911,0.39925840763109066,0
1912,0.37797537286366734,0
1913,0.3727849294387159,0
1914,0.36956511384674484,0
1915,0.3666486216797715,0
1916,0.3794637054559731,0
1917,0.3940330277241412,0
1918,0.379701151556912,0
1919,0.39667353725859095,0
1920,0.3983176075631664,0
1921,0.3826356070737044,0
1922,0.37325101044206394,0
1923,0.3743099486898808,0
1924,0.3747528569684142,0
1925,0.3743718910430159,0
1926,0.33792033454491976,0
1927,0.3384497990565641,0
1928,0.37033500575593536,0
1929,0.3322612485360532,0
1930,0.3060510738619736,0
1931,0.30624391511082644,0
1932,0.2934562686298574,0
1933,0.2961513770832902,0
1934,0.26518601232341354,0
1935,0.26713542374117033,0
1936,0.2356609182343596,0
1937,0.21939961310653458,0
1938,0.21709505912093888,0
1939,0.23262279888703707,0
1940,0.21783729766805968,0
1941,0.25414778168002766,0
1942,0.2512805570094358,0
1943,0.24452350199932146,0
1944,0.24396593034977007,0
1945,0.2444627985713028,0
1946,0.27759059412138803,0
1947,0.3138612136244774,0
1948,0.3109180717950775,0
1949,0.31411962743316374,0
1950,0.31462824628466646,0
1951,0.332748756522224,0
1952,0.3339112933192934,0
1953,0.337249185357775,0
1954,0.3338461649559793,0
1955,0.3516581143651689,0
1956,0.3476987200833502,0
1957,0.3667544616120202,0
1958,0.37330428972130725,0
1959,0.3389983351031939,0
1960,0.3268785593765122,0
1961,0.3592855834535189,0
1962,0.321455487183162,0
1963,0.3167912207898638,0
1964,0.3406368295351664,0
1965,0.3393314860406376,0
1966,0.3382532976212956,0
1967,0.30607491873559495,0
1968,0.2695828995534352,0
1969,0.2687665231171108,0
1970,0.23212973596084682,0
1971,0.23176309608277817,0
1972,0.24155020997637788,0
1973,0.23960719080198373,0
1974,0.23687788879587535,0
1975,0.24318478433858778,0
1976,0.2259762223277773,0
1977,0.26583316815750935,0
1978,0.2454290322604633,0
1979,0.23856629324810844,0
1980,0.24073006602979838,0
1981,0.2368002959660121,0
1982,0.22960250718252995,0
1983,0.2277201240261396,0
1984,0.23110414012556982,0
1985,0.23454621469690684,0
1986,0.25401769684893744,0
1987,0.25762676057361417,0
1988,0.28193319376025877,0
1989,0.28384414776450106,0
1990,0.29307247946659715,0
1991,0.29476927965879435,0
1992,0.29338093811557403,0
1993,0.2589870027842976,0
1994,0.27718978588070187,0
1995,0.2847280410074052,0
1996,0.2800706972678502,0
1997,0.2862284346705391,0
1998,0.24707120089303874,0
1999,0.26552451792217435,0
2000,0.2707857319286891,0
2001,0.30158909977901543,0
2002,0.3098435075510116,0
2003,0.3093806888375964,0
2004,0.3129974404970805,0
2005,0.31042105243319557,0
2006,0.2726802176662853,0
2007,0.25688720210677096,0
2008,0.25621591614825384,0
2009,0.25387150652351836,0
2010,0.2521434997518857,0
2011,0.2463349171337627,0
2012,0.26268377403418225,0
2013,0.26700561103366666,0
2014,0.2720459199377468,0
2015,0.2534707710146904,0
2016,0.24732667243196851,0
2017,0.24587302725939522,0
2018,0.24163575718800223,0
2019,0.26659372839189704,0
2020,0.26038148821819396,0
2021,0.2906762478607041,0
2022,0.2585502664248148,0
2023,0.2503000700048038,0
2024,0.24931368409168153,0
2025,0.26345212225403103,0
2026,0.2623422656740461,0
2027,0.28757925508987336,0
2028,0.283877833258538,0
2029,0.29992963160787306,0
2030,0.27810753846452346,0
2031,0.27764574473812464,0
2032,0.30018064947355355,0
2033,0.2848081645511445,0
2034,0.29204512990656356,0
2035,0.2886655032634735,0
2036,0.28732040684138027,0
2037,0.28626841217989013,0
2038,0.2849459353656996,0
2039,0.3148250696914537,0
2040,0.28933409743365784,0
2041,0.2803014939030012,0
2042,0.265351323499566,0
2043,0.2662304827854747,0
2044,0.26588137944539386,0
2045,0.2405548056676274,0
2046,0.2227325499767349,0
2047,0.2525843403169087,0
2048,0.23115527771768116,0
2049,0.26645696056740625,0
2050,0.285232061786311,0
2051,0.3153493986243293,0
2052,0.3165295163080806,0
2053,0.318751549082143,0
2054,0.31594945951586684,0
2055,0.3435417835911115,0
2056,0.3438258848729588,0
2057,0.34639384473363566,0
2058,0.35447142894069356,0
2059,0.3814204033641588,0
2060,0.34865699531066985,0
2061,0.3480051674303555,0
2062,0.3444150221489725,0
2063,0.3241795904579617,0
2064,0.328061747054259,0
2065,0.3299174982877005,0
2066,0.3463513088368234,0
2067,0.3491084997852643,0
2068,0.32148571205990656,0
2069,0.3180162771826699,0
2070,0.32032662701039083,0
2071,0.31512065515631715,0
2072,0.2867869546725636,0
2073,0.29392049958308536,0
2074,0.2696887336316563,0
2075,0.27302431669973193,0
2076,0.23827752009743733,0
2077,0.237281003168651,0
2078,0.23595269556556428,0
2079,0.22945419273206163,0
2080,0.20356155364286332,0
2081,0.20302887083519075,0
2082,0.203468983017263,0
2083,0.20251129461186276,0
2084,0.20146900273504714,0
2085,0.21361266999017622,0
2086,0.21233393145459037,0
2087,0.20068923171077452,0
2088,0.23646402394487742,0
2089,0.2348638127247492,0
2090,0.23443820966141563,0
2091,0.19805688801265894,0
2092,0.16594801701250528,0
2093,0.1676268772709937,0
2094,0.16430944452683133,0
2095,0.16182718425989154,0
2096,0.159883350843475,0
2097,0.1556921665157591,0
2098,0.1558226804648127,0
2099,0.19235232295024962,0
2100,0.19271246769598555,0
2101,0.1930482696209635,0
2102,0.21961067049276262,0
2103,0.22003680325689767,0
2104,0.2597330794447944,0
2105,0.2706909428040186,0
2106,0.25178618924248786,0
2107,0.2770002425781318,0
2108,0.2942196199936526,0
2109,0.2569854193854899,0
2110,0.28929259255528444,0
2111,0.2916543471316496,0
2112,0.30804380543884774,0
2113,0.31155079940245267,0
2114,0.3184324628895237,0
2115,0.31340555367725237,0
2116,0.34904428553723155,0
2117,0.36562362863194375,0
2118,0.3668235517328693,0
2119,0.39177775861961495,0
2120,0.354720181475083,0
2121,0.35629502843533245,0
2122,0.3593020377059777,0
2123,0.3672993121047814,0
2124,0.36856429509463756,0
2125,0.32960938147845714,0
2126,0.3212769870601948,0
2127,0.32317716770228877,0
2128,0.3030821720049494,0
2129,0.30157379415773206,0
2130,0.3190286404320171,0
2131,0.28673910704397015,0
2132,0.28703639869179043,0
2133,0.2705949012722288,0
2134,0.26644447232995716,0
2135,0.2876762683902468,0
2136,0.28879215426388244,0
2137,0.28733621998911807,0
2138,0.29324110597372055,0
2139,0.29546849323170526,0
2140,0.2695612009792101,0
2141,0.2727662335549082,0
2142,0.2683919359530721,0
2143,0.26699896050351,0
2144,0.25059063058523906,0
2145,0.2513838257817995,0
2146,0.2516782964978899,0
2147,0.2501093489783151,0
2148,0.2578742170617694,0
2149,0.29070654085704256,0
2150,0.3091966254370553,0
2151,0.2920433485082217,0
2152,0.32910693578776856,0
2153,0.32547256918180556,0
2154,0.33282668853089925,0
2155,0.334202793382463,0
2156,0.3378351288182395,0
2157,0.3697320244141987,0
2158,0.3689332341863995,0
2159,0.35002836372171126,0
2160,0.3551868320930571,0
2161,0.37102946568103057,0
2162,0.3677460228403408,0
2163,0.36819197485844285,0
2164,0.38670196526107325,0
2165,0.3688443377614021,0
2166,0.3661726628031049,0
2167,0.36639396668899626,0
2168,0.36828406048672535,0
2169,0.36356289436419803,0
2170,0.32625583807627356,0
2171,0.2890339422793615,0
2172,0.3008543703527677,0
2173,0.2665017229460534,0
2174,0.2719123782146544,0
2175,0.26507917791604996,0
2176,0.26367079502060303,0
2177,0.2301666278924261,0
2178,0.1956434721748034,0
2179,0.16091060851301467,0
2180,0.18772036901542116,0
2181,0.18264503706069218,0
2182,0.1863659421602885,0
2183,0.1876323851091521,0
2184,0.18817817668120065,0
2185,0.17428000129404522,0
2186,0.19311299352418806,0
2187,0.19371792496669857,0
2188,0.19650067850237798,0
2189,0.21412861808424902,0
2190,0.21047721554835638,0
2191,0.20973315515688487,0
2192,0.20847217100007193,0
2193,0.21630955452010747,0
2194,0.2153923511505127,0
2195,0.21516073530628566,0
2196,0.21485557513577594,0
2197,0.2153428963252476,0
2198,0.21316182719809668,0
2199,0.23856537576232634,0
2200,0.24052123654456367,0
2201,0.2091798133083752,0
2202,0.21407205398593626,0
2203,0.19794350897982002,0
2204,0.23200230406863345,0
2205,0.2339227802696682,0
2206,0.25833189700331005,0
2207,0.2396014148280734,0
2208,0.23930091127043676,0
2209,0.25533612036988845,0
2210,0.2590592663202967,0
2211,0.2598650643513316,0
2212,0.2952240208784739,0
2213,0.3106225583524931,0
2214,0.327743197835627,0
2215,0.3597714443291936,0
2216,0.39643507379861104,0
2217,0.39549054169938674,0
2218,0.4334033511224248,0
2219,0.4394698813557625,0
2220,0.4143869706562586,0
2221,0.4454808150018964,0
2222,0.44498485255809056,0
2223,0.4376992217841602,0
2224,0.47157908301977874,0
2225,0.46699103819472443,0
2226,0.500799696005526,0
2227,0.46983056621892105,0
2228,0.47010419021050126,0
2229,0.508442699199631,0
2230,0.5086832408394132,0
2231,0.4847775797049204,0
2232,0.48351569012517015,0
2233,0.48559697078807,0
2234,0.47889848869471313,0
2235,0.46308471510807664,0
2236,0.45678249746561045,0
2237,0.4338968413926306,0
2238,0.43446786879074,0
2239,0.3960397144158681,0
2240,0.42649308698517935,0
2241,0.4269305499536651,0
2242,0.39679608423085433,0
2243,0.4016543818371636,0
2244,0.41499654842274525,0
2245,0.4155437815047445,0
2246,0.3852885617386726,0
2247,0.3774524270778609,0
2248,0.3791493166770253,0
2249,0.37872228806927083,0
2250,0.35325147069635837,0
2251,0.36897604451293037,0
2252,0.3972146539461045,0
2253,0.3988238988178117,0
2254,0.36073616963057287,0
2255,0.3537280875302496,0
2256,0.3311911803625879,0
2257,0.3024562512125287,0
2258,0.28478832933164777,0
2259,0.32301301473662963,0
2260,0.3229277882547606,0
2261,0.28767350387005575,0
2262,0.3274822029329481,0
2263,0.339875776143301,0
2264,0.3739582988477888,0
2265,0.3915953061410358,0
2266,0.3563269142593655,0
2267,0.37266402230376283,0
2268,0.346935823559761,0
2269,0.34469829854511075,0
2270,0.35133965029602954,0
2271,0.3389035452689443,0
2272,0.3087746689007395,0
2273,0.28025068768433153,0
2274,0.27997312233561555,0
2275,0.3061221433537346,0
2276,0.3057720547630673,0
2277,0.3087946261678423,0
2278,0.3112661583083016,0
2279,0.3319590627437546,0
2280,0.29344811184065683,0
2281,0.2940323565687452,0
2282,0.3168505660834766,0
2283,0.3097217881253787,0
2284,0.33119492764983854,0
2285,0.2950620491589819,0
2286,0.26362347815717974,0
2287,0.28972661708082476,0
2288,0.2783321113813491,0
2289,0.27557000482366195,0
2290,0.2759041285940579,0
2291,0.2702047466522171,0
2292,0.26976108409109567,0
2293,0.2914780988579704,0
2294,0.2928917067391531,0
2295,0.29315450077965144,0
2296,0.2679157434474854,0
2297,0.2680445746296928,0
2298,0.2656737832086427,0
2299,0.26403558679989403,0
2300,0.24327840549605234,0
2301,0.27263970850479036,0
2302,0.2724484215889658,0
2303,0.2477633481224378,0
2304,0.23682680690572375,0
2305,0.233638472145512,0
2306,0.24981848150491714,0
2307,0.24980803898402623,0
2308,0.22065254655622304,0
2309,0.21555971105893457,0
2310,0.24902007303067616,0
2311,0.24916918646721614,0
2312,0.24769621732689087,0
2313,0.27019918745472316,0
2314,0.24306308336201168,0
2315,0.24365051693859555,0
2316,0.26074918714307604,0
2317,0.268024684772605,0
2318,0.2683283675994192,0
2319,0.26926862412974945,0
2320,0.30470572341056096,0
2321,0.34383279510906767,0
2322,0.31351320197184884,0
2323,0.3130772681463333,0
2324,0.31803420398916527,0
2325,0.3296506014608202,0
2326,0.31681493137563976,0
2327,0.33255925277868903,0
2328,0.3319662944191978,0
2329,0.33176621581826893,0
2330,0.34214945953516734,0
2331,0.3176099633177122,0
2332,0.3174640834331513,0
2333,0.3205201746452423,0
2334,0.33278465625785647,0
2335,0.3345947038559687,0
2336,0.3326719286186354,0
2337,0.3146041809093384,0
2338,0.34221323756944566,0
2339,0.37716132970083327,0
2340,0.38905322125979824,0
2341,0.35360546126252124,0
2342,0.3170886543535051,0
2343,0.35395608735936024,0
2344,0.35451704937787276,0
2345,0.3531057902035259,0
2346,0.3210371299868538,0
2347,0.300412230903194,0
2348,0.30256883764550796,0
2349,0.303249064655531,0
2350,0.30589027738287333,0
2351,0.2957560341982614,0
2352,0.3247566854669934,0
2353,0.32368243680823416,0
2354,0.3608156643098309,0
2355,0.35996987440046807,0
2356,0.37963448305215153,0
2357,0.4207528210466816,0
2358,0.4207446456310295,0
2359,0.38492825467671665,0
2360,0.34664111140938036,0
2361,0.3357978159827846,0
2362,0.35952560266568545,0
2363,0.38043481129265966,0
2364,0.344045142155318,0
2365,0.34653712259162045,0
2366,0.37029454839371506,0
2367,0.4023987187870912,0
2368,0.44059560359233907,0
2369,0.4052667168989068,0
2370,0.44281231310395963,0
2371,0.47292712206641824,0
2372,0.5077259673603942,0
2373,0.4969541790584722,0
2374,0.49796010376442035,0
2375,0.4684542222391991,0
2376,0.43795491719529733,0
2377,0.41758936040458217,0
2378,0.3767232706858998,0
2379,0.4149560754497845,0
2380,0.4155898268024126,0
2381,0.4180568045093899,0
2382,0.4469884875274839,0
2383,0.46102370108876906,0
2384,0.4625438579491206,0
2385,0.4636885796984036,0
2386,0.5002646818757057,0
2387,0.5071676547328631,0
2388,0.5125931164338474,0
2389,0.5139128995083627,0
2390,0.5498744043565931,0
2391,0.547309432001341,0
2392,0.5151432504256566,0
2393,0.5185954322417576,0
2394,0.530696174218541,0
2395,0.5312136887084871,0
2396,0.5496623381262735,1
2397,0.5475515269097827,1
2398,0.5809556139366968,1
2399,0.5962627480427425,1
2400,0.5581540316343307,1
2401,0.5633943730166979,1
2402,0.5607035497114771,1
2403,0.5368609630635806,1
2404,0.5361578865420251,1
2405,0.5448598808475903,1
2406,0.5833123074400992,1
2407,0.58406536955209,1
2408,0.5871734140174729,1
2409,0.5867411866784096,1
2410,0.5867462275283677,1
2411,0.5892940961888858,1
2412,0.589917884341308,1
2413,0.6284438162332489,1
2414,0.628941322011607,1
2415,0.6247614583089238,1
2416,0.6520747052771704,1
2417,0.6240519530006817,1
2418,0.6600792546357428,1
2419,0.6611683563817115,1
2420,0.6799647279438519,1
2421,0.7184019567711013,1
2422,0.7285209067520643,1
2423,0.7323194923145431,1
2424,0.7647505264197075,1
2425,0.728041329554149,1
2426,0.7316068510214486,1
2427,0.7237976519834426,0
2428,0.7199197085130782,0
2429,0.6846951058223133,0
2430,0.6848192055310521,0
2431,0.6476356667422113,0
2432,0.6097036028901736,0
2433,0.5760660636283104,0
2434,0.5742917099878903,0
2435,0.5577824438611666,0
2436,0.5260759616891543,0
2437,0.5002709513618833,0
2438,0.5129534520563624,0
2439,0.47681206500246404,0
2440,0.4439483118199166,0
2441,0.4432430583096686,0
2442,0.408898743490378,0
2443,0.3953089284754935,0
2444,0.39174740087418325,0
2445,0.3537450773375376,0
2446,0.35515705283199045,0
2447,0.3188639875678789,0
2448,0.2906494271897134,0
2449,0.25959213752122157,0
2450,0.2684880743424098,0
2451,0.26437925086134956,0
2452,0.26560668789205094,0
2453,0.2653154354719889,0
2454,0.26317510576475234,0
2455,0.2264374161050433,0
2456,0.21766042780308495,0
2457,0.21782040950797854,0
2458,0.2355224962035815,0
2459,0.2224669236512411,0
2460,0.2519779155651728,0
2461,0.2513570725208237,0
2462,0.2195614714707647,0
2463,0.25067822032031556,0
2464,0.26429981738328934,0
2465,0.26435139420486636,0
2466,0.262489303236916,0
2467,0.2905822162117277,0
2468,0.2913541687386377,0
2469,0.2897665145851317,0
2470,0.2876313804160981,0
2471,0.2821678327662604,0
2472,0.24829496798061187,0
2473,0.24516474278200237,0
2474,0.24456460277239483,0
2475,0.24519577338581994,0
2476,0.24427930620454605,0
2477,0.2312080501800492,0
2478,0.22956018965868724,0
2479,0.20967966956751688,0
2480,0.21198145583981562,0
2481,0.1831505426338741,0
2482,0.18103763177281337,0
2483,0.1953332012607938,0
2484,0.16203055282433826,0
2485,0.14672065845557622,0
2486,0.14706830467496598,0
2487,0.14644512569620494,0
2488,0.11609915927762077,0
2489,0.11811399992023196,0
2490,0.1528302597857657,0
2491,0.15096903663306008,0
2492,0.14879147779373897,0
2493,0.14820758679083418,0
2494,0.14977333765654338,0
2495,0.1490387355997449,0
2496,0.14795453243312381,0
2497,0.14864318143753777,0
2498,0.14796655128399527,0
2499,0.14654546301989327,0
2500,0.1474629512854985,0
2501,0.14536295724766593,0
2502,0.1451089247351601,0
2503,0.14864659983487358,0
2504,0.13378167613631203,0
2505,0.13309540493147712,0
2506,0.13349491144929612,0
2507,0.13496775002706618,0
2508,0.13478631277879077,0
2509,0.1359153421861785,0
2510,0.13281818230946857,0
2511,0.10270587532293227,0
2512,0.1037445497654733,0
2513,0.10283156058617997,0
2514,0.1077519669419243,0
2515,0.10742648549023126,0
2516,0.1097612047479266,0
2517,0.11335447678963342,0
2518,0.11445468451295579,0
2519,0.11509968269438968,0
2520,0.11832190624305179,0
2521,0.1188225494254203,0
2522,0.11994369434458867,0
2523,0.11883748783951711,0
2524,0.11646445592244464,0
2525,0.11728461938244955,0
2526,0.11623868097861606,0
2527,0.11798845621801556,0
2528,0.11735573872214271,0
2529,0.12009874979654947,0
2530,0.12405737844251451,0
2531,0.12399118819407054,0
2532,0.1178381886510622,0
2533,0.12158320773215522,0
2534,0.11949203677830243,0
2535,0.11547644134788286,0
2536,0.11446603405333701,0
2537,0.11692140552969207,0
2538,0.11497085630184128,0
2539,0.11383833399131185,0
2540,0.11405363129008383,0
2541,0.11034607656654857,0
2542,0.12504213427503905,0
2543,0.12825484627059527,0
2544,0.12808417759480928,0
2545,0.12698605177657943,0
2546,0.12655262347488175,0
2547,0.12590186280154045,0
2548,0.12471087117280279,0
2549,0.12323220907932236,0
2550,0.12187923579698519,0
2551,0.11804598800483206,0
2552,0.11801464483141899,0
2553,0.11766142202984718,0
2554,0.11181304763470376,0
2555,0.1131825376124609,0
2556,0.1123840787581035,0
2557,0.11252279153891971,0
2558,0.10917988738843373,0
2559,0.10875389866885685,0
2560,0.11340485371294476,0
2561,0.1157754028127307,0
2562,0.1159829128356207,0
2563,0.10165933909870328,0
2564,0.09636275115467254,0
2565,0.09555883953968683,0
2566,0.10081943018095832,0
2567,0.13121143444663003,0
2568,0.13104667514562607,0
2569,0.12878444826319105,0
2570,0.13014181100186847,0
2571,0.13367599852028345,0
2572,0.13329869224911645,0
2573,0.13487970616136277,0
2574,0.13471178497586933,0
2575,0.1346345738995643,0
2576,0.1550662453685488,0
2577,0.15685794963723135,0
2578,0.19156816069568908,0
2579,0.19529886685666584,0
2580,0.1969100733598073,0
2581,0.19915285635562172,0
2582,0.2235883885905856,0
2583,0.22852693391697748,0
2584,0.2313060373777435,0
2585,0.2328508485640798,0
2586,0.2457761959660621,0
2587,0.24047648161649704,0
2588,0.2086515930436906,0
2589,0.21036916190669647,0
2590,0.21600738877341857,0
2591,0.21573991115604127,0
2592,0.21200864371799286,0
2593,0.2111755985589254,0
2594,0.24768033339863726,0
2595,0.2470100763298216,0
2596,0.2506098055413791,0
2597,0.2321397126430557,0
2598,0.24175633028859184,0
2599,0.20865987560578758,0
2600,0.20382243111020043,0
2601,0.20095371916180566,0
2602,0.1972546683890479,0
2603,0.1701016202569008,0
2604,0.1649937242979095,0
2605,0.16269801592543012,0
2606,0.16232330210152127,0
2607,0.1501884964250383,0
2608,0.1508677314434733,0
2609,0.15385018501962935,0
2610,0.1522545601640429,0
2611,0.1495292708277702,0
2612,0.1482151686435654,0
2613,0.14820002019405365,0
2614,0.15694294195799602,0
2615,0.1191541619953655,0
2616,0.11940738629727136,0
2617,0.11768016609407607,0
2618,0.11525602745158331,0
2619,0.10322142037607375,0
2620,0.1033660453699884,0
2621,0.10268882449184145,0
2622,0.1042343381614912,0
2623,0.10339872042338052,0
2624,0.10246727154368444,0
2625,0.10320494820674259,0
2626,0.10101089874903359,0
2627,0.10103773609513328,0
2628,0.10274956233444668,0
2629,0.10934105018774669,0
2630,0.11084093863055819,0
2631,0.11189769988968258,0
2632,0.1245111251870791,0
2633,0.12495656063159306,0
2634,0.12721339613199234,0
2635,0.15718339206207366,0
2636,0.15660980059987023,0
2637,0.15837741217442924,0
2638,0.1571069455572537,0
2639,0.157917035477502,0
2640,0.1578906707110859,0
2641,0.1809960089269138,0
2642,0.18100152803318842,0
2643,0.1806092482237589,0
2644,0.21541672483796165,0
2645,0.2484701687381381,0
2646,0.253729824863729,0
2647,0.25713370953287396,0
2648,0.26012539828107467,0
2649,0.25836116997968583,0
2650,0.25364994364125387,0
2651,0.25011130138522103,0
2652,0.2504813575318881,0
2653,0.23794504326014287,0
2654,0.2517257151859147,0
2655,0.2489215554226012,0
2656,0.21104596306880313,0
2657,0.2130896257502692,0
2658,0.21179208443278358,0
2659,0.21187806306850346,0
2660,0.2115254246053241,0
2661,0.2494247218682652,0
2662,0.23311740195467356,0
2663,0.23428998177959806,0
2664,0.2349627035714331,0
2665,0.23436612352019265,0
2666,0.22253536787771044,0
2667,0.21790853036301477,0
2668,0.21535629779100418,0
2669,0.2115957885980606,0
2670,0.21269728562661577,0
2671,0.22000938263677414,0
2672,0.22334979261670793,0
2673,0.22395933242071242,0
2674,0.22518263899144667,0
2675,0.22987563056605198,0
2676,0.2371473613949049,0
2677,0.2418905326298305,0
2678,0.24012591618867146,0
2679,0.24098748323463257,0
2680,0.24076725755419048,0
2681,0.2412443427102906,0
2682,0.20911897612469535,0
2683,0.20094822169769377,0
2684,0.19980627724102565,0
2685,0.20112715235778264,0
2686,0.16442163040240604,0
2687,0.14711533664237883,0
2688,0.17028949622597014,0
2689,0.17151191724198206,0
2690,0.17170972554456618,0
2691,0.17145966632025583,0
2692,0.16168686783029917,0
2693,0.1567551032418296,0
2694,0.19060127791904263,0
2695,0.18662595606985544,0
2696,0.1683529136436326,0
2697,0.16345650844630738,0
2698,0.15917414710635225,0
2699,0.1591853751313118,0
2700,0.170286204843294,0
2701,0.17186120897531504,0
2702,0.1708715582887331,0
2703,0.16580163155283242,0
2704,0.1678917301552636,0
2705,0.1692821397667839,0
2706,0.16626155802181786,0
2707,0.16830500321728842,0
2708,0.1656578779220581,0
2709,0.14129062954868588,0
2710,0.13998976882014955,0
2711,0.139178230648949,0
2712,0.1394500381180218,0
2713,0.14195085707164942,0
2714,0.1804154071779478,0
2715,0.14530578007300693,0
2716,0.14650112248602368,0
2717,0.14717971639973776,0
2718,0.14769933904920307,0
2719,0.14578917161339805,0
2720,0.1484748227965264,0
2721,0.13616955422219773,0
2722,0.172741728524367,0
2723,0.17413726236139024,0
2724,0.1733574203792072,0
2725,0.17011659237600507,0
2726,0.17030738861787884,0
2727,0.17016127882968807,0
2728,0.1709191117967878,0
2729,0.1760292528640656,0
2730,0.17899749215160096,0
2731,0.17942624468178975,0
2732,0.18029794380778358,0
2733,0.1819499447232201,0
2734,0.18623696125689007,0
2735,0.1486665883234569,0
2736,0.14989317634275978,0
2737,0.1506538309511684,0
2738,0.15156335064343043,0
2739,0.15202061122372035,0
2740,0.17121621114867072,0
2741,0.17103535433610279,0
2742,0.1800276307123048,0
2743,0.14193359939824965,0
2744,0.14108030320633025,0
2745,0.14095869624898544,0
2746,0.14201589248010088,0
2747,0.14476541784547622,0
2748,0.14588475191877,0
2749,0.14432924666575023,0
2750,0.13846499224503836,0
2751,0.13665344849938435,0
2752,0.13577705550761449,0
2753,0.1360123941586131,0
2754,0.13392032647416707,0
2755,0.1263000099431901,0
2756,0.12673524909076236,0
2757,0.12478198643241609,0
2758,0.1235898814740635,0
2759,0.12338805447022119,0
2760,0.12065532768056506,0
2761,0.10259345315751574,0
2762,0.09969470685436611,0
2763,0.09272712681974682,0
2764,0.0939649889866511,0
2765,0.09575012716509046,0
2766,0.12531746746528716,0
2767,0.1259854964557148,0
2768,0.12214499818427221,0
2769,0.12017635167354629,0
2770,0.11970922581496693,0
2771,0.12135871552995273,0
2772,0.12027247374256451,0
2773,0.12122586067943344,0
2774,0.13094251372274898,0
2775,0.12924678073752494,0
2776,0.12993566319346428,0
2777,0.13160069162646928,0
2778,0.13288434080424763,0
2779,0.13456713603365988,0
2780,0.13292183957639195,0
2781,0.132561674252862,0
2782,0.133670478527035,0
2783,0.13298589328215235,0
2784,0.13321151140899884,0
2785,0.1337123688842569,0
2786,0.13831248506903648,0
2787,0.11109864339232445,0
2788,0.11225764648545355,0
2789,0.11343313984218098,0
2790,0.11381319200708753,0
2791,0.11380010736840113,0
2792,0.11232899129390718,0
2793,0.11889370495364779,0
2794,0.11764145003897802,0
2795,0.10870519741660073,0
2796,0.10991563541548593,0
2797,0.1121198201463336,0
2798,0.11097814355577741,0
2799,0.11385365575551987,0
2800,0.11204096710398084,0
2801,0.11346787356194996,0
2802,0.11446217270124524,0
2803,0.1122874972366151,0
2804,0.11364808501232238,0
2805,0.114721533088457,0
2806,0.11239952523083914,0
2807,0.10748838420425143,0
2808,0.10786877324183781,0
2809,0.10720514825412204,0
2810,0.10658588792596542,0
2811,0.1080414975682894,0
2812,0.14339937234208694,0
2813,0.1460665546002842,0
2814,0.14010828023865107,0
2815,0.13985666064989,0
2816,0.13914735295942848,0
2817,0.158700290889967,0
2818,0.15671434466327938,0
2819,0.15508389721314111,0
2820,0.15165172694694426,0
2821,0.15100865988504317,0
2822,0.16685072510015395,0
2823,0.16527740444455827,0
2824,0.1663517558148929,0
2825,0.16998498957781563,0
2826,0.16746324549118677,0
2827,0.1686098146296683,0
2828,0.16984587659438452,0
2829,0.16826036607935313,0
2830,0.1666717582515308,0
2831,0.16606130592879792,0
2832,0.16688103512639088,0
2833,0.13274507721265155,0
2834,0.13004816678308306,0
2835,0.1303851657680103,0
2836,0.1305520577090127,0
2837,0.13129658039127076,0
2838,0.11144497671297618,0
2839,0.13725900224276952,0
2840,0.13802706485702876,0
2841,0.13898464434203645,0
2842,0.15950114705732887,0
2843,0.14237074802319208,0
2844,0.14417540175574164,0
2845,0.15041390735478624,0
2846,0.14734875304358344,0
2847,0.14835440651291892,0
2848,0.15083102669034684,0
2849,0.14870352298021317,0
2850,0.14983909825483957,0
2851,0.14925368272122883,0
2852,0.15128927571432932,0
2853,0.1508095001890546,0
2854,0.16385512657108758,0
2855,0.1655722856521606,0
2856,0.1658657154157048,0
2857,0.17113158745425086,0
2858,0.17158434007849008,0
2859,0.1716958926547141,0
2860,0.14581434641565594,0
2861,0.14636889561301183,0
2862,0.14628521601359049,0
2863,0.12656654701346443,0
2864,0.12786974828867687,0
2865,0.12685523395027434,0
2866,0.12011378471340452,0
2867,0.1199497686965125,0
2868,0.11483186660777954,0
2869,0.10778867524294625,0
2870,0.10287642337027049,0
2871,0.09722228454692022,0
2872,0.09345352365857079,0
2873,0.08751407655931655,0
2874,0.08259434820640653,0
2875,0.06436872092031296,0
2876,0.05886492878198623,0
2877,0.05389259223427091,0
