Vg_V,P_uC_cm2,E_MV_cm,E_over_Fc
4,3.90744,0.333258,0.238041
3.975,3.89723,0.326617,0.233298
3.95,3.88689,0.320005,0.228575
3.925,3.87643,0.313422,0.223873
3.9,3.86584,0.306867,0.219191
3.875,3.85512,0.300341,0.214529
3.85,3.84428,0.293844,0.209888
3.825,3.83331,0.287375,0.205268
3.8,3.82221,0.280935,0.200668
3.775,3.81098,0.274525,0.196089
3.75,3.79963,0.268143,0.19153
3.725,3.78814,0.261789,0.186992
3.7,3.77653,0.255465,0.182475
3.675,3.7648,0.24917,0.177978
3.65,3.75293,0.242903,0.173502
3.625,3.74094,0.236666,0.169047
3.6,3.72882,0.230457,0.164612
3.575,3.71657,0.224277,0.160198
3.55,3.70419,0.218126,0.155804
3.525,3.69169,0.212004,0.151431
3.5,3.67906,0.205911,0.147079
3.475,3.6663,0.199846,0.142747
3.45,3.65342,0.19381,0.138436
3.425,3.64041,0.187803,0.134145
3.4,3.62728,0.181824,0.129875
3.375,3.61402,0.175874,0.125625
3.35,3.60063,0.169953,0.121395
3.325,3.58712,0.16406,0.117186
3.3,3.57349,0.158195,0.112996
3.275,3.55973,0.152359,0.108828
3.25,3.54584,0.146551,0.104679
3.225,3.53183,0.140771,0.10055
3.2,3.5177,0.135019,0.0964419
3.175,3.50345,0.129295,0.0923534
3.15,3.48908,0.123599,0.0882848
3.125,3.47458,0.11793,0.084236
3.1,3.45996,0.11229,0.0802071
3.075,3.44522,0.106677,0.0761979
3.05,3.43037,0.101092,0.0722083
3.025,3.41539,0.0955337,0.0682383
3,3.40029,0.090003,0.0642878
2.975,3.38508,0.0844995,0.0603568
2.95,3.36975,0.079023,0.056445
2.925,3.3543,0.0735735,0.0525525
2.9,3.33873,0.0681508,0.0486791
2.875,3.32305,0.0627548,0.0448248
2.85,3.30725,0.0573853,0.0409895
2.825,3.29134,0.0520423,0.0371731
2.8,3.27531,0.0467257,0.0333755
2.775,3.25917,0.0414352,0.0295965
2.75,3.24292,0.0361707,0.0258362
2.725,3.22656,0.0309322,0.0220944
2.7,3.21009,0.0257194,0.018371
2.675,3.1935,0.0205323,0.0146659
2.65,3.17681,0.0153707,0.0109791
2.625,3.16001,0.0102345,0.00731038
2.6,3.1431,0.00512354,0.00365967
2.575,3.12608,3.76398e-05,2.68856e-05
2.55,3.10896,-0.00502333,-0.00358809
2.525,3.09173,-0.0100595,-0.00718537
2.5,3.07439,-0.0150711,-0.010765
2.475,3.05695,-0.0200581,-0.0143272
2.45,3.03941,-0.0250209,-0.017872
2.425,3.02177,-0.0299594,-0.0213996
2.4,3.00402,-0.0348739,-0.0249099
2.375,2.98618,-0.0397646,-0.0284033
2.35,2.96823,-0.0446315,-0.0318796
2.325,2.95019,-0.0494749,-0.0353392
2.3,2.93204,-0.0542948,-0.038782
2.275,2.9138,-0.0590915,-0.0422082
2.25,2.89546,-0.0638651,-0.0456179
2.225,2.87703,-0.0686157,-0.0490112
2.2,2.8585,-0.0733436,-0.0523883
2.175,2.83988,-0.0780488,-0.0557492
2.15,2.82117,-0.0827316,-0.059094
2.125,2.80236,-0.087392,-0.0624228
2.1,2.78346,-0.0920302,-0.0657359
2.075,2.76447,-0.0966465,-0.0690332
2.05,2.7454,-0.101241,-0.0723149
2.025,2.72623,-0.105813,-0.0755811
2,2.70698,-0.110365,-0.0788318
1.975,2.68764,-0.114894,-0.0820673
1.95,2.66821,-0.119403,-0.0852877
1.925,2.6487,-0.12389,-0.0884929
1.9,2.6291,-0.128356,-0.0916832
1.875,2.60942,-0.132802,-0.0948586
1.85,2.58966,-0.137227,-0.0980192
1.825,2.56982,-0.141631,-0.101165
1.8,2.5499,-0.146015,-0.104297
1.775,2.5299,-0.150379,-0.107414
1.75,2.50982,-0.154723,-0.110516
1.725,2.48966,-0.159047,-0.113605
1.7,2.46943,-0.163351,-0.116679
1.675,2.44912,-0.167635,-0.119739
1.65,2.42874,-0.171899,-0.122785
1.625,2.40829,-0.176145,-0.125818
1.6,2.38776,-0.18037,-0.128836
1.575,2.36716,-0.184577,-0.131841
1.55,2.34649,-0.188765,-0.134832
1.525,2.32576,-0.192933,-0.13781
1.5,2.30495,-0.197083,-0.140774
1.475,2.28408,-0.201214,-0.143725
1.45,2.26314,-0.205327,-0.146662
1.425,2.24214,-0.209421,-0.149586
1.4,2.22107,-0.213497,-0.152498
1.375,2.19994,-0.217554,-0.155396
1.35,2.17875,-0.221594,-0.158281
1.325,2.1575,-0.225615,-0.161154
1.3,2.13619,-0.229618,-0.164013
1.275,2.11483,-0.233604,-0.16686
1.25,2.0934,-0.237571,-0.169694
1.225,2.07192,-0.241521,-0.172515
1.2,2.05039,-0.245453,-0.175324
1.175,2.02881,-0.249368,-0.17812
1.15,2.00717,-0.253265,-0.180904
1.125,1.98549,-0.257145,-0.183675
1.1,1.96375,-0.261007,-0.186434
1.075,1.94197,-0.264852,-0.18918
1.05,1.92015,-0.268679,-0.191914
1.025,1.89828,-0.272489,-0.194635
1,1.87637,-0.276282,-0.197344
0.975,1.85442,-0.280057,-0.200041
0.95,1.83243,-0.283815,-0.202725
0.925,1.81041,-0.287555,-0.205397
0.9,1.78835,-0.291278,-0.208056
0.875,1.76626,-0.294983,-0.210702
0.85,1.74414,-0.298671,-0.213336
0.825,1.722,-0.302341,-0.215958
0.8,1.69983,-0.305993,-0.218566
0.775,1.67764,-0.309626,-0.221162
0.75,1.65544,-0.313242,-0.223744
0.725,1.63322,-0.316839,-0.226313
0.7,1.61099,-0.320417,-0.228869
0.675,1.58875,-0.323975,-0.231411
0.65,1.56652,-0.327515,-0.233939
0.625,1.54428,-0.331034,-0.236453
0.6,1.52206,-0.334532,-0.238951
0.575,1.49985,-0.338009,-0.241435
0.55,1.47766,-0.341464,-0.243903
0.525,1.45551,-0.344896,-0.246354
0.5,1.43339,-0.348304,-0.248788
0.475,1.41133,-0.351686,-0.251204
0.45,1.38934,-0.355041,-0.253601
0.425,1.36743,-0.358367,-0.255976
0.4,1.34562,-0.36166,-0.258329
0.375,1.32393,-0.364919,-0.260657
0.35,1.30241,-0.368139,-0.262957
0.325,1.28108,-0.371315,-0.265225
0.3,1.25999,-0.374441,-0.267458
0.275,1.2392,-0.377508,-0.269648
0.25,1.21879,-0.380506,-0.27179
0.225,1.19886,-0.383421,-0.273872
0.2,1.17956,-0.386234,-0.275881
0.175,1.16107,-0.388917,-0.277798
0.15,1.14369,-0.391431,-0.279593
0.125,1.1278,-0.39372,-0.281229
0.1,1.11396,-0.395709,-0.282649
0.075,1.10283,-0.397303,-0.283788
0.05,1.09493,-0.398435,-0.284596
0.025,1.09013,-0.399119,-0.285085
1.02141e-14,1.08764,-0.399475,-0.28534
-0.025,1.08644,-0.399646,-0.285462
-0.05,1.08585,-0.39973,-0.285521
-0.075,1.08552,-0.399776,-0.285555
-0.1,1.0853,-0.399808,-0.285577
-0.125,1.08513,-0.399833,-0.285595
-0.15,1.08497,-0.399855,-0.285611
-0.175,1.08482,-0.399876,-0.285626
-0.2,1.08468,-0.399896,-0.28564
-0.225,1.08454,-0.399917,-0.285655
-0.25,1.08439,-0.399937,-0.285669
-0.275,1.08425,-0.399957,-0.285683
-0.3,1.08411,-0.399976,-0.285697
-0.325,1.08398,-0.399996,-0.285711
-0.35,1.08384,-0.400016,-0.285725
-0.375,1.0837,-0.400035,-0.285739
-0.4,1.08356,-0.400055,-0.285753
-0.425,1.08342,-0.400074,-0.285767
-0.45,1.08328,-0.400094,-0.285781
-0.475,1.08315,-0.400114,-0.285795
-0.5,1.083,-0.400134,-0.28581
-0.525,1.08284,-0.400156,-0.285826
-0.55,1.08265,-0.400183,-0.285845
-0.575,1.08238,-0.400222,-0.285873
-0.6,1.0819,-0.40029,-0.285922
-0.625,1.08097,-0.400424,-0.286017
-0.65,1.07916,-0.400682,-0.286201
-0.675,1.07606,-0.401123,-0.286516
-0.7,1.07154,-0.401767,-0.286976
-0.725,1.06573,-0.402594,-0.287567
-0.75,1.05887,-0.403568,-0.288263
-0.775,1.05117,-0.404661,-0.289044
-0.8,1.04274,-0.405855,-0.289896
-0.825,1.03367,-0.407138,-0.290813
-0.85,1.02395,-0.40851,-0.291793
-0.875,1.01357,-0.409973,-0.292838
-0.9,1.00247,-0.411534,-0.293953
-0.925,0.990579,-0.413201,-0.295144
-0.95,0.977846,-0.414983,-0.296417
-0.975,0.964218,-0.416886,-0.297776
-1,0.949672,-0.418912,-0.299223
-1.025,0.934215,-0.421058,-0.300756
-1.05,0.917881,-0.42332,-0.302371
-1.075,0.900724,-0.425688,-0.304063
-1.1,0.882808,-0.428154,-0.305824
-1.125,0.864203,-0.430706,-0.307647
-1.15,0.844978,-0.433334,-0.309524
-1.175,0.825198,-0.436029,-0.311449
-1.2,0.804923,-0.438782,-0.313416
-1.225,0.784208,-0.441585,-0.315418
-1.25,0.763099,-0.44443,-0.31745
-1.275,0.741639,-0.447314,-0.31951
-1.3,0.719863,-0.450228,-0.321592
-1.325,0.697804,-0.453171,-0.323693
-1.35,0.675489,-0.456136,-0.325812
-1.375,0.652942,-0.459122,-0.327944
-1.4,0.630185,-0.462125,-0.330089
-1.425,0.607234,-0.465143,-0.332245
-1.45,0.584107,-0.468173,-0.334409
-1.475,0.560817,-0.471213,-0.336581
-1.5,0.537376,-0.474263,-0.338759
-1.525,0.513795,-0.477319,-0.340942
-1.55,0.490085,-0.480382,-0.34313
-1.575,0.466253,-0.48345,-0.345321
-1.6,0.442307,-0.486522,-0.347516
-1.625,0.418255,-0.489597,-0.349712
-1.65,0.394101,-0.492674,-0.35191
-1.675,0.369852,-0.495753,-0.35411
-1.7,0.345512,-0.498834,-0.35631
-1.725,0.321086,-0.501915,-0.358511
-1.75,0.296579,-0.504996,-0.360712
-1.775,0.271993,-0.508077,-0.362912
-1.8,0.247332,-0.511158,-0.365113
-1.825,0.2226,-0.514237,-0.367312
-1.85,0.197799,-0.517316,-0.369511
-1.875,0.172932,-0.520393,-0.371709
-1.9,0.148002,-0.523468,-0.373906
-1.925,0.12301,-0.526542,-0.376101
-1.95,0.0979585,-0.529613,-0.378295
-1.975,0.07285,-0.532683,-0.380488
-2,0.0476861,-0.535749,-0.382678
-2.025,0.0224685,-0.538814,-0.384867
-2.05,-0.00280111,-0.541876,-0.387054
-2.075,-0.0281213,-0.544935,-0.389239
-2.1,-0.0534906,-0.547992,-0.391423
-2.125,-0.0789076,-0.551046,-0.393604
-2.15,-0.104371,-0.554097,-0.395783
-2.175,-0.12988,-0.557145,-0.397961
-2.2,-0.155432,-0.56019,-0.400136
-2.225,-0.181028,-0.563232,-0.402309
-2.25,-0.206666,-0.566271,-0.404479
-2.275,-0.232344,-0.569307,-0.406648
-2.3,-0.258062,-0.57234,-0.408814
-2.325,-0.283819,-0.57537,-0.410979
-2.35,-0.309615,-0.578397,-0.413141
-2.375,-0.335447,-0.581421,-0.415301
-2.4,-0.361316,-0.584442,-0.417459
-2.425,-0.387221,-0.58746,-0.419614
-2.45,-0.41316,-0.590474,-0.421767
-2.475,-0.439134,-0.593486,-0.423919
-2.5,-0.46514,-0.596495,-0.426068
-2.525,-0.49118,-0.599501,-0.428215
-2.55,-0.517251,-0.602503,-0.43036
-2.575,-0.543354,-0.605503,-0.432502
-2.6,-0.569487,-0.6085,-0.434643
-2.625,-0.595651,-0.611494,-0.436781
-2.65,-0.621844,-0.614485,-0.438918
-2.675,-0.648066,-0.617473,-0.441052
-2.7,-0.674316,-0.620459,-0.443185
-2.725,-0.700594,-0.623442,-0.445315
-2.75,-0.726899,-0.626422,-0.447444
-2.775,-0.753231,-0.629399,-0.449571
-2.8,-0.779589,-0.632374,-0.451695
-2.825,-0.805972,-0.635346,-0.453818
-2.85,-0.83238,-0.638315,-0.455939
-2.875,-0.858813,-0.641282,-0.458059
-2.9,-0.885269,-0.644247,-0.460176
-2.925,-0.911748,-0.647208,-0.462292
-2.95,-0.938251,-0.650168,-0.464406
-2.975,-0.964776,-0.653125,-0.466518
-3,-0.991322,-0.65608,-0.468628
-3.025,-1.01789,-0.659032,-0.470737
-3.05,-1.04448,-0.661983,-0.472845
-3.075,-1.07109,-0.664931,-0.47495
-3.1,-1.09772,-0.667877,-0.477055
-3.125,-1.12437,-0.67082,-0.479157
-3.15,-1.15104,-0.673762,-0.481259
-3.175,-1.17772,-0.676702,-0.483358
-3.2,-1.20443,-0.67964,-0.485457
-3.225,-1.23115,-0.682576,-0.487554
-3.25,-1.2579,-0.68551,-0.48965
-3.275,-1.28466,-0.688442,-0.491744
-3.3,-1.31143,-0.691372,-0.493837
-3.325,-1.33822,-0.694301,-0.49593
-3.35,-1.36503,-0.697229,-0.49802
-3.375,-1.39186,-0.700154,-0.50011
-3.4,-1.41869,-0.703078,-0.502199
-3.425,-1.44555,-0.706001,-0.504286
-3.45,-1.47242,-0.708922,-0.506373
-3.475,-1.4993,-0.711842,-0.508458
-3.5,-1.5262,-0.71476,-0.510543
-3.525,-1.55311,-0.717677,-0.512627
-3.55,-1.58003,-0.720593,-0.51471
-3.575,-1.60697,-0.723508,-0.516792
-3.6,-1.63391,-0.726422,-0.518873
-3.625,-1.66087,-0.729335,-0.520953
-3.65,-1.68785,-0.732246,-0.523033
-3.675,-1.71483,-0.735157,-0.525112
-3.7,-1.74182,-0.738067,-0.527191
-3.725,-1.76883,-0.740976,-0.529268
-3.75,-1.79584,-0.743884,-0.531346
-3.775,-1.82287,-0.746791,-0.533422
-3.8,-1.8499,-0.749698,-0.535499
-3.825,-1.87694,-0.752605,-0.537575
-3.85,-1.904,-0.75551,-0.53965
-3.875,-1.93106,-0.758415,-0.541725
-3.9,-1.95813,-0.76132,-0.5438
-3.925,-1.9852,-0.764224,-0.545874
-3.95,-2.01228,-0.767128,-0.547949
-3.975,-2.03938,-0.770032,-0.550023
-4,-2.06647,-0.772935,-0.552097
