V_G_V,E_MVcm,P_uCcm2
4.000000000000000000e+00,-5.447029403067569220e-01,-2.922215707201920143e+00
3.975000000000000089e+00,-5.369578904279989073e-01,-2.917011775988089806e+00
3.950000000000000178e+00,-5.292264145507949991e-01,-2.911748792269039932e+00
3.924999999999999822e+00,-5.215086034615450394e-01,-2.906426369295250112e+00
3.899999999999999911e+00,-5.138045472887419196e-01,-2.901044123711679745e+00
3.875000000000000000e+00,-5.061143354802259964e-01,-2.895601675682089926e+00
3.850000000000000089e+00,-4.984380567770289594e-01,-2.890098649010690135e+00
3.825000000000000178e+00,-4.907757991885869919e-01,-2.884534671264140204e+00
3.799999999999999822e+00,-4.831276499680479675e-01,-2.878909373893059787e+00
3.774999999999999911e+00,-4.754936955876859495e-01,-2.873222392352949850e+00
3.750000000000000000e+00,-4.678740217145530011e-01,-2.867473366224489784e+00
3.725000000000000089e+00,-4.602687131863199554e-01,-2.861661939333040028e+00
3.700000000000000178e+00,-4.526778539873619889e-01,-2.855787759867490117e+00
3.674999999999999822e+00,-4.451015272251139798e-01,-2.849850480498099969e+00
3.649999999999999911e+00,-4.375398151066799413e-01,-2.843849758493500079e+00
3.625000000000000000e+00,-4.299927989157519836e-01,-2.837785255836600129e+00
3.600000000000000089e+00,-4.224605589898379754e-01,-2.831656639339489967e+00
3.575000000000000178e+00,-4.149431746978209934e-01,-2.825463580757050064e+00
3.549999999999999822e+00,-4.074407244178759879e-01,-2.819205756899469950e+00
3.524999999999999911e+00,-3.999532855157529876e-01,-2.812882849743340241e+00
3.500000000000000000e+00,-3.924809343234469949e-01,-2.806494546541419943e+00
3.475000000000000089e+00,-3.850237461182819954e-01,-2.800040539930940042e+00
3.450000000000000178e+00,-3.775817951024229568e-01,-2.793520528040430051e+00
3.424999999999999822e+00,-3.701551543828199842e-01,-2.786934214594899650e+00
3.399999999999999911e+00,-3.627438959516319783e-01,-2.780281309019429603e+00
3.375000000000000000e+00,-3.553480906671139805e-01,-2.773561526541060029e+00
3.350000000000000089e+00,-3.479678082350179946e-01,-2.766774588288900105e+00
3.325000000000000178e+00,-3.406031171904989607e-01,-2.759920221392380135e+00
3.299999999999999822e+00,-3.332540848805529698e-01,-2.752998159077729934e+00
3.274999999999999911e+00,-3.259207774470109786e-01,-2.746008140762429939e+00
3.250000000000000000e+00,-3.186032598101139479e-01,-2.738949912147799814e+00
3.225000000000000089e+00,-3.113015956538889850e-01,-2.731823225310630043e+00
3.200000000000000178e+00,-3.040158474091169682e-01,-2.724627838790029788e+00
3.174999999999999822e+00,-2.967460762384629969e-01,-2.717363517673399897e+00
3.149999999999999911e+00,-2.894923420231749756e-01,-2.710030033681389838e+00
3.125000000000000000e+00,-2.822547033496999869e-01,-2.702627165249809948e+00
3.100000000000000089e+00,-2.750332174969770116e-01,-2.695154697609470240e+00
3.075000000000000178e+00,-2.678279404245240136e-01,-2.687612422863820072e+00
3.049999999999999822e+00,-2.606389267607839844e-01,-2.680000140063929948e+00
3.024999999999999911e+00,-2.534662297925299734e-01,-2.672317655281560178e+00
3.000000000000000000e+00,-2.463099014549649801e-01,-2.664564781679770178e+00
2.975000000000000089e+00,-2.391699923224929747e-01,-2.656741339581359718e+00
2.950000000000000178e+00,-2.320465516002239714e-01,-2.648847156534739788e+00
2.924999999999999822e+00,-2.249396271162329708e-01,-2.640882067377679832e+00
2.899999999999999911e+00,-2.178492653145809865e-01,-2.632845914298480139e+00
2.875000000000000000e+00,-2.107755112491119798e-01,-2.624738546894989977e+00
2.850000000000000089e+00,-2.037184085780359977e-01,-2.616559822231180110e+00
2.825000000000000178e+00,-1.966779995593029851e-01,-2.608309604891379863e+00
2.799999999999999822e+00,-1.896543250468019914e-01,-2.599987767032200026e+00
2.774999999999999911e+00,-1.826474244873640129e-01,-2.591594188432190027e+00
2.750000000000000000e+00,-1.756573359186049954e-01,-2.583128756539139648e+00
2.725000000000000089e+00,-1.686840959676089990e-01,-2.574591366515179836e+00
2.700000000000000178e+00,-1.617277398504709807e-01,-2.565981921279650191e+00
2.674999999999999822e+00,-1.547883013727559820e-01,-2.557300331549820172e+00
2.649999999999999911e+00,-1.478658129309719793e-01,-2.548546515879629659e+00
2.625000000000000000e+00,-1.409603055141849803e-01,-2.539720400695490099e+00
2.600000000000000089e+00,-1.340718087073299869e-01,-2.530821920330889707e+00
2.575000000000000178e+00,-1.272003559499750025e-01,-2.521851023955339777e+00
2.549999999999999822e+00,-1.203459963291169943e-01,-2.512807691603339943e+00
2.524999999999999911e+00,-1.135087574731609844e-01,-2.503691885656489813e+00
2.500000000000000000e+00,-1.066886630883349951e-01,-2.494503573220520298e+00
2.475000000000000089e+00,-9.988573552479099171e-02,-2.485242729473640111e+00
2.450000000000000178e+00,-9.309999578543649845e-02,-2.475909337691029943e+00
2.424999999999999822e+00,-8.633146353574820686e-02,-2.466503389267869828e+00
2.399999999999999911e+00,-7.958015711458309160e-02,-2.457024883740909882e+00
2.375000000000000000e+00,-7.284609354601540021e-02,-2.447473828808790053e+00
2.350000000000000089e+00,-6.612928855219669944e-02,-2.437850240351119968e+00
2.325000000000000178e+00,-5.942975656727329803e-02,-2.428154142446569796e+00
2.299999999999999822e+00,-5.274751075236890074e-02,-2.418385567390000102e+00
2.274999999999999911e+00,-4.608256301166119978e-02,-2.408544555708739932e+00
2.250000000000000000e+00,-3.943492400956689903e-02,-2.398631156178289814e+00
2.225000000000000089e+00,-3.280460318906490425e-02,-2.388645425837490066e+00
2.200000000000000178e+00,-2.619160879118009877e-02,-2.378587430003349823e+00
2.174999999999999822e+00,-1.959594787565489826e-02,-2.368457242285740172e+00
2.149999999999999911e+00,-1.301762634284450021e-02,-2.358254944602069969e+00
2.125000000000000000e+00,-6.456648957161129597e-03,-2.347980627192709946e+00
2.100000000000000089e+00,8.698062547392918485e-05,-2.337634388641140148e+00
2.075000000000000178e+00,6.613259837568620167e-03,-2.327216335881070020e+00
2.049999999999999822e+00,1.312218717156049888e-02,-2.316726584215369922e+00
2.024999999999999911e+00,1.961376215023339850e-02,-2.306165257335689667e+00
2.000000000000000000e+00,2.608798529669619642e-02,-2.295532487341899852e+00
1.975000000000000089e+00,3.254485810284699771e-02,-2.284828414763219850e+00
1.949999999999999956e+00,3.898438299624369663e-02,-2.274053188581270035e+00
1.925000000000000044e+00,4.540656330533329732e-02,-2.263206966255570052e+00
1.899999999999999911e+00,5.181140322295079564e-02,-2.252289913751519990e+00
1.875000000000000000e+00,5.819890776802109228e-02,-2.241302205571559902e+00
1.850000000000000089e+00,6.456908274536840575e-02,-2.230244024789629798e+00
1.824999999999999956e+00,7.092193470354239693e-02,-2.219115563089550047e+00
1.800000000000000044e+00,7.725747089055189087e-02,-2.207917020807669939e+00
1.774999999999999911e+00,8.357569920739689462e-02,-2.196648606980270202e+00
1.750000000000000000e+00,8.987662815926518445e-02,-2.185310539396310148e+00
1.725000000000000089e+00,9.616026680409139882e-02,-2.173903044656349870e+00
1.699999999999999956e+00,1.024266246989520013e-01,-2.162426358237150126e+00
1.675000000000000044e+00,1.086757118433739899e-01,-2.150880724563859925e+00
1.649999999999999911e+00,1.149075386195930054e-01,-2.139266397090319849e+00
1.625000000000000000e+00,1.211221157297339840e-01,-2.127583638387749776e+00
1.600000000000000089e+00,1.273194541295950000e-01,-2.115832720242909915e+00
1.574999999999999956e+00,1.334995649587890076e-01,-2.104013923766699712e+00
1.550000000000000044e+00,1.396624594669129693e-01,-2.092127539514200052e+00
1.524999999999999911e+00,1.458081489353119931e-01,-2.080173867617579830e+00
1.500000000000000000e+00,1.519366384908090173e-01,-2.068153229954440064e+00
1.475000000000000089e+00,1.580478952612079935e-01,-2.056066033882829824e+00
1.450000000000009948e+00,1.641419226475149817e-01,-2.043912626619159845e+00
1.425000000000010036e+00,1.702187325858919853e-01,-2.031693348241189856e+00
1.400000000000009903e+00,1.762783364464709790e-01,-2.019408549484979609e+00
1.375000000000009992e+00,1.823207449245279888e-01,-2.007058591985630081e+00
1.350000000000010081e+00,1.883459679244199880e-01,-1.994643848541260089e+00
1.325000000000009948e+00,1.943540144356689925e-01,-1.982164703402190087e+00
1.300000000000010036e+00,2.003448924004859744e-01,-1.969621552587929703e+00
1.275000000000009903e+00,2.063186085719830032e-01,-1.957014804234479932e+00
1.250000000000009992e+00,2.122751683621979801e-01,-1.944344878975020174e+00
1.225000000000010081e+00,2.182145756789899693e-01,-1.931612210357070092e+00
1.200000000000009948e+00,2.241368327507349822e-01,-1.918817245299939911e+00
1.175000000000010036e+00,2.300419399376279761e-01,-1.905960444596400016e+00
1.150000000000009903e+00,2.359298955282639887e-01,-1.893042283463090003e+00
1.125000000000009992e+00,2.418006955199849817e-01,-1.880063252144720032e+00
1.100000000000010081e+00,2.476543333813239767e-01,-1.867023856577709973e+00
1.075000000000009948e+00,2.534907997946169722e-01,-1.853924619119659889e+00
1.050000000000010036e+00,2.593100823767500174e-01,-1.840766079351529916e+00
1.025000000000009903e+00,2.651121653754559548e-01,-1.827548794960980105e+00
1.000000000000009992e+00,2.708970293384999617e-01,-1.814273342715760018e+00
9.750000000000069722e-01,2.766646507526069887e-01,-1.800940319537530199e+00
9.500000000000069500e-01,2.824150016485579839e-01,-1.787550343687909882e+00
9.250000000000070388e-01,2.881480491683569567e-01,-1.774104056080219927e+00
9.000000000000070166e-01,2.938637550897549855e-01,-1.760602121732320002e+00
8.750000000000069944e-01,2.995620753027160021e-01,-1.747045231378369978e+00
8.500000000000069722e-01,3.052429592315179518e-01,-1.733434103259849923e+00
8.250000000000069500e-01,3.109063491951780112e-01,-1.719769485119879926e+00
8.000000000000070388e-01,3.165521796976610291e-01,-1.706052156428290001e+00
7.750000000000070166e-01,3.221803766377839828e-01,-1.692282930870159907e+00
7.500000000000079936e-01,3.277908564269639835e-01,-1.678462659135919965e+00
7.250000000000079714e-01,3.333835250006499940e-01,-1.664592232058500043e+00
7.000000000000079492e-01,3.389582767065200120e-01,-1.650672584151660072e+00
6.750000000000080380e-01,3.445149930490259971e-01,-1.636704697614510096e+00
6.500000000000080158e-01,3.500535412654610101e-01,-1.622689606881039914e+00
6.250000000000079936e-01,3.555737727031429984e-01,-1.608628403810890006e+00
6.000000000000079714e-01,3.610755209600640114e-01,-1.594522243639969972e+00
5.750000000000079492e-01,3.665585997420759967e-01,-1.580372351838329914e+00
5.500000000000080380e-01,3.720228003774019854e-01,-1.566180032060410010e+00
5.250000000000080158e-01,3.774678889131710124e-01,-1.551946675422620103e+00
5.000000000000079936e-01,3.828936026971709872e-01,-1.537673771409240109e+00
4.750000000000090261e-01,3.882996463192909808e-01,-1.523362920795780173e+00
4.500000000000090039e-01,3.936856867484489486e-01,-1.509015851098360006e+00
4.250000000000089817e-01,3.990513474487069612e-01,-1.494634435217720103e+00
4.000000000000090150e-01,4.043962011882829555e-01,-1.480220714162759910e+00
3.750000000000089928e-01,4.097197611622560021e-01,-1.465776925027010069e+00
3.500000000000090261e-01,4.150214699272369856e-01,-1.451305535773200095e+00
3.250000000000090039e-01,4.203006854930829705e-01,-1.436809288864770107e+00
3.000000000000089817e-01,4.255566637310400080e-01,-1.422291256377369972e+00
2.750000000000090150e-01,4.307885360598819879e-01,-1.407754909875819971e+00
2.500000000000089928e-01,4.359952811835789976e-01,-1.393204208992609994e+00
2.250000000000089984e-01,4.411756896039359388e-01,-1.378643712928250054e+00
2.000000000000100031e-01,4.463283196918179652e-01,-1.364078719065819900e+00
1.750000000000100087e-01,4.514514445026769907e-01,-1.349515431872819970e+00
1.500000000000099865e-01,4.565429889534869945e-01,-1.334961164092240082e+00
1.250000000000099920e-01,4.616004569644579503e-01,-1.320424572262969942e+00
1.000000000000099976e-01,4.666208465623349344e-01,-1.305915933251790007e+00
7.500000000000990596e-02,4.716005465972699651e-01,-1.291447481302300027e+00
5.000000000001000172e-02,4.765352014814069892e-01,-1.277033846987059906e+00
2.500000000001010095e-02,4.814195215597599775e-01,-1.262692666825109944e+00
1.021405182655140073e-14,4.862470077283239656e-01,-1.248445461339459994e+00
-2.499999999998970060e-02,4.910095483243460124e-01,-1.234318914023210034e+00
-4.999999999999010097e-02,4.956968288327640026e-01,-1.220346739904750066e+00
-7.499999999999039380e-02,5.002954626222899659e-01,-1.206572434677039896e+00
-9.999999999999080458e-02,5.047876940971999238e-01,-1.193053374169749992e+00
-1.249999999999909933e-01,5.091494326260639358e-01,-1.179867026646239880e+00
-1.499999999999910016e-01,5.133472373667860023e-01,-1.167120476121100037e+00
-1.749999999999919953e-01,5.173337185554469642e-01,-1.154964944318489950e+00
-1.999999999999919897e-01,5.210408736461189516e-01,-1.143616843850369991e+00
-2.249999999999930111e-01,5.243721179362670348e-01,-1.133383027752840055e+00
-2.499999999999930056e-01,5.271993150716760557e-01,-1.124670563705830073e+00
-2.749999999999929723e-01,5.293855380703799129e-01,-1.117916169952440031e+00
-2.999999999999939937e-01,5.308615609062009577e-01,-1.113347297435260064e+00
-3.249999999999940159e-01,5.317138804050809409e-01,-1.110705655825030114e+00
-3.499999999999939826e-01,5.321503839625759680e-01,-1.109351640061049915e+00
-3.749999999999950040e-01,5.323675442156490245e-01,-1.108677584557399953e+00
-3.999999999999950262e-01,5.324847623946409314e-01,-1.108313518975379885e+00
-4.249999999999949929e-01,5.325594498607000293e-01,-1.108081411409469919e+00
-4.499999999999960143e-01,5.326163527203049419e-01,-1.107904494039720023e+00
-4.749999999999959810e-01,5.326656969256878815e-01,-1.107751035829520170e+00
-4.999999999999960032e-01,5.327116764441449659e-01,-1.107608020296769968e+00
-5.249999999999970246e-01,5.327560355844379592e-01,-1.107470032664249926e+00
-5.499999999999970468e-01,5.327995246962249354e-01,-1.107334743119479992e+00
-5.749999999999979572e-01,5.328424854726769855e-01,-1.107201090434289936e+00
-5.999999999999979794e-01,5.328850870717989352e-01,-1.107068549089170073e+00
-6.249999999999980016e-01,5.329274228379929923e-01,-1.106936829018140056e+00
-6.499999999999990230e-01,5.329695515044129417e-01,-1.106805747681050001e+00
-6.749999999999990452e-01,5.330115170730219676e-01,-1.106675168331219927e+00
-6.999999999999989564e-01,5.330533630871849837e-01,-1.106544955702110089e+00
-7.249999999999999778e-01,5.330951528674090500e-01,-1.106414913201070105e+00
-7.500000000000000000e-01,5.331370139300499744e-01,-1.106284645067590056e+00
-7.750000000000000222e-01,5.331792489396549595e-01,-1.106153212069479919e+00
-8.000000000000010436e-01,5.332226202806970017e-01,-1.106018248408320082e+00
-8.250000000000009548e-01,5.332690794142119772e-01,-1.105873698250189996e+00
-8.500000000000009770e-01,5.333236040398499078e-01,-1.105704113892280072e+00
-8.750000000000019984e-01,5.333986039332170304e-01,-1.105470979703520040e+00
-9.000000000000020206e-01,5.335231934432129730e-01,-1.105083918676870169e+00
-9.250000000000020428e-01,5.337566651602388967e-01,-1.104358797752070132e+00
-9.500000000000029532e-01,5.341893201927498946e-01,-1.103014888198939891e+00
-9.750000000000029754e-01,5.349019169231350457e-01,-1.100800277233890068e+00
-1.000000000000000000e+00,5.359132024745799638e-01,-1.097654624418040070e+00
-1.024999999999999911e+00,5.371848747436689386e-01,-1.093694345554470093e+00
-1.050000000000000044e+00,5.386622663400019162e-01,-1.089086919746479865e+00
-1.074999999999999956e+00,5.402992957856849188e-01,-1.083973582168309857e+00
-1.100000000000000089e+00,5.420639044188949596e-01,-1.078452330331429954e+00
-1.125000000000009992e+00,5.439361610513570033e-01,-1.072583641233789908e+00
-1.150000000000009903e+00,5.459054112780409307e-01,-1.066399168526119823e+00
-1.175000000000010036e+00,5.479681341957090002e-01,-1.059908257861229997e+00
-1.200000000000009948e+00,5.501265586383928818e-01,-1.053102108321529951e+00
-1.225000000000010081e+00,5.523877104973449192e-01,-1.045956596645699843e+00
-1.250000000000009992e+00,5.547625041487759256e-01,-1.038434976637280016e+00
-1.275000000000009903e+00,5.572645276725799457e-01,-1.030491568414700021e+00
-1.300000000000010036e+00,5.599083101282918973e-01,-1.022077133088930001e+00
-1.325000000000009948e+00,5.627071360596880290e-01,-1.013145763352939932e+00
-1.350000000000010081e+00,5.656708201571650774e-01,-1.003662010625600010e+00
-1.375000000000009992e+00,5.688040584150139134e-01,-9.936062928014789408e-01
-1.400000000000009903e+00,5.721058319210109433e-01,-9.829770309533809591e-01
-1.425000000000010036e+00,5.755699150566589983e-01,-9.717892873552970157e-01
-1.450000000000009948e+00,5.791861326883519512e-01,-9.600709784664079871e-01
-1.475000000000010081e+00,5.829418657914848811e-01,-9.478582261208839954e-01
-1.500000000000009992e+00,5.868234144647760386e-01,-9.351910902701929817e-01
-1.525000000000009903e+00,5.908170301161550508e-01,-9.221102977010869894e-01
-1.550000000000010036e+00,5.949095920622998745e-01,-9.086550651767110187e-01
-1.575000000000009948e+00,5.990889882501210240e-01,-8.948618439172889572e-01
-1.600000000000010081e+00,6.033442832414439572e-01,-8.807637328741459992e-01
-1.625000000000009992e+00,6.076657486745410397e-01,-8.663903289287500087e-01
-1.650000000000009903e+00,6.120448131539509840e-01,-8.517678368764639574e-01
-1.675000000000010036e+00,6.164739704020679723e-01,-8.369193174922410217e-01
-1.700000000000009948e+00,6.209466702332179233e-01,-8.218649960717010483e-01
-1.725000000000010081e+00,6.254572068950869923e-01,-8.066225849907340262e-01
-1.750000000000009992e+00,6.300006127621620156e-01,-7.912075943533880551e-01
-1.775000000000009903e+00,6.345725612628089207e-01,-7.756336177276920152e-01
-1.800000000000010036e+00,6.391692804715369824e-01,-7.599125877607330048e-01
-1.825000000000019940e+00,6.437874773567080489e-01,-7.440550011191210400e-01
-1.850000000000020073e+00,6.484242721290089939e-01,-7.280701139697060009e-01
-1.875000000000019984e+00,6.530771415763949594e-01,-7.119661111294489642e-01
-1.900000000000019895e+00,6.577438704159599414e-01,-6.957502515666840193e-01
-1.925000000000020028e+00,6.624225096275979663e-01,-6.794289932236780016e-01
-1.950000000000019940e+00,6.671113408139279777e-01,-6.630080999300239641e-01
-1.975000000000020073e+00,6.718088457334119301e-01,-6.464927328951990404e-01
-2.000000000000019984e+00,6.765136802573229469e-01,-6.298875289777059461e-01
-2.025000000000019895e+00,6.812246520708419295e-01,-6.131966677504280261e-01
-2.050000000000019806e+00,6.859407015585790024e-01,-5.964239290194960352e-01
-2.075000000000020162e+00,6.906608853720169749e-01,-5.795727423040790693e-01
-2.100000000000020073e+00,6.953843622812010405e-01,-5.626462294582669221e-01
-2.125000000000019984e+00,7.001103809647999388e-01,-5.456472414697109974e-01
-2.150000000000019895e+00,7.048382694432709927e-01,-5.285783903219990476e-01
-2.175000000000019806e+00,7.095674259229040048e-01,-5.114420766094540660e-01
-2.200000000000020162e+00,7.142973108399569560e-01,-4.942405135392179405e-01
-2.225000000000020073e+00,7.190274399282359230e-01,-4.769757478527509864e-01
-2.250000000000019984e+00,7.237573781726249766e-01,-4.596496780739330323e-01
-2.275000000000019895e+00,7.284867345188908994e-01,-4.422640704767160091e-01
-2.300000000000019806e+00,7.332151572376389703e-01,-4.248205730774050060e-01
-2.325000000000020162e+00,7.379423298592808766e-01,-4.073207278970359946e-01
-2.350000000000020073e+00,7.426679675984450002e-01,-3.897659817426269990e-01
-2.375000000000019984e+00,7.473918142069388981e-01,-3.721576956876970210e-01
-2.400000000000019895e+00,7.521136391940069776e-01,-3.544971534403859592e-01
-2.425000000000019806e+00,7.568332353668609791e-01,-3.367855687407509957e-01
-2.450000000000020162e+00,7.615504166451779744e-01,-3.190240919310999845e-01
-2.475000000000020073e+00,7.662650161178309327e-01,-3.012138157931439908e-01
-2.500000000000019984e+00,7.709768843091528989e-01,-2.833557807527810057e-01
-2.525000000000030109e+00,7.756858876278629467e-01,-2.654509795347539947e-01
-2.550000000000030020e+00,7.803919069791379615e-01,-2.475003613240519817e-01
-2.575000000000029932e+00,7.850948365196389611e-01,-2.295048354958580117e-01
-2.600000000000029843e+00,7.897945825375469742e-01,-2.114652749692210176e-01
-2.625000000000030198e+00,7.944910624456850146e-01,-1.933825192184720210e-01
-2.650000000000030109e+00,7.991842038740649690e-01,-1.752573769843689955e-01
-2.675000000000030020e+00,8.038739438486020017e-01,-1.570906287269160095e-01
-2.700000000000029932e+00,8.085602280501859029e-01,-1.388830288341759978e-01
-2.725000000000029843e+00,8.132430101431469271e-01,-1.206353076222540094e-01
-2.750000000000030198e+00,8.179222511650929839e-01,-1.023481731511919901e-01
-2.775000000000030109e+00,8.225979189693979343e-01,-8.402231288524610042e-02
-2.800000000000030020e+00,8.272699877277649438e-01,-6.565839516314210533e-02
-2.825000000000029932e+00,8.319384374705620644e-01,-4.725707056094680114e-02
-2.850000000000029843e+00,8.366032536686409671e-01,-2.881897312907490127e-02
-2.875000000000030198e+00,8.412644268469700037e-01,-1.034472153807350012e-02
-2.900000000000030109e+00,8.459219522365559740e-01,8.165079895865359760e-03
-2.925000000000030020e+00,8.505758294527540064e-01,2.670984026147949983e-02
-2.950000000000029932e+00,8.552260622014870028e-01,4.528898118781679583e-02
-2.975000000000029843e+00,8.598726580077979964e-01,6.390193604459469545e-02
-3.000000000000030198e+00,8.645156279685448641e-01,8.254814921695100005e-02
-3.025000000000030109e+00,8.691549865090338889e-01,1.012270753753110042e-01
-3.050000000000030020e+00,8.737907512315689074e-01,1.199381790966629890e-01
-3.075000000000029932e+00,8.784229426091979542e-01,1.386809338445109951e-01
-3.100000000000029843e+00,8.830515839022409219e-01,1.574548218305890090e-01
-3.125000000000030198e+00,8.876767009643459216e-01,1.762593334174510085e-01
-3.150000000000030109e+00,8.922983220681699468e-01,1.950939665854650173e-01
-3.175000000000030020e+00,8.969164777867629779e-01,2.139582266134960054e-01
-3.200000000000029932e+00,9.015312008520469655e-01,2.328516256550169916e-01
-3.225000000000040057e+00,9.061425260348110466e-01,2.517736823908690025e-01
-3.250000000000039968e+00,9.107504900331119257e-01,2.707239217063610037e-01
-3.275000000000039879e+00,9.153551313675090118e-01,2.897018743869830271e-01
-3.300000000000039790e+00,9.199564902839899583e-01,3.087070768368699869e-01
-3.325000000000040146e+00,9.245546071761799878e-01,3.277390646537789998e-01
-3.350000000000040057e+00,9.291494908411049858e-01,3.467972408700940035e-01
-3.375000000000039968e+00,9.337411707569909236e-01,3.658810921521660209e-01
-3.400000000000039879e+00,9.383296919534950264e-01,3.849901683499710181e-01
-3.425000000000039790e+00,9.429151006709238780e-01,4.041240232820769718e-01
-3.450000000000040146e+00,9.474974442952759368e-01,4.232822145419229964e-01
-3.475000000000040057e+00,9.520767712973620123e-01,4.424643033156299698e-01
-3.500000000000039968e+00,9.566531311755829270e-01,4.616698542100410307e-01
-3.525000000000039879e+00,9.612265744030249470e-01,4.808984350940089803e-01
-3.550000000000039790e+00,9.657971523771928801e-01,5.001496169462509300e-01
-3.575000000000040146e+00,9.703649173738460032e-01,5.194229737162600058e-01
-3.600000000000040057e+00,9.749299225033799532e-01,5.387180821919279605e-01
-3.625000000000039968e+00,9.794922216692669714e-01,5.580345218720980105e-01
-3.650000000000039879e+00,9.840518695298209328e-01,5.773718748495810793e-01
-3.675000000000039790e+00,9.886089214614188769e-01,5.967297256970399699e-01
-3.700000000000040146e+00,9.931634335252349510e-01,6.161076613645680711e-01
-3.725000000000040057e+00,9.977154624342898792e-01,6.355052710756720069e-01
-3.750000000000039968e+00,1.002265065524019949e+00,6.549221462353210788e-01
-3.775000000000039879e+00,1.006812300723719966e+00,6.743578803391470089e-01
-3.800000000000039790e+00,1.011357226529689957e+00,6.938120688872320141e-01
-3.825000000000040146e+00,1.015899901979860021e+00,7.132843093020669878e-01
-3.850000000000040057e+00,1.020440386629499985e+00,7.327742008484610103e-01
-3.875000000000039968e+00,1.024978740531679922e+00,7.522813445720619718e-01
-3.900000000000039879e+00,1.029515024214499919e+00,7.718053432218060506e-01
-3.925000000000050004e+00,1.034049298661130045e+00,7.913458011825650340e-01
-3.950000000000049916e+00,1.038581625291499888e+00,8.109023244127260277e-01
-3.975000000000049827e+00,1.043112065944569844e+00,8.304745203829829725e-01
-4.000000000000000000e+00,1.047640682861370021e+00,8.500619980164739742e-01
-4.000000000000000000e+00,1.047640682861360029e+00,8.500619980164739742e-01
-3.975000000000000089e+00,1.039680660284219904e+00,8.460017159480639481e-01
-3.950000000000000178e+00,1.031733027360369981e+00,8.418902324677990379e-01
-3.924999999999999822e+00,1.023797900953159923e+00,8.377270935722139766e-01
-3.899999999999999911e+00,1.015875398046619971e+00,8.335118458729400270e-01
-3.875000000000000000e+00,1.007965636182470037e+00,8.292440369686649992e-01
-3.850000000000000089e+00,1.000068732996419962e+00,8.249232153436900639e-01
-3.825000000000000178e+00,9.921848064305419657e-01,8.205489306261760651e-01
-3.799999999999999822e+00,9.843139746752129771e-01,8.161207337060499833e-01
-3.774999999999999911e+00,9.764563561566519390e-01,8.116381768794189711e-01
-3.750000000000000000e+00,9.686120695253179758e-01,8.071008139960140770e-01
-3.725000000000000089e+00,9.607812336450518576e-01,8.025082006095500819e-01
-3.700000000000000178e+00,9.529639675784649100e-01,7.978598941283510104e-01
-3.674999999999999822e+00,9.451603905777330450e-01,7.931554539715759411e-01
-3.649999999999999911e+00,9.373706220741819806e-01,7.883944417272330529e-01
-3.625000000000000000e+00,9.295947816690419696e-01,7.835764213133890044e-01
-3.600000000000000089e+00,9.218329891240619745e-01,7.787009591417940468e-01
-3.575000000000000178e+00,9.140853643536850370e-01,7.737676242849669261e-01
-3.549999999999999822e+00,9.063520274172649493e-01,7.687759886458159775e-01
-3.524999999999999911e+00,8.986330985128179183e-01,7.637256271307720779e-01
-3.500000000000000000e+00,8.909286979716319888e-01,7.586161178260240057e-01
-3.475000000000000089e+00,8.832389462535369384e-01,7.534470421767699433e-01
-3.450000000000000178e+00,8.755639639437369226e-01,7.482179851701009632e-01
-3.424999999999999822e+00,8.679038717511399215e-01,7.429285355215340392e-01
-3.399999999999999911e+00,8.602587905138959767e-01,7.375782858692129240e-01
-3.375000000000000000e+00,8.526288411895229791e-01,7.321668329604230641e-01
-3.350000000000000089e+00,8.450141448583319281e-01,7.266937778497029043e-01
-3.325000000000000178e+00,8.374148227303099823e-01,7.211587261023270079e-01
-3.299999999999999822e+00,8.298309961508709698e-01,7.155612880000489229e-01
-3.274999999999999911e+00,8.222627866086700266e-01,7.099010787513639897e-01
-3.250000000000000000e+00,8.147103157454540501e-01,7.041777187063750221e-01
-3.225000000000000089e+00,8.071737053753289537e-01,6.983908335819889457e-01
-3.200000000000000178e+00,7.996530774895950211e-01,6.925400546798169410e-01
-3.174999999999999822e+00,7.921485698753819582e-01,6.866250314934880805e-01
-3.149999999999999911e+00,7.846603461607249974e-01,6.806454408144889667e-01
-3.125000000000000000e+00,7.771885300271988983e-01,6.746009347487819108e-01
-3.100000000000000089e+00,7.697332431907218941e-01,6.684911701861969702e-01
-3.075000000000000178e+00,7.622946077566089551e-01,6.623158108814279910e-01
-3.049999999999999822e+00,7.548727462519269071e-01,6.560745277206679882e-01
-3.024999999999999911e+00,7.474677816599319957e-01,6.497669989946870395e-01
-3.000000000000000000e+00,7.400798374612469477e-01,6.433929106825290178e-01
-2.975000000000000089e+00,7.327090376808739203e-01,6.369519567455880216e-01
-2.950000000000000178e+00,7.253555069427519708e-01,6.304438394340390328e-01
-2.924999999999999822e+00,7.180193705318910213e-01,6.238682696062819444e-01
-2.899999999999999911e+00,7.107007544666389398e-01,6.172249670643810138e-01
-2.875000000000000000e+00,7.033997855795439680e-01,6.105136609049709451e-01
-2.850000000000000089e+00,6.961165916080790383e-01,6.037340898876010220e-01
-2.825000000000000178e+00,6.888513012953189074e-01,5.968860028215350333e-01
-2.799999999999999822e+00,6.816040444980518975e-01,5.899691589695640337e-01
-2.774999999999999911e+00,6.743749523064959117e-01,5.829833284736690713e-01
-2.750000000000000000e+00,6.671641571699549189e-01,5.759282927980869937e-01
-2.725000000000000089e+00,6.599717930349979778e-01,5.688038451970550691e-01
-2.700000000000000178e+00,6.527979954930900330e-01,5.616097912054009988e-01
-2.674999999999999822e+00,6.456429019409140047e-01,5.543459491562859887e-01
-2.649999999999999911e+00,6.385066517553699139e-01,5.470121507295159224e-01
-2.625000000000000000e+00,6.313893864830989466e-01,5.396082415317829950e-01
-2.600000000000000089e+00,6.242912500499290251e-01,5.321340817161280823e-01
-2.575000000000000178e+00,6.172123889878470271e-01,5.245895466401410134e-01
-2.549999999999999822e+00,6.101529526868709752e-01,5.169745275728250267e-01
-2.524999999999999911e+00,6.031130936699430345e-01,5.092889324507049453e-01
-2.500000000000000000e+00,5.960929678989320690e-01,5.015326866947170670e-01
-2.475000000000000089e+00,5.890927351009419555e-01,4.937057340790640403e-01
-2.450000000000000178e+00,5.821125591309009861e-01,4.858080376726410243e-01
-2.424999999999999822e+00,5.751526083758670138e-01,4.778395808632739383e-01
-2.399999999999999911e+00,5.682130561958229631e-01,4.698003684632460208e-01
-2.375000000000000000e+00,5.612940814110479737e-01,4.616904279122090449e-01
-2.350000000000000089e+00,5.543958688355219433e-01,4.535098105820590253e-01
-2.325000000000000178e+00,5.475186098674920121e-01,4.452585932025490134e-01
-2.299999999999999822e+00,5.406625031410750015e-01,4.369368794188340233e-01
-2.274999999999999911e+00,5.338277552422909800e-01,4.285448014921999782e-01
-2.250000000000000000e+00,5.270145815034910086e-01,4.200825221689090117e-01
-2.225000000000000089e+00,5.202232068811469823e-01,4.115502367324900268e-01
-2.200000000000000178e+00,5.134538669234849362e-01,4.029481752574869957e-01
-2.174999999999999822e+00,5.067068088465059850e-01,3.942766050991819982e-01
-2.149999999999999911e+00,4.999822927238689596e-01,3.855358336391009888e-01
-2.125000000000000000e+00,4.932805928092119374e-01,3.767262113242610400e-01
-2.100000000000000089e+00,4.866019990090940106e-01,3.678481350399919747e-01
-2.075000000000000178e+00,4.799468185275350129e-01,3.589020518623090017e-01
-2.049999999999999822e+00,4.733153777120899797e-01,3.498884632508370007e-01
-2.024999999999999911e+00,4.667080241348869341e-01,3.408079297518850082e-01
-2.000000000000000000e+00,4.601251289468389905e-01,3.316610762924690481e-01
-1.975000000000000089e+00,4.535670895489529730e-01,3.224485981590690109e-01
-1.949999999999999956e+00,4.470343326231839831e-01,3.131712677588370242e-01
-1.925000000000000044e+00,4.405273175706589384e-01,3.038299422744950018e-01
-1.899999999999999911e+00,4.340465404018459816e-01,2.944255723258950019e-01
-1.875000000000000000e+00,4.275925381441039730e-01,2.849592117880859754e-01
-1.850000000000000089e+00,4.211658938287409781e-01,2.754320289193339932e-01
-1.824999999999999956e+00,4.147672421529379760e-01,2.658453190108280295e-01
-1.800000000000000044e+00,4.083972759203640113e-01,2.562005187949539797e-01
-1.774999999999999911e+00,4.020567533908649960e-01,2.464992229034149718e-01
-1.750000000000000000e+00,3.957465066872559722e-01,2.367432027107130021e-01
-1.725000000000000089e+00,3.894674514390670250e-01,2.269344279674009868e-01
-1.699999999999999956e+00,3.832205978665009782e-01,2.170750916876650061e-01
-1.675000000000000044e+00,3.770070635630499711e-01,2.071676388696799820e-01
-1.649999999999999911e+00,3.708280882691590286e-01,1.972147997143720022e-01
-1.625000000000000000e+00,3.646850510107739751e-01,1.872196281772530169e-01
-1.600000000000000089e+00,3.585794900322650247e-01,1.771855468254849852e-01
-1.574999999999999956e+00,3.525131260295279456e-01,1.671163991512550073e-01
-1.550000000000000044e+00,3.464878892436439872e-01,1.570165106443919822e-01
-1.524999999999999911e+00,3.405059510482170149e-01,1.468907601151950015e-01
-1.500000000000000000e+00,3.345697607278569907e-01,1.367446629384549972e-01
-1.475000000000000089e+00,3.286820882351879636e-01,1.265844681174149999e-01
-1.450000000000009948e+00,3.228460738328169932e-01,1.164172713499140033e-01
-1.425000000000010036e+00,3.170652856198459824e-01,1.062511465230509961e-01
-1.400000000000009903e+00,3.113437859805910368e-01,9.609529820767630237e-02
-1.375000000000009992e+00,3.056862079355169848e-01,8.596023768261909503e-02
-1.350000000000010081e+00,3.000978419227329774e-01,7.585798422810720310e-02
-1.325000000000009948e+00,2.945847329256239822e-01,6.580229224326560045e-02
-1.300000000000010036e+00,2.891537862148049753e-01,5.580890151597669990e-02
-1.275000000000009903e+00,2.838128776261749642e-01,4.589580315811199462e-02
-1.250000000000009992e+00,2.785709602300899812e-01,3.608350528799039725e-02
-1.225000000000010081e+00,2.734381528283309493e-01,2.639526905068549992e-02
-1.200000000000009948e+00,2.684257858646709738e-01,1.685726464685600307e-02
-1.175000000000010036e+00,2.635463662470929891e-01,7.498566750057460498e-03
-1.150000000000009903e+00,2.588134045831300134e-01,-1.649130716397379957e-03
-1.125000000000009992e+00,2.542410297518649664e-01,-1.055224263459079992e-02
-1.100000000000010081e+00,2.498433061844589909e-01,-1.917665119886740113e-02
-1.075000000000009948e+00,2.456331884282290101e-01,-2.748985003624970086e-02
-1.050000000000010036e+00,2.416211244924129642e-01,-3.546387659550589988e-02
-1.025000000000009903e+00,2.378134750663549735e-01,-4.307871413287839985e-02
-1.000000000000009992e+00,2.342111210668630095e-01,-5.032540642081040350e-02
-9.750000000000069722e-01,2.308087690889669974e-01,-5.720781323067840318e-02
-9.500000000000069500e-01,2.275953689022029713e-01,-6.374209198263210141e-02
-9.250000000000070388e-01,2.245556819780969993e-01,-6.995374280810461032e-02
-9.000000000000070166e-01,2.216725838619859890e-01,-7.587301102286229948e-02
-8.750000000000069944e-01,2.189294585258319825e-01,-8.152995099128389211e-02
-8.500000000000069722e-01,2.163121771732569865e-01,-8.695022486793770045e-02
-8.250000000000069500e-01,2.138104945255090150e-01,-9.215202807502689830e-02
-8.000000000000070388e-01,2.114190093138020032e-01,-9.714387893345910463e-02
-7.750000000000070166e-01,2.091380136066559869e-01,-1.019226205311749983e-01
-7.500000000000079936e-01,2.069746207406009952e-01,-1.064708243059609982e-01
-7.250000000000079714e-01,2.049445613587399795e-01,-1.107527669753569921e-01
-7.000000000000079492e-01,2.030749142781829719e-01,-1.147084035325460077e-01
-6.750000000000080380e-01,2.014073654723929907e-01,-1.182462012563159914e-01
-6.500000000000080158e-01,1.999989916598720052e-01,-1.212412878845550018e-01
-6.250000000000079936e-01,1.989110740255489729e-01,-1.235593505590820013e-01
-6.000000000000079714e-01,1.981728894450310030e-01,-1.251344470944480147e-01
-5.750000000000079492e-01,1.977390710167969967e-01,-1.260609649657300213e-01
-5.500000000000080380e-01,1.975054756483449747e-01,-1.265601559164920009e-01
-5.250000000000080158e-01,1.973750397073990026e-01,-1.268390144011750098e-01
-5.000000000000079936e-01,1.972900567151439910e-01,-1.270207615333069917e-01
-4.750000000000090261e-01,1.972235658675129955e-01,-1.271629976852160226e-01
-4.500000000000090039e-01,1.971643189736019819e-01,-1.272897603214730167e-01
-4.250000000000089817e-01,1.971078392111109689e-01,-1.274106179732009958e-01
-4.000000000000090150e-01,1.970523734065940114e-01,-1.275293182636169920e-01
-3.750000000000089928e-01,1.969972334788510082e-01,-1.276473322530509991e-01
-3.500000000000090261e-01,1.969421417706599953e-01,-1.277652536706410102e-01
-3.250000000000090039e-01,1.968869756854569886e-01,-1.278833447711089921e-01
-3.000000000000089817e-01,1.968316674805780098e-01,-1.280017505621690033e-01
-2.750000000000090150e-01,1.967761629204679841e-01,-1.281205872180160021e-01
-2.500000000000089928e-01,1.967204000533859798e-01,-1.282399874852609978e-01
-2.250000000000089984e-01,1.966642898091129910e-01,-1.283601422229669886e-01
-2.000000000000100031e-01,1.966076831961849902e-01,-1.284813706574010062e-01
-1.750000000000100087e-01,1.965502990176909992e-01,-1.286042752083750018e-01
-1.500000000000099865e-01,1.964915515858700057e-01,-1.287301105263879974e-01
-1.250000000000099920e-01,1.964301287512209837e-01,-1.288616874175310123e-01
-1.000000000000099976e-01,1.963629477145299729e-01,-1.290056098728250000e-01
-7.500000000000990596e-02,1.962825762289789888e-01,-1.291778006878180063e-01
-5.000000000001000172e-02,1.961709950356270160e-01,-1.294168708817449998e-01
-2.500000000001010095e-02,1.959854168416209907e-01,-1.298145358757600010e-01
-1.021405182655140073e-14,1.956309551615359743e-01,-1.305743465886470001e-01
2.499999999998970060e-02,1.949283314870969841e-01,-1.320816204121630089e-01
4.999999999999010097e-02,1.936318125260290124e-01,-1.348671721790410116e-01
7.499999999999039380e-02,1.915567878819249836e-01,-1.393370108016329934e-01
9.999999999999080458e-02,1.887000303388149947e-01,-1.455145098929180036e-01
1.249999999999909933e-01,1.851961972601730011e-01,-1.531289902717190010e-01
1.499999999999910016e-01,1.812072009126819705e-01,-1.618486888441820204e-01
1.749999999999919953e-01,1.768658402250409822e-01,-1.714005097376349873e-01
1.999999999999919897e-01,1.722680936876799795e-01,-1.815871385104400049e-01
2.249999999999930111e-01,1.674810340255080132e-01,-1.922709462429059990e-01
2.499999999999930056e-01,1.625516969313939852e-01,-2.033556711448439858e-01
2.749999999999929723e-01,1.575136537573010032e-01,-2.147728071401049932e-01
2.999999999999939937e-01,1.523914039597419889e-01,-2.264725060216429831e-01
3.249999999999940159e-01,1.472032407320459924e-01,-2.384176459341700027e-01
3.499999999999939826e-01,1.419631292607569928e-01,-2.505799471447540117e-01
3.749999999999950040e-01,1.366819566708409872e-01,-2.629373895330119892e-01
3.999999999999950262e-01,1.313683778689850035e-01,-2.754724669144970051e-01
4.249999999999949929e-01,1.260293949403419878e-01,-2.881709939204190052e-01
4.499999999999960143e-01,1.206707558257619911e-01,-3.010212893992049721e-01
4.749999999999959810e-01,1.152972288130469924e-01,-3.140136203516200042e-01
4.999999999999960032e-01,1.099127936069739936e-01,-3.271398216096499945e-01
5.249999999999970246e-01,1.045207797763690050e-01,-3.403930254929110055e-01
5.499999999999970468e-01,9.912397438788858595e-02,-3.537674536499830213e-01
5.749999999999979572e-01,9.372471174032639962e-02,-3.672582424085920061e-01
5.999999999999979794e-01,8.832495094085039689e-02,-3.808612891923480182e-01
6.249999999999980016e-01,8.292634293939818435e-02,-3.945731172651250063e-01
6.499999999999990230e-01,7.753028726478548849e-02,-4.083907594166389932e-01
6.749999999999990452e-01,7.213797884387189441e-02,-4.223116608764599933e-01
6.999999999999989564e-01,6.675044581910459518e-02,-4.363336003433690435e-01
7.249999999999999778e-01,6.136857966783979684e-02,-4.504546268887590355e-01
7.500000000000000000e-01,5.599315899736329732e-02,-4.646730101235139743e-01
7.750000000000000222e-01,5.062486834949009307e-02,-4.789872009213389514e-01
8.000000000000010436e-01,4.526431309260359886e-02,-4.933958004772820427e-01
8.250000000000009548e-01,3.991203130331169580e-02,-5.078975357901199805e-01
8.500000000000009770e-01,3.456850332853609459e-02,-5.224912400940600055e-01
8.750000000000019984e-01,2.923415955739589595e-02,-5.371758371011939870e-01
9.000000000000020206e-01,2.390938680341809716e-02,-5.519503281901270153e-01
9.250000000000020428e-01,1.859453359927270080e-02,-5.668137818876319844e-01
9.500000000000029532e-01,1.328991463246459968e-02,-5.817653251500140010e-01
9.750000000000029754e-01,7.995814495546210363e-03,-5.968041360702820430e-01
1.000000000000000000e+00,2.712490883680589767e-03,-6.119294377260269258e-01
1.024999999999999911e+00,-2.559822657888750214e-03,-6.271404929489879931e-01
1.050000000000000044e+00,-7.820914356527678898e-03,-6.424365998465499938e-01
1.074999999999999956e+00,-1.307059214213959937e-02,-6.578170879424439788e-01
1.100000000000000089e+00,-1.830868183429539692e-02,-6.732813148317750018e-01
1.125000000000009992e+00,-2.353502554639999925e-02,-6.888286632668479958e-01
1.150000000000009903e+00,-2.874948027432649642e-02,-7.044585386065229660e-01
1.175000000000010036e+00,-3.395191664289229361e-02,-7.201703665745199379e-01
1.200000000000009948e+00,-3.914221778820829722e-02,-7.359635912819680881e-01
1.225000000000010081e+00,-4.432027835763699408e-02,-7.518376734772820313e-01
1.250000000000009992e+00,-4.948600361206829945e-02,-7.677920889926750370e-01
1.275000000000009903e+00,-5.463930861761509550e-02,-7.838263273615799775e-01
1.300000000000010036e+00,-5.978011751578699712e-02,-7.999398905853050135e-01
1.325000000000009948e+00,-6.490836286280719791e-02,-8.161322920305069673e-01
1.350000000000010081e+00,-7.002398503006009023e-02,-8.324030554417730654e-01
1.375000000000009992e+00,-7.512693165877039336e-02,-8.487517140558810125e-01
1.400000000000009903e+00,-8.021715716293180420e-02,-8.651778098060890487e-01
1.425000000000010036e+00,-8.529462227529190088e-02,-8.816808926064410024e-01
1.450000000000009948e+00,-9.035929363185489505e-02,-8.982605197073399994e-01
1.475000000000010081e+00,-9.541114339092969521e-02,-9.149162551147630440e-01
1.500000000000009992e+00,-1.004501488832419964e-01,-9.316476690664780014e-01
1.525000000000009903e+00,-1.054762922900509964e-01,-9.484543375594719494e-01
1.550000000000010036e+00,-1.104895603465049919e-01,-9.653358419232269672e-01
1.575000000000009948e+00,-1.154899440678639894e-01,-9.822917684344710798e-01
1.600000000000010081e+00,-1.204774384964579920e-01,-9.993217079693050842e-01
1.625000000000009992e+00,-1.254520424674509804e-01,-1.016425255689120011e+00
1.650000000000009903e+00,-1.304137583917419907e-01,-1.033602010757159961e+00
1.675000000000010036e+00,-1.353625920544639927e-01,-1.050851576082810102e+00
1.700000000000009948e+00,-1.402985524277290119e-01,-1.068173558091110031e+00
1.725000000000010081e+00,-1.452216514964009830e-01,-1.085567566515349913e+00
1.750000000000009992e+00,-1.501319040958030149e-01,-1.103033214210380031e+00
1.775000000000009903e+00,-1.550293277603579933e-01,-1.120570116985249998e+00
1.800000000000010036e+00,-1.599139425822939942e-01,-1.138177893453140133e+00
1.825000000000019940e+00,-1.647857710795919972e-01,-1.155856164897349991e+00
1.850000000000020073e+00,-1.696448116118139671e-01,-1.173604458183620025e+00
1.875000000000019984e+00,-1.744910625902899859e-01,-1.191422292207249933e+00
1.900000000000019895e+00,-1.793245519472449756e-01,-1.209309287347700046e+00
1.925000000000020028e+00,-1.841453094661950063e-01,-1.227265065666570010e+00
1.950000000000019940e+00,-1.889533666804209810e-01,-1.245289250798280012e+00
1.975000000000020073e+00,-1.937487567818670098e-01,-1.263381467867290109e+00
2.000000000000019984e+00,-1.985315145354019928e-01,-1.281541343413920009e+00
2.025000000000019895e+00,-2.033016761980029896e-01,-1.299768505327930201e+00
2.050000000000019806e+00,-2.080592794424699910e-01,-1.318062582789210069e+00
2.075000000000020162e+00,-2.128043632853600098e-01,-1.336423206214780057e+00
2.100000000000020073e+00,-2.175369680188219967e-01,-1.354850007211670038e+00
2.125000000000019984e+00,-2.222571351461689881e-01,-1.373342618535420057e+00
2.150000000000019895e+00,-2.269649073207410106e-01,-1.391900674053200060e+00
2.175000000000019806e+00,-2.316603282879739767e-01,-1.410523808711350080e+00
2.200000000000020162e+00,-2.363434428304129753e-01,-1.429211658507189897e+00
2.225000000000020073e+00,-2.410142967155039784e-01,-1.447963860464390073e+00
2.250000000000019984e+00,-2.456729366459700081e-01,-1.466780052611870167e+00
2.275000000000019895e+00,-2.503194102125999576e-01,-1.485659873965699873e+00
2.300000000000019806e+00,-2.549537658493220005e-01,-1.504602964513939822e+00
2.325000000000020162e+00,-2.595760527904029669e-01,-1.523608965203939958e+00
2.350000000000020073e+00,-2.641863210296569453e-01,-1.542677517932099951e+00
2.375000000000019984e+00,-2.687846212815350189e-01,-1.561808265535729934e+00
2.400000000000019895e+00,-2.733710049436719469e-01,-1.581000851785490102e+00
2.425000000000019806e+00,-2.779455240590890108e-01,-1.600254921371059957e+00
2.450000000000020162e+00,-2.825082312874029888e-01,-1.619570119919639950e+00
2.475000000000020073e+00,-2.870591798707650133e-01,-1.638946093987690089e+00
2.500000000000019984e+00,-2.915984236021159637e-01,-1.658382491057790009e+00
2.525000000000030109e+00,-2.961260167955500067e-01,-1.677878959539709891e+00
2.550000000000030020e+00,-3.006420142579289689e-01,-1.697435148772760138e+00
2.575000000000029932e+00,-3.051464712617109609e-01,-1.717050709028949962e+00
2.600000000000029843e+00,-3.096394435189009919e-01,-1.736725291517090097e+00
2.625000000000030198e+00,-3.141209871560839417e-01,-1.756458548387670016e+00
2.650000000000030109e+00,-3.185911586904839887e-01,-1.776250132738389942e+00
2.675000000000030020e+00,-3.230500150069959830e-01,-1.796099698620349905e+00
2.700000000000029932e+00,-3.274976133361419683e-01,-1.816006901044749933e+00
2.725000000000029843e+00,-3.319340112329139947e-01,-1.835971395990059873e+00
2.750000000000030198e+00,-3.363592665564539841e-01,-1.855992840409629974e+00
2.775000000000030109e+00,-3.407734374505379527e-01,-1.876070892239640076e+00
2.800000000000030020e+00,-3.451765823248259535e-01,-1.896205210407330144e+00
2.825000000000029932e+00,-3.495687513666929647e-01,-1.916395415801169788e+00
2.850000000000029843e+00,-3.539499872330099661e-01,-1.936641093543149728e+00
2.875000000000030198e+00,-3.583203485532940324e-01,-1.956941901599770217e+00
2.900000000000030109e+00,-3.626798945313730038e-01,-1.977297500683649956e+00
2.925000000000030020e+00,-3.670286845340519633e-01,-1.997707552445260104e+00
2.950000000000029932e+00,-3.713667780765599891e-01,-2.018171719481409720e+00
2.975000000000029843e+00,-3.756942348085249850e-01,-2.038689665343449864e+00
3.000000000000030198e+00,-3.800111145004619884e-01,-2.059261054545530101e+00
3.025000000000030109e+00,-3.843174770307880017e-01,-2.079885552572930063e+00
3.050000000000030020e+00,-3.886133823733229908e-01,-2.100562825890250007e+00
3.075000000000029932e+00,-3.928988905852509594e-01,-2.121292541949599819e+00
3.100000000000029843e+00,-3.971740617955459296e-01,-2.142074369198689876e+00
3.125000000000030198e+00,-4.014389561938119799e-01,-2.162907977088819766e+00
3.150000000000030109e+00,-4.056936340195459456e-01,-2.183793036082749772e+00
3.175000000000030020e+00,-4.099381555518089582e-01,-2.204729217662420027e+00
3.200000000000029932e+00,-4.141725810992559764e-01,-2.225716194336539999e+00
3.225000000000040057e+00,-4.183969709905620005e-01,-2.246753639647979917e+00
3.250000000000039968e+00,-4.226113855651839613e-01,-2.267841228181050273e+00
3.275000000000039879e+00,-4.268158851644729412e-01,-2.288978635568520215e+00
3.300000000000039790e+00,-4.310105301231120234e-01,-2.310165538498469839e+00
3.325000000000040146e+00,-4.351953807608879843e-01,-2.331401614721019921e+00
3.350000000000040057e+00,-4.393704973747519782e-01,-2.352686543054769874e+00
3.375000000000039968e+00,-4.435359402311639387e-01,-2.374020003392919964e+00
3.400000000000039879e+00,-4.476917695578269685e-01,-2.395401676704570271e+00
3.425000000000039790e+00,-4.518380455379389926e-01,-2.416831245047339927e+00
3.450000000000040146e+00,-4.559748283035899852e-01,-2.438308391573989820e+00
3.475000000000040057e+00,-4.601021779285959790e-01,-2.459832800534670127e+00
3.500000000000039968e+00,-4.642201544222039900e-01,-2.481404157281990042e+00
3.525000000000039879e+00,-4.683288177230179872e-01,-2.503022148275930281e+00
3.550000000000039790e+00,-4.724282276931809910e-01,-2.524686461088420319e+00
3.575000000000040146e+00,-4.765184441127569559e-01,-2.546396784407699787e+00
3.600000000000040057e+00,-4.805995266743510186e-01,-2.568152808042539981e+00
3.625000000000039968e+00,-4.846715349779319726e-01,-2.589954222926030170e+00
3.650000000000039879e+00,-4.887345285258529737e-01,-2.611800721119339919e+00
3.675000000000039790e+00,-4.927885667180839646e-01,-2.633691995815079956e+00
3.700000000000040146e+00,-4.968337088476230123e-01,-2.655627741340499615e+00
3.725000000000040057e+00,-5.008700140960949954e-01,-2.677607653160389845e+00
3.750000000000039968e+00,-5.048975415295339220e-01,-2.699631427879830348e+00
3.775000000000039879e+00,-5.089163500943399976e-01,-2.721698763246640063e+00
3.800000000000039790e+00,-5.129264986134010051e-01,-2.743809358153620259e+00
3.825000000000040146e+00,-5.169280457823699493e-01,-2.765962912640509863e+00
3.850000000000040057e+00,-5.209210501661220016e-01,-2.788159127895800005e+00
3.875000000000039968e+00,-5.249055701953468933e-01,-2.810397706258269679e+00
3.900000000000039879e+00,-5.288816641632939630e-01,-2.832678351218270052e+00
3.925000000000050004e+00,-5.328493902226659751e-01,-2.855000767418870211e+00
3.950000000000049916e+00,-5.368088063826500500e-01,-2.877364660656680062e+00
3.975000000000049827e+00,-5.407599705060860407e-01,-2.899769737882539999e+00
4.000000000000000000e+00,-5.447029403067569220e-01,-2.922215707201920143e+00
