cycle,phase,pulse,segment,E_gate_J,E_drain_J,E_total_J,n_samples
1,fire,1,rise,2.800549e-16,7.581508e-16,1.038206e-15,30
1,fire,1,write,3.636830e-15,1.304797e-13,1.341165e-13,11
1,fire,1,fall,-2.814611e-16,7.712788e-16,4.898177e-16,30
1,fire,1,read,7.587431e-17,3.785034e-18,7.965934e-17,21
1,fire,2,rise,2.800617e-16,7.582878e-16,1.038350e-15,30
1,fire,2,write,3.636888e-15,1.304842e-13,1.341211e-13,11
1,fire,2,fall,-2.814654e-16,7.715006e-16,4.900352e-16,30
1,fire,2,read,7.587524e-17,3.785069e-18,7.966031e-17,21
1,fire,3,rise,2.800763e-16,7.585873e-16,1.038664e-15,30
1,fire,3,write,3.636952e-15,1.304928e-13,1.341298e-13,11
1,fire,3,fall,-2.814727e-16,7.718742e-16,4.904014e-16,30
1,fire,3,read,7.587841e-17,3.785207e-18,7.966362e-17,21
1,fire,4,rise,2.800976e-16,7.590267e-16,1.039124e-15,30
1,fire,4,write,3.637028e-15,1.305048e-13,1.341419e-13,11
1,fire,4,fall,-2.814827e-16,7.723923e-16,4.909097e-16,30
1,fire,4,read,7.588321e-17,3.785421e-18,7.966863e-17,21
1,fire,5,rise,2.801271e-16,7.596493e-16,1.039776e-15,30
1,fire,5,write,3.637134e-15,1.305218e-13,1.341589e-13,11
1,fire,5,fall,-2.814958e-16,7.731254e-16,4.916295e-16,30
1,fire,5,read,7.588956e-17,3.785704e-18,7.967527e-17,21
1,fire,6,rise,2.801661e-16,7.604884e-16,1.040655e-15,30
1,fire,6,write,3.637256e-15,1.305441e-13,1.341814e-13,11
1,fire,6,fall,-2.815120e-16,7.740705e-16,4.925585e-16,30
1,fire,6,read,7.589834e-17,3.786091e-18,7.968443e-17,21
1,fire,7,rise,2.802132e-16,7.615204e-16,1.041734e-15,30
1,fire,7,write,3.637384e-15,1.305711e-13,1.342085e-13,11
1,fire,7,fall,-2.815303e-16,7.751934e-16,4.936631e-16,30
1,fire,7,read,7.591011e-17,3.786612e-18,7.969672e-17,21
1,fire,8,rise,2.802665e-16,7.627082e-16,1.042975e-15,30
1,fire,8,write,3.637514e-15,1.306018e-13,1.342393e-13,11
1,fire,8,fall,-2.815502e-16,7.764573e-16,4.949071e-16,30
1,fire,8,read,7.592444e-17,3.787253e-18,7.971169e-17,21
1,fire,9,rise,2.803244e-16,7.640185e-16,1.044343e-15,30
1,fire,9,write,3.637644e-15,1.306354e-13,1.342730e-13,11
1,fire,9,fall,-2.815707e-16,7.778287e-16,4.962580e-16,30
1,fire,9,read,7.594089e-17,3.787992e-18,7.972888e-17,21
1,erase,0,rise,3.647158e-16,2.915499e-18,3.676313e-16,30
1,erase,0,hold,1.148943e-14,4.806394e-17,1.153750e-14,41
1,erase,0,fall,-1.596166e-15,4.181918e-19,-1.595748e-15,32
1,relax,0,hold,-1.981229e-14,2.663934e-16,-1.954590e-14,71
2,fire,1,rise,2.639676e-16,5.229915e-16,7.869592e-16,30
2,fire,1,write,3.608189e-15,1.222154e-13,1.258235e-13,11
2,fire,1,fall,-2.622469e-16,5.265788e-16,2.643319e-16,30
2,fire,1,read,7.391419e-17,3.690846e-18,7.760503e-17,21
2,fire,2,rise,2.541962e-16,5.162296e-16,7.704258e-16,30
2,fire,2,write,3.608250e-15,1.222220e-13,1.258303e-13,11
2,fire,2,fall,-2.622713e-16,5.267675e-16,2.644963e-16,30
2,fire,2,read,7.391390e-17,3.690831e-18,7.760473e-17,21
2,fire,3,rise,2.542367e-16,5.164790e-16,7.707157e-16,30
2,fire,3,write,3.608325e-15,1.222344e-13,1.258427e-13,11
2,fire,3,fall,-2.623119e-16,5.270821e-16,2.647702e-16,30
2,fire,3,read,7.391475e-17,3.690872e-18,7.760562e-17,21
2,fire,4,rise,2.542954e-16,5.168418e-16,7.711373e-16,30
2,fire,4,write,3.608416e-15,1.222515e-13,1.258600e-13,11
2,fire,4,fall,-2.623666e-16,5.275070e-16,2.651404e-16,30
2,fire,4,read,7.391574e-17,3.690921e-18,7.760666e-17,21
2,fire,5,rise,2.543745e-16,5.173335e-16,7.717080e-16,30
2,fire,5,write,3.608558e-15,1.222749e-13,1.258834e-13,11
2,fire,5,fall,-2.624428e-16,5.281122e-16,2.656694e-16,30
2,fire,5,read,7.391661e-17,3.690964e-18,7.760757e-17,21
2,fire,6,rise,2.544898e-16,5.180629e-16,7.725527e-16,30
2,fire,6,write,3.608744e-15,1.223084e-13,1.259172e-13,11
2,fire,6,fall,-2.625494e-16,5.289782e-16,2.664288e-16,30
2,fire,6,read,7.392004e-17,3.691133e-18,7.761117e-17,21
2,fire,7,rise,2.546396e-16,5.190230e-16,7.736627e-16,30
2,fire,7,write,3.608944e-15,1.223507e-13,1.259596e-13,11
2,fire,7,fall,-2.626800e-16,5.300555e-16,2.673755e-16,30
2,fire,7,read,7.392558e-17,3.691407e-18,7.761699e-17,21
2,fire,8,rise,2.548165e-16,5.201677e-16,7.749842e-16,30
2,fire,8,write,3.609155e-15,1.223997e-13,1.260089e-13,11
2,fire,8,fall,-2.628299e-16,5.313040e-16,2.684742e-16,30
2,fire,8,read,7.393279e-17,3.691765e-18,7.762455e-17,21
2,fire,9,rise,2.550193e-16,5.214867e-16,7.765060e-16,30
2,fire,9,write,3.609391e-15,1.224559e-13,1.260653e-13,11
2,fire,9,fall,-2.630016e-16,5.327380e-16,2.697364e-16,30
2,fire,9,read,7.394130e-17,3.692186e-18,7.763348e-17,21
2,erase,0,rise,3.561975e-16,2.846272e-18,3.590438e-16,30
2,erase,0,hold,1.147144e-14,4.803837e-17,1.151947e-14,41
2,erase,0,fall,-1.633271e-15,3.732687e-19,-1.632898e-15,31
2,relax,0,hold,-1.991620e-14,2.476552e-16,-1.966854e-14,71
3,fire,1,rise,2.654578e-16,5.447935e-16,8.102514e-16,30
3,fire,1,write,3.611107e-15,1.230809e-13,1.266920e-13,11
3,fire,1,fall,-2.648101e-16,5.482355e-16,2.834254e-16,30
3,fire,1,read,7.403154e-17,3.696682e-18,7.772822e-17,21
3,fire,2,rise,2.574143e-16,5.376404e-16,7.950547e-16,30
3,fire,2,write,3.611167e-15,1.230873e-13,1.266985e-13,11
3,fire,2,fall,-2.648326e-16,5.484251e-16,2.835925e-16,30
3,fire,2,read,7.403126e-17,3.696668e-18,7.772793e-17,21
3,fire,3,rise,2.574523e-16,5.378964e-16,7.953486e-16,30
3,fire,3,write,3.611241e-15,1.230992e-13,1.267104e-13,11
3,fire,3,fall,-2.648700e-16,5.487405e-16,2.838705e-16,30
3,fire,3,read,7.403214e-17,3.696710e-18,7.772885e-17,21
3,fire,4,rise,2.575072e-16,5.382682e-16,7.957753e-16,30
3,fire,4,write,3.611326e-15,1.231156e-13,1.267270e-13,11
3,fire,4,fall,-2.649199e-16,5.491615e-16,2.842416e-16,30
3,fire,4,read,7.403401e-17,3.696802e-18,7.773081e-17,21
3,fire,5,rise,2.575761e-16,5.387358e-16,7.963119e-16,30
3,fire,5,write,3.611420e-15,1.231359e-13,1.267473e-13,11
3,fire,5,fall,-2.649800e-16,5.496693e-16,2.846894e-16,30
3,fire,5,read,7.403672e-17,3.696936e-18,7.773365e-17,21
3,fire,6,rise,2.576564e-16,5.392814e-16,7.969377e-16,30
3,fire,6,write,3.611522e-15,1.231591e-13,1.267706e-13,11
3,fire,6,fall,-2.650482e-16,5.502470e-16,2.851988e-16,30
3,fire,6,read,7.404008e-17,3.697101e-18,7.773718e-17,21
3,fire,7,rise,2.577456e-16,5.398898e-16,7.976355e-16,30
3,fire,7,write,3.611628e-15,1.231848e-13,1.267964e-13,11
3,fire,7,fall,-2.651228e-16,5.508801e-16,2.857573e-16,30
3,fire,7,read,7.404386e-17,3.697287e-18,7.774115e-17,21
3,fire,8,rise,2.578420e-16,5.405488e-16,7.983908e-16,30
3,fire,8,write,3.611741e-15,1.232124e-13,1.268242e-13,11
3,fire,8,fall,-2.652026e-16,5.515592e-16,2.863567e-16,30
3,fire,8,read,7.404795e-17,3.697489e-18,7.774544e-17,21
3,fire,9,rise,2.579449e-16,5.412543e-16,7.991992e-16,30
3,fire,9,write,3.611864e-15,1.232421e-13,1.268539e-13,11
3,fire,9,fall,-2.652879e-16,5.522914e-16,2.870036e-16,30
3,fire,9,read,7.405250e-17,3.697715e-18,7.775021e-17,21
3,erase,0,rise,3.567736e-16,2.850908e-18,3.596245e-16,30
3,erase,0,hold,1.147585e-14,4.805436e-17,1.152391e-14,41
3,erase,0,fall,-1.617371e-15,3.252017e-19,-1.617046e-15,31
3,relax,0,hold,-1.991478e-14,2.479514e-16,-1.966683e-14,71
4,fire,1,rise,2.653768e-16,5.439704e-16,8.093472e-16,30
4,fire,1,write,3.610954e-15,1.230418e-13,1.266527e-13,11
4,fire,1,fall,-2.646986e-16,5.473643e-16,2.826657e-16,30
4,fire,1,read,7.402478e-17,3.696344e-18,7.772112e-17,21
4,fire,2,rise,2.572798e-16,5.367643e-16,7.940441e-16,30
4,fire,2,write,3.611013e-15,1.230482e-13,1.266592e-13,11
4,fire,2,fall,-2.647211e-16,5.475537e-16,2.828327e-16,30
4,fire,2,read,7.402450e-17,3.696330e-18,7.772083e-17,21
4,fire,3,rise,2.573178e-16,5.370198e-16,7.943376e-16,30
4,fire,3,write,3.611087e-15,1.230601e-13,1.266712e-13,11
4,fire,3,fall,-2.647586e-16,5.478690e-16,2.831104e-16,30
4,fire,3,read,7.402538e-17,3.696372e-18,7.772175e-17,21
4,fire,4,rise,2.573728e-16,5.373910e-16,7.947638e-16,30
4,fire,4,write,3.611173e-15,1.230766e-13,1.266877e-13,11
4,fire,4,fall,-2.648086e-16,5.482897e-16,2.834811e-16,30
4,fire,4,read,7.402724e-17,3.696464e-18,7.772371e-17,21
4,fire,5,rise,2.574419e-16,5.378579e-16,7.952998e-16,30
4,fire,5,write,3.611267e-15,1.230968e-13,1.267081e-13,11
4,fire,5,fall,-2.648688e-16,5.487971e-16,2.839283e-16,30
4,fire,5,read,7.402995e-17,3.696597e-18,7.772655e-17,21
4,fire,6,rise,2.575223e-16,5.384031e-16,7.959253e-16,30
4,fire,6,write,3.611369e-15,1.231201e-13,1.267315e-13,11
4,fire,6,fall,-2.649372e-16,5.493741e-16,2.844369e-16,30
4,fire,6,read,7.403330e-17,3.696762e-18,7.773006e-17,21
4,fire,7,rise,2.576117e-16,5.390112e-16,7.966229e-16,30
4,fire,7,write,3.611476e-15,1.231458e-13,1.267573e-13,11
4,fire,7,fall,-2.650120e-16,5.500072e-16,2.849952e-16,30
4,fire,7,read,7.403705e-17,3.696946e-18,7.773399e-17,21
4,fire,8,rise,2.577083e-16,5.396701e-16,7.973784e-16,30
4,fire,8,write,3.611589e-15,1.231736e-13,1.267851e-13,11
4,fire,8,fall,-2.650921e-16,5.506872e-16,2.855952e-16,30
4,fire,8,read,7.404113e-17,3.697148e-18,7.773828e-17,21
4,fire,9,rise,2.578119e-16,5.403788e-16,7.981908e-16,30
4,fire,9,write,3.611715e-15,1.232034e-13,1.268151e-13,11
4,fire,9,fall,-2.651782e-16,5.514251e-16,2.862469e-16,30
4,fire,9,read,7.404572e-17,3.697376e-18,7.774310e-17,21
4,erase,0,rise,3.567393e-16,2.850625e-18,3.595899e-16,30
4,erase,0,hold,1.147570e-14,4.805380e-17,1.152376e-14,41
4,erase,0,fall,-1.617537e-15,3.252759e-19,-1.617212e-15,31
4,relax,0,hold,-1.991490e-14,2.479239e-16,-1.966698e-14,71
5,fire,1,rise,2.653817e-16,5.440246e-16,8.094063e-16,30
5,fire,1,write,3.610965e-15,1.230445e-13,1.266555e-13,11
5,fire,1,fall,-2.647066e-16,5.474243e-16,2.827177e-16,30
5,fire,1,read,7.402512e-17,3.696361e-18,7.772148e-17,21
5,fire,2,rise,2.572894e-16,5.368249e-16,7.941143e-16,30
5,fire,2,write,3.611025e-15,1.230510e-13,1.266620e-13,11
5,fire,2,fall,-2.647291e-16,5.476138e-16,2.828847e-16,30
5,fire,2,read,7.402485e-17,3.696347e-18,7.772119e-17,21
5,fire,3,rise,2.573273e-16,5.370805e-16,7.944078e-16,30
5,fire,3,write,3.611099e-15,1.230629e-13,1.266740e-13,11
5,fire,3,fall,-2.647666e-16,5.479291e-16,2.831625e-16,30
5,fire,3,read,7.402572e-17,3.696389e-18,7.772211e-17,21
5,fire,4,rise,2.573823e-16,5.374516e-16,7.948340e-16,30
5,fire,4,write,3.611184e-15,1.230793e-13,1.266905e-13,11
5,fire,4,fall,-2.648166e-16,5.483499e-16,2.835333e-16,30
5,fire,4,read,7.402759e-17,3.696481e-18,7.772407e-17,21
5,fire,5,rise,2.574514e-16,5.379186e-16,7.953700e-16,30
5,fire,5,write,3.611278e-15,1.230996e-13,1.267109e-13,11
5,fire,5,fall,-2.648768e-16,5.488574e-16,2.839805e-16,30
5,fire,5,read,7.403030e-17,3.696615e-18,7.772691e-17,21
5,fire,6,rise,2.575318e-16,5.384639e-16,7.959956e-16,30
5,fire,6,write,3.611380e-15,1.231229e-13,1.267343e-13,11
5,fire,6,fall,-2.649452e-16,5.494343e-16,2.844891e-16,30
5,fire,6,read,7.403365e-17,3.696779e-18,7.773043e-17,21
5,fire,7,rise,2.576212e-16,5.390721e-16,7.966933e-16,30
5,fire,7,write,3.611487e-15,1.231486e-13,1.267601e-13,11
5,fire,7,fall,-2.650200e-16,5.500675e-16,2.850475e-16,30
5,fire,7,read,7.403740e-17,3.696964e-18,7.773436e-17,21
5,fire,8,rise,2.577178e-16,5.397309e-16,7.974487e-16,30
5,fire,8,write,3.611600e-15,1.231763e-13,1.267879e-13,11
5,fire,8,fall,-2.651000e-16,5.507475e-16,2.856475e-16,30
5,fire,8,read,7.404149e-17,3.697166e-18,7.773865e-17,21
5,fire,9,rise,2.578214e-16,5.404397e-16,7.982611e-16,30
5,fire,9,write,3.611726e-15,1.232062e-13,1.268179e-13,11
5,fire,9,fall,-2.651862e-16,5.514853e-16,2.862992e-16,30
5,fire,9,read,7.404608e-17,3.697394e-18,7.774347e-17,21
5,erase,0,rise,3.567413e-16,2.850642e-18,3.595919e-16,30
5,erase,0,hold,1.147570e-14,4.805380e-17,1.152376e-14,41
5,erase,0,fall,-1.631540e-15,3.727598e-19,-1.631167e-15,31
5,relax,0,hold,-1.991489e-14,2.479258e-16,-1.966697e-14,71
6,fire,1,rise,2.653813e-16,5.440201e-16,8.094014e-16,30
6,fire,1,write,3.610964e-15,1.230443e-13,1.266553e-13,11
6,fire,1,fall,-2.647059e-16,5.474194e-16,2.827135e-16,30
6,fire,1,read,7.402510e-17,3.696360e-18,7.772146e-17,21
6,fire,2,rise,2.572886e-16,5.368198e-16,7.941084e-16,30
6,fire,2,write,3.611023e-15,1.230507e-13,1.266617e-13,11
6,fire,2,fall,-2.647283e-16,5.476076e-16,2.828793e-16,30
6,fire,2,read,7.402486e-17,3.696348e-18,7.772121e-17,21
6,fire,3,rise,2.573261e-16,5.370719e-16,7.943979e-16,30
6,fire,3,write,3.611095e-15,1.230624e-13,1.266735e-13,11
6,fire,3,fall,-2.647652e-16,5.479169e-16,2.831517e-16,30
6,fire,3,read,7.402576e-17,3.696391e-18,7.772215e-17,21
6,fire,4,rise,2.573798e-16,5.374339e-16,7.948137e-16,30
6,fire,4,write,3.611178e-15,1.230786e-13,1.266897e-13,11
6,fire,4,fall,-2.648141e-16,5.483257e-16,2.835116e-16,30
6,fire,4,read,7.402761e-17,3.696482e-18,7.772409e-17,21
6,fire,5,rise,2.574469e-16,5.378860e-16,7.953329e-16,30
6,fire,5,write,3.611269e-15,1.230983e-13,1.267095e-13,11
6,fire,5,fall,-2.648727e-16,5.488158e-16,2.839432e-16,30
6,fire,5,read,7.403025e-17,3.696612e-18,7.772687e-17,21
6,fire,6,rise,2.575248e-16,5.384115e-16,7.959363e-16,30
6,fire,6,write,3.611368e-15,1.231209e-13,1.267323e-13,11
6,fire,6,fall,-2.649391e-16,5.493711e-16,2.844320e-16,30
6,fire,6,read,7.403346e-17,3.696771e-18,7.773023e-17,21
6,fire,7,rise,2.576113e-16,5.389965e-16,7.966078e-16,30
6,fire,7,write,3.611473e-15,1.231458e-13,1.267573e-13,11
6,fire,7,fall,-2.650117e-16,5.499797e-16,2.849680e-16,30
6,fire,7,read,7.403686e-17,3.696938e-18,7.773380e-17,21
6,fire,8,rise,2.577050e-16,5.396312e-16,7.973362e-16,30
6,fire,8,write,3.611588e-15,1.231729e-13,1.267845e-13,11
6,fire,8,fall,-2.650902e-16,5.506403e-16,2.855502e-16,30
6,fire,8,read,7.404083e-17,3.697135e-18,7.773796e-17,21
6,fire,9,rise,2.578087e-16,5.403386e-16,7.981473e-16,30
6,fire,9,write,3.611722e-15,1.232031e-13,1.268148e-13,11
6,fire,9,fall,-2.651779e-16,5.513900e-16,2.862121e-16,30
6,fire,9,read,7.404549e-17,3.697366e-18,7.774285e-17,21
6,erase,0,rise,3.567392e-16,2.850626e-18,3.595898e-16,30
6,erase,0,hold,1.147570e-14,4.805379e-17,1.152375e-14,41
6,erase,0,fall,-1.631546e-15,3.727483e-19,-1.631174e-15,31
6,relax,0,hold,-1.991492e-14,2.479207e-16,-1.966700e-14,71
7,fire,1,rise,2.653814e-16,5.440238e-16,8.094052e-16,30
7,fire,1,write,3.610964e-15,1.230444e-13,1.266553e-13,11
7,fire,1,fall,-2.647061e-16,5.474224e-16,2.827163e-16,30
7,fire,1,read,7.402511e-17,3.696361e-18,7.772147e-17,21
7,fire,2,rise,2.572889e-16,5.368229e-16,7.941118e-16,30
7,fire,2,write,3.611024e-15,1.230508e-13,1.266618e-13,11
7,fire,2,fall,-2.647286e-16,5.476118e-16,2.828832e-16,30
7,fire,2,read,7.402484e-17,3.696347e-18,7.772118e-17,21
7,fire,3,rise,2.573269e-16,5.370783e-16,7.944052e-16,30
7,fire,3,write,3.611098e-15,1.230627e-13,1.266738e-13,11
7,fire,3,fall,-2.647662e-16,5.479273e-16,2.831611e-16,30
7,fire,3,read,7.402571e-17,3.696389e-18,7.772209e-17,21
7,fire,4,rise,2.573819e-16,5.374498e-16,7.948317e-16,30
7,fire,4,write,3.611184e-15,1.230792e-13,1.266904e-13,11
7,fire,4,fall,-2.648163e-16,5.483489e-16,2.835326e-16,30
7,fire,4,read,7.402757e-17,3.696480e-18,7.772405e-17,21
7,fire,5,rise,2.574512e-16,5.379183e-16,7.953695e-16,30
7,fire,5,write,3.611279e-15,1.230996e-13,1.267108e-13,11
7,fire,5,fall,-2.648769e-16,5.488589e-16,2.839820e-16,30
7,fire,5,read,7.403027e-17,3.696613e-18,7.772688e-17,21
7,fire,6,rise,2.575322e-16,5.384670e-16,7.959992e-16,30
7,fire,6,write,3.611382e-15,1.231230e-13,1.267344e-13,11
7,fire,6,fall,-2.649459e-16,5.494404e-16,2.844946e-16,30
7,fire,6,read,7.403361e-17,3.696776e-18,7.773038e-17,21
7,fire,7,rise,2.576225e-16,5.390810e-16,7.967035e-16,30
7,fire,7,write,3.611491e-15,1.231491e-13,1.267605e-13,11
7,fire,7,fall,-2.650216e-16,5.500803e-16,2.850587e-16,30
7,fire,7,read,7.403738e-17,3.696961e-18,7.773434e-17,21
7,fire,8,rise,2.577204e-16,5.397474e-16,7.974677e-16,30
7,fire,8,write,3.611606e-15,1.231771e-13,1.267888e-13,11
7,fire,8,fall,-2.651028e-16,5.507685e-16,2.856657e-16,30
7,fire,8,read,7.404151e-17,3.697166e-18,7.773868e-17,21
7,fire,9,rise,2.578253e-16,5.404648e-16,7.982901e-16,30
7,fire,9,write,3.611733e-15,1.232074e-13,1.268191e-13,11
7,fire,9,fall,-2.651901e-16,5.515148e-16,2.863247e-16,30
7,fire,9,read,7.404615e-17,3.697396e-18,7.774355e-17,21
7,erase,0,rise,3.567424e-16,2.850649e-18,3.595930e-16,30
7,erase,0,hold,1.147571e-14,4.805382e-17,1.152376e-14,41
7,erase,0,fall,-1.631533e-15,3.727547e-19,-1.631161e-15,31
7,relax,0,hold,-1.991489e-14,2.479260e-16,-1.966697e-14,71
8,fire,1,rise,2.653810e-16,5.440178e-16,8.093988e-16,30
8,fire,1,write,3.610963e-15,1.230442e-13,1.266551e-13,11
8,fire,1,fall,-2.647056e-16,5.474168e-16,2.827112e-16,30
8,fire,1,read,7.402508e-17,3.696359e-18,7.772144e-17,21
8,fire,2,rise,2.572881e-16,5.368172e-16,7.941054e-16,30
8,fire,2,write,3.611023e-15,1.230506e-13,1.266616e-13,11
8,fire,2,fall,-2.647280e-16,5.476059e-16,2.828778e-16,30
8,fire,2,read,7.402482e-17,3.696345e-18,7.772116e-17,21
8,fire,3,rise,2.573260e-16,5.370718e-16,7.943977e-16,30
8,fire,3,write,3.611096e-15,1.230625e-13,1.266736e-13,11
8,fire,3,fall,-2.647654e-16,5.479197e-16,2.831543e-16,30
8,fire,3,read,7.402570e-17,3.696388e-18,7.772209e-17,21
8,fire,4,rise,2.573807e-16,5.374408e-16,7.948215e-16,30
8,fire,4,write,3.611182e-15,1.230789e-13,1.266900e-13,11
8,fire,4,fall,-2.648152e-16,5.483381e-16,2.835229e-16,30
8,fire,4,read,7.402756e-17,3.696480e-18,7.772404e-17,21
8,fire,5,rise,2.574495e-16,5.379052e-16,7.953547e-16,30
8,fire,5,write,3.611276e-15,1.230990e-13,1.267103e-13,11
8,fire,5,fall,-2.648753e-16,5.488432e-16,2.839678e-16,30
8,fire,5,read,7.403026e-17,3.696613e-18,7.772687e-17,21
8,fire,6,rise,2.575297e-16,5.384481e-16,7.959778e-16,30
8,fire,6,write,3.611377e-15,1.231223e-13,1.267337e-13,11
8,fire,6,fall,-2.649437e-16,5.494182e-16,2.844744e-16,30
8,fire,6,read,7.403359e-17,3.696777e-18,7.773036e-17,21
8,fire,7,rise,2.576191e-16,5.390548e-16,7.966739e-16,30
8,fire,7,write,3.611485e-15,1.231480e-13,1.267595e-13,11
8,fire,7,fall,-2.650187e-16,5.500501e-16,2.850314e-16,30
8,fire,7,read,7.403732e-17,3.696961e-18,7.773428e-17,21
8,fire,8,rise,2.577158e-16,5.397126e-16,7.974284e-16,30
8,fire,8,write,3.611600e-15,1.231758e-13,1.267874e-13,11
8,fire,8,fall,-2.650990e-16,5.507298e-16,2.856308e-16,30
8,fire,8,read,7.404126e-17,3.697160e-18,7.773842e-17,21
8,fire,9,rise,2.578202e-16,5.404254e-16,7.982456e-16,30
8,fire,9,write,3.611729e-15,1.232059e-13,1.268177e-13,11
8,fire,9,fall,-2.651863e-16,5.514751e-16,2.862888e-16,30
8,fire,9,read,7.404587e-17,3.697388e-18,7.774326e-17,21
8,erase,0,rise,3.567408e-16,2.850642e-18,3.595914e-16,30
8,erase,0,hold,1.147570e-14,4.805381e-17,1.152375e-14,41
8,erase,0,fall,-1.617523e-15,3.252618e-19,-1.617198e-15,31
8,relax,0,hold,-1.991490e-14,2.479231e-16,-1.966698e-14,71
9,fire,1,rise,2.653812e-16,5.440203e-16,8.094014e-16,30
9,fire,1,write,3.610964e-15,1.230443e-13,1.266552e-13,11
9,fire,1,fall,-2.647058e-16,5.474189e-16,2.827131e-16,30
9,fire,1,read,7.402510e-17,3.696360e-18,7.772146e-17,21
9,fire,2,rise,2.572884e-16,5.368193e-16,7.941077e-16,30
9,fire,2,write,3.611023e-15,1.230507e-13,1.266617e-13,11
9,fire,2,fall,-2.647282e-16,5.476077e-16,2.828795e-16,30
9,fire,2,read,7.402486e-17,3.696348e-18,7.772121e-17,21
9,fire,3,rise,2.573262e-16,5.370732e-16,7.943993e-16,30
9,fire,3,write,3.611096e-15,1.230625e-13,1.266736e-13,11
9,fire,3,fall,-2.647655e-16,5.479204e-16,2.831549e-16,30
9,fire,3,read,7.402575e-17,3.696391e-18,7.772215e-17,21
9,fire,4,rise,2.573806e-16,5.374405e-16,7.948211e-16,30
9,fire,4,write,3.611180e-15,1.230788e-13,1.266900e-13,11
9,fire,4,fall,-2.648150e-16,5.483364e-16,2.835214e-16,30
9,fire,4,read,7.402761e-17,3.696482e-18,7.772409e-17,21
9,fire,5,rise,2.574490e-16,5.379019e-16,7.953508e-16,30
9,fire,5,write,3.611274e-15,1.230989e-13,1.267101e-13,11
9,fire,5,fall,-2.648747e-16,5.488378e-16,2.839630e-16,30
9,fire,5,read,7.403026e-17,3.696613e-18,7.772688e-17,21
9,fire,6,rise,2.575286e-16,5.384407e-16,7.959693e-16,30
9,fire,6,write,3.611374e-15,1.231219e-13,1.267333e-13,11
9,fire,6,fall,-2.649426e-16,5.494080e-16,2.844654e-16,30
9,fire,6,read,7.403350e-17,3.696773e-18,7.773028e-17,21
9,fire,7,rise,2.576173e-16,5.390423e-16,7.966596e-16,30
9,fire,7,write,3.611481e-15,1.231475e-13,1.267589e-13,11
9,fire,7,fall,-2.650170e-16,5.500346e-16,2.850176e-16,30
9,fire,7,read,7.403702e-17,3.696946e-18,7.773396e-17,21
9,fire,8,rise,2.577134e-16,5.396958e-16,7.974092e-16,30
9,fire,8,write,3.611597e-15,1.231751e-13,1.267867e-13,11
9,fire,8,fall,-2.650971e-16,5.507115e-16,2.856145e-16,30
9,fire,8,read,7.404089e-17,3.697135e-18,7.773802e-17,21
9,fire,9,rise,2.578179e-16,5.404090e-16,7.982269e-16,30
9,fire,9,write,3.611728e-15,1.232053e-13,1.268171e-13,11
9,fire,9,fall,-2.651845e-16,5.514593e-16,2.862748e-16,30
9,fire,9,read,7.404555e-17,3.697366e-18,7.774292e-17,21
9,erase,0,rise,3.567394e-16,2.850625e-18,3.595900e-16,30
9,erase,0,hold,1.147568e-14,4.805371e-17,1.152374e-14,41
9,erase,0,fall,-1.631541e-15,3.727533e-19,-1.631168e-15,31
9,relax,0,hold,-1.991491e-14,2.479235e-16,-1.966698e-14,71
10,fire,1,rise,2.653812e-16,5.440209e-16,8.094022e-16,30
10,fire,1,write,3.610964e-15,1.230443e-13,1.266552e-13,11
10,fire,1,fall,-2.647059e-16,5.474196e-16,2.827138e-16,30
10,fire,1,read,7.402511e-17,3.696361e-18,7.772147e-17,21
10,fire,2,rise,2.572885e-16,5.368200e-16,7.941086e-16,30
10,fire,2,write,3.611023e-15,1.230507e-13,1.266617e-13,11
10,fire,2,fall,-2.647283e-16,5.476085e-16,2.828802e-16,30
10,fire,2,read,7.402486e-17,3.696348e-18,7.772121e-17,21
10,fire,3,rise,2.573263e-16,5.370738e-16,7.944000e-16,30
10,fire,3,write,3.611096e-15,1.230625e-13,1.266736e-13,11
10,fire,3,fall,-2.647655e-16,5.479208e-16,2.831553e-16,30
10,fire,3,read,7.402575e-17,3.696391e-18,7.772214e-17,21
10,fire,4,rise,2.573807e-16,5.374406e-16,7.948212e-16,30
10,fire,4,write,3.611180e-15,1.230788e-13,1.266900e-13,11
10,fire,4,fall,-2.648151e-16,5.483362e-16,2.835211e-16,30
10,fire,4,read,7.402760e-17,3.696482e-18,7.772408e-17,21
10,fire,5,rise,2.574489e-16,5.379010e-16,7.953499e-16,30
10,fire,5,write,3.611274e-15,1.230989e-13,1.267101e-13,11
10,fire,5,fall,-2.648747e-16,5.488364e-16,2.839618e-16,30
10,fire,5,read,7.403027e-17,3.696613e-18,7.772688e-17,21
10,fire,6,rise,2.575283e-16,5.384384e-16,7.959667e-16,30
10,fire,6,write,3.611374e-15,1.231219e-13,1.267333e-13,11
10,fire,6,fall,-2.649424e-16,5.494050e-16,2.844627e-16,30
10,fire,6,read,7.403352e-17,3.696770e-18,7.773029e-17,21
10,fire,7,rise,2.576168e-16,5.390381e-16,7.966549e-16,30
10,fire,7,write,3.611481e-15,1.231474e-13,1.267589e-13,11
10,fire,7,fall,-2.650166e-16,5.500298e-16,2.850132e-16,30
10,fire,7,read,7.403704e-17,3.696943e-18,7.773398e-17,21
10,fire,8,rise,2.577127e-16,5.396895e-16,7.974022e-16,30
10,fire,8,write,3.611597e-15,1.231750e-13,1.267866e-13,11
10,fire,8,fall,-2.650965e-16,5.507050e-16,2.856085e-16,30
10,fire,8,read,7.404109e-17,3.697145e-18,7.773824e-17,21
10,fire,9,rise,2.578171e-16,5.404021e-16,7.982191e-16,30
10,fire,9,write,3.611728e-15,1.232052e-13,1.268170e-13,11
10,fire,9,fall,-2.651840e-16,5.514529e-16,2.862689e-16,30
10,fire,9,read,7.404575e-17,3.697376e-18,7.774312e-17,21
10,erase,0,rise,3.567405e-16,2.850634e-18,3.595911e-16,30
10,erase,0,hold,1.147570e-14,4.805378e-17,1.152375e-14,41
10,erase,0,fall,-1.617525e-15,3.252640e-19,-1.617200e-15,31
10,relax,0,hold,-1.991490e-14,2.479239e-16,-1.966698e-14,71
11,fire,1,rise,2.653812e-16,5.440206e-16,8.094018e-16,30
11,fire,1,write,3.610964e-15,1.230443e-13,1.266552e-13,11
11,fire,1,fall,-2.647058e-16,5.474194e-16,2.827136e-16,30
11,fire,1,read,7.402510e-17,3.696360e-18,7.772146e-17,21
11,fire,2,rise,2.572885e-16,5.368198e-16,7.941083e-16,30
11,fire,2,write,3.611023e-15,1.230507e-13,1.266617e-13,11
11,fire,2,fall,-2.647282e-16,5.476079e-16,2.828796e-16,30
11,fire,2,read,7.402484e-17,3.696347e-18,7.772119e-17,21
11,fire,3,rise,2.573261e-16,5.370725e-16,7.943985e-16,30
11,fire,3,write,3.611095e-15,1.230625e-13,1.266736e-13,11
11,fire,3,fall,-2.647653e-16,5.479182e-16,2.831529e-16,30
11,fire,3,read,7.402573e-17,3.696391e-18,7.772212e-17,21
11,fire,4,rise,2.573801e-16,5.374361e-16,7.948162e-16,30
11,fire,4,write,3.611179e-15,1.230787e-13,1.266898e-13,11
11,fire,4,fall,-2.648144e-16,5.483292e-16,2.835149e-16,30
11,fire,4,read,7.402759e-17,3.696482e-18,7.772407e-17,21
11,fire,5,rise,2.574475e-16,5.378910e-16,7.953386e-16,30
11,fire,5,write,3.611271e-15,1.230985e-13,1.267098e-13,11
11,fire,5,fall,-2.648733e-16,5.488227e-16,2.839494e-16,30
11,fire,5,read,7.403027e-17,3.696613e-18,7.772688e-17,21
11,fire,6,rise,2.575259e-16,5.384205e-16,7.959464e-16,30
11,fire,6,write,3.611370e-15,1.231213e-13,1.267326e-13,11
11,fire,6,fall,-2.649401e-16,5.493823e-16,2.844422e-16,30
11,fire,6,read,7.403357e-17,3.696773e-18,7.773035e-17,21
11,fire,7,rise,2.576131e-16,5.390102e-16,7.966232e-16,30
11,fire,7,write,3.611476e-15,1.231464e-13,1.267579e-13,11
11,fire,7,fall,-2.650133e-16,5.499957e-16,2.849825e-16,30
11,fire,7,read,7.403720e-17,3.696946e-18,7.773415e-17,21
11,fire,8,rise,2.577073e-16,5.396486e-16,7.973559e-16,30
11,fire,8,write,3.611590e-15,1.231736e-13,1.267852e-13,11
11,fire,8,fall,-2.650919e-16,5.506584e-16,2.855665e-16,30
11,fire,8,read,7.404120e-17,3.697145e-18,7.773835e-17,21
11,fire,9,rise,2.578109e-16,5.403551e-16,7.981660e-16,30
11,fire,9,write,3.611723e-15,1.232037e-13,1.268154e-13,11
11,fire,9,fall,-2.651793e-16,5.514053e-16,2.862260e-16,30
11,fire,9,read,7.404581e-17,3.697372e-18,7.774318e-17,21
11,erase,0,rise,3.567406e-16,2.850630e-18,3.595912e-16,30
11,erase,0,hold,1.147571e-14,4.805384e-17,1.152377e-14,41
11,erase,0,fall,-1.617529e-15,3.252581e-19,-1.617204e-15,31
11,relax,0,hold,-1.991491e-14,2.479206e-16,-1.966699e-14,71
12,fire,1,rise,2.653813e-16,5.440230e-16,8.094044e-16,30
12,fire,1,write,3.610964e-15,1.230443e-13,1.266553e-13,11
12,fire,1,fall,-2.647060e-16,5.474216e-16,2.827156e-16,30
12,fire,1,read,7.402510e-17,3.696361e-18,7.772146e-17,21
12,fire,2,rise,2.572888e-16,5.368220e-16,7.941108e-16,30
12,fire,2,write,3.611023e-15,1.230508e-13,1.266618e-13,11
12,fire,2,fall,-2.647284e-16,5.476100e-16,2.828816e-16,30
12,fire,2,read,7.402486e-17,3.696349e-18,7.772121e-17,21
12,fire,3,rise,2.573263e-16,5.370745e-16,7.944008e-16,30
12,fire,3,write,3.611095e-15,1.230625e-13,1.266736e-13,11
12,fire,3,fall,-2.647654e-16,5.479201e-16,2.831547e-16,30
12,fire,3,read,7.402576e-17,3.696393e-18,7.772215e-17,21
12,fire,4,rise,2.573803e-16,5.374379e-16,7.948182e-16,30
12,fire,4,write,3.611178e-15,1.230787e-13,1.266899e-13,11
12,fire,4,fall,-2.648145e-16,5.483308e-16,2.835163e-16,30
12,fire,4,read,7.402761e-17,3.696484e-18,7.772410e-17,21
12,fire,5,rise,2.574477e-16,5.378925e-16,7.953402e-16,30
12,fire,5,write,3.611270e-15,1.230985e-13,1.267097e-13,11
12,fire,5,fall,-2.648734e-16,5.488240e-16,2.839506e-16,30
12,fire,5,read,7.403027e-17,3.696614e-18,7.772688e-17,21
12,fire,6,rise,2.575260e-16,5.384217e-16,7.959477e-16,30
12,fire,6,write,3.611369e-15,1.231212e-13,1.267326e-13,11
12,fire,6,fall,-2.649402e-16,5.493832e-16,2.844430e-16,30
12,fire,6,read,7.403349e-17,3.696772e-18,7.773026e-17,21
12,fire,7,rise,2.576131e-16,5.390111e-16,7.966242e-16,30
12,fire,7,write,3.611475e-15,1.231463e-13,1.267578e-13,11
12,fire,7,fall,-2.650133e-16,5.499964e-16,2.849831e-16,30
12,fire,7,read,7.403701e-17,3.696938e-18,7.773394e-17,21
12,fire,8,rise,2.577074e-16,5.396500e-16,7.973573e-16,30
12,fire,8,write,3.611589e-15,1.231734e-13,1.267850e-13,11
12,fire,8,fall,-2.650920e-16,5.506597e-16,2.855677e-16,30
12,fire,8,read,7.404082e-17,3.697123e-18,7.773795e-17,21
12,fire,9,rise,2.578110e-16,5.403571e-16,7.981682e-16,30
12,fire,9,write,3.611723e-15,1.232036e-13,1.268153e-13,11
12,fire,9,fall,-2.651794e-16,5.514073e-16,2.862278e-16,30
12,fire,9,read,7.404545e-17,3.697352e-18,7.774280e-17,21
12,erase,0,rise,3.567388e-16,2.850613e-18,3.595894e-16,30
12,erase,0,hold,1.147569e-14,4.805375e-17,1.152375e-14,41
12,erase,0,fall,-1.631546e-15,3.727463e-19,-1.631173e-15,31
12,relax,0,hold,-1.991492e-14,2.479204e-16,-1.966700e-14,71
13,fire,1,rise,2.653814e-16,5.440239e-16,8.094053e-16,30
13,fire,1,write,3.610964e-15,1.230444e-13,1.266553e-13,11
13,fire,1,fall,-2.647061e-16,5.474223e-16,2.827162e-16,30
13,fire,1,read,7.402512e-17,3.696362e-18,7.772148e-17,21
13,fire,2,rise,2.572889e-16,5.368227e-16,7.941116e-16,30
13,fire,2,write,3.611023e-15,1.230508e-13,1.266618e-13,11
13,fire,2,fall,-2.647285e-16,5.476109e-16,2.828824e-16,30
13,fire,2,read,7.402487e-17,3.696349e-18,7.772122e-17,21
13,fire,3,rise,2.573265e-16,5.370756e-16,7.944022e-16,30
13,fire,3,write,3.611096e-15,1.230626e-13,1.266737e-13,11
13,fire,3,fall,-2.647656e-16,5.479218e-16,2.831562e-16,30
13,fire,3,read,7.402577e-17,3.696392e-18,7.772216e-17,21
13,fire,4,rise,2.573806e-16,5.374402e-16,7.948208e-16,30
13,fire,4,write,3.611179e-15,1.230788e-13,1.266900e-13,11
13,fire,4,fall,-2.648149e-16,5.483341e-16,2.835193e-16,30
13,fire,4,read,7.402762e-17,3.696483e-18,7.772411e-17,21
13,fire,5,rise,2.574483e-16,5.378967e-16,7.953450e-16,30
13,fire,5,write,3.611272e-15,1.230987e-13,1.267099e-13,11
13,fire,5,fall,-2.648740e-16,5.488297e-16,2.839557e-16,30
13,fire,5,read,7.403029e-17,3.696615e-18,7.772690e-17,21
13,fire,6,rise,2.575271e-16,5.384285e-16,7.959556e-16,30
13,fire,6,write,3.611372e-15,1.231215e-13,1.267329e-13,11
13,fire,6,fall,-2.649412e-16,5.493921e-16,2.844510e-16,30
13,fire,6,read,7.403352e-17,3.696775e-18,7.773030e-17,21
13,fire,7,rise,2.576147e-16,5.390214e-16,7.966360e-16,30
13,fire,7,write,3.611478e-15,1.231468e-13,1.267582e-13,11
13,fire,7,fall,-2.650147e-16,5.500093e-16,2.849946e-16,30
13,fire,7,read,7.403713e-17,3.696958e-18,7.773409e-17,21
13,fire,8,rise,2.577094e-16,5.396639e-16,7.973733e-16,30
13,fire,8,write,3.611592e-15,1.231740e-13,1.267856e-13,11
13,fire,8,fall,-2.650938e-16,5.506759e-16,2.855821e-16,30
13,fire,8,read,7.404104e-17,3.697157e-18,7.773820e-17,21
13,fire,9,rise,2.578133e-16,5.403725e-16,7.981858e-16,30
13,fire,9,write,3.611725e-15,1.232042e-13,1.268159e-13,11
13,fire,9,fall,-2.651812e-16,5.514235e-16,2.862423e-16,30
13,fire,9,read,7.404567e-17,3.697386e-18,7.774306e-17,21
13,erase,0,rise,3.567399e-16,2.850641e-18,3.595906e-16,30
13,erase,0,hold,1.147570e-14,4.805384e-17,1.152375e-14,41
13,erase,0,fall,-1.617529e-15,3.252606e-19,-1.617203e-15,31
13,relax,0,hold,-1.991491e-14,2.479209e-16,-1.966699e-14,71
14,fire,1,rise,2.653813e-16,5.440226e-16,8.094039e-16,30
14,fire,1,write,3.610964e-15,1.230443e-13,1.266553e-13,11
14,fire,1,fall,-2.647060e-16,5.474211e-16,2.827152e-16,30
14,fire,1,read,7.402510e-17,3.696360e-18,7.772146e-17,21
14,fire,2,rise,2.572887e-16,5.368216e-16,7.941103e-16,30
14,fire,2,write,3.611023e-15,1.230508e-13,1.266618e-13,11
14,fire,2,fall,-2.647284e-16,5.476097e-16,2.828812e-16,30
14,fire,2,read,7.402485e-17,3.696346e-18,7.772120e-17,21
14,fire,3,rise,2.573263e-16,5.370743e-16,7.944006e-16,30
14,fire,3,write,3.611095e-15,1.230625e-13,1.266736e-13,11
14,fire,3,fall,-2.647655e-16,5.479202e-16,2.831547e-16,30
14,fire,3,read,7.402574e-17,3.696389e-18,7.772213e-17,21
14,fire,4,rise,2.573804e-16,5.374382e-16,7.948186e-16,30
14,fire,4,write,3.611179e-15,1.230787e-13,1.266899e-13,11
14,fire,4,fall,-2.648146e-16,5.483316e-16,2.835170e-16,30
14,fire,4,read,7.402760e-17,3.696481e-18,7.772408e-17,21
14,fire,5,rise,2.574479e-16,5.378937e-16,7.953416e-16,30
14,fire,5,write,3.611271e-15,1.230986e-13,1.267098e-13,11
14,fire,5,fall,-2.648736e-16,5.488258e-16,2.839522e-16,30
14,fire,5,read,7.403027e-17,3.696613e-18,7.772689e-17,21
14,fire,6,rise,2.575264e-16,5.384239e-16,7.959503e-16,30
14,fire,6,write,3.611371e-15,1.231214e-13,1.267328e-13,11
14,fire,6,fall,-2.649406e-16,5.493864e-16,2.844458e-16,30
14,fire,6,read,7.403356e-17,3.696777e-18,7.773033e-17,21
14,fire,7,rise,2.576137e-16,5.390146e-16,7.966283e-16,30
14,fire,7,write,3.611477e-15,1.231466e-13,1.267580e-13,11
14,fire,7,fall,-2.650138e-16,5.500011e-16,2.849873e-16,30
14,fire,7,read,7.403717e-17,3.696961e-18,7.773413e-17,21
14,fire,8,rise,2.577081e-16,5.396545e-16,7.973626e-16,30
14,fire,8,write,3.611591e-15,1.231738e-13,1.267854e-13,11
14,fire,8,fall,-2.650926e-16,5.506653e-16,2.855726e-16,30
14,fire,8,read,7.404115e-17,3.697159e-18,7.773831e-17,21
14,fire,9,rise,2.578119e-16,5.403623e-16,7.981742e-16,30
14,fire,9,write,3.611724e-15,1.232039e-13,1.268157e-13,11
14,fire,9,fall,-2.651801e-16,5.514132e-16,2.862331e-16,30
14,fire,9,read,7.404578e-17,3.697387e-18,7.774317e-17,21
14,erase,0,rise,3.567404e-16,2.850641e-18,3.595911e-16,30
14,erase,0,hold,1.147571e-14,4.805385e-17,1.152376e-14,41
14,erase,0,fall,-1.631543e-15,3.727479e-19,-1.631170e-15,31
14,relax,0,hold,-1.991491e-14,2.479206e-16,-1.966699e-14,71
15,fire,1,rise,2.653813e-16,5.440227e-16,8.094040e-16,30
15,fire,1,write,3.610964e-15,1.230443e-13,1.266553e-13,11
15,fire,1,fall,-2.647060e-16,5.474213e-16,2.827153e-16,30
15,fire,1,read,7.402510e-17,3.696360e-18,7.772146e-17,21
15,fire,2,rise,2.572887e-16,5.368217e-16,7.941104e-16,30
15,fire,2,write,3.611023e-15,1.230507e-13,1.266618e-13,11
15,fire,2,fall,-2.647284e-16,5.476095e-16,2.828812e-16,30
15,fire,2,read,7.402487e-17,3.696348e-18,7.772121e-17,21
15,fire,3,rise,2.573262e-16,5.370738e-16,7.944001e-16,30
15,fire,3,write,3.611095e-15,1.230625e-13,1.266736e-13,11
15,fire,3,fall,-2.647653e-16,5.479190e-16,2.831537e-16,30
15,fire,3,read,7.402576e-17,3.696392e-18,7.772216e-17,21
15,fire,4,rise,2.573801e-16,5.374363e-16,7.948163e-16,30
15,fire,4,write,3.611178e-15,1.230786e-13,1.266898e-13,11
15,fire,4,fall,-2.648142e-16,5.483284e-16,2.835142e-16,30
15,fire,4,read,7.402762e-17,3.696483e-18,7.772410e-17,21
15,fire,5,rise,2.574473e-16,5.378892e-16,7.953365e-16,30
15,fire,5,write,3.611269e-15,1.230983e-13,1.267096e-13,11
15,fire,5,fall,-2.648729e-16,5.488195e-16,2.839466e-16,30
15,fire,5,read,7.403026e-17,3.696612e-18,7.772688e-17,21
15,fire,6,rise,2.575253e-16,5.384159e-16,7.959412e-16,30
15,fire,6,write,3.611368e-15,1.231210e-13,1.267324e-13,11
15,fire,6,fall,-2.649394e-16,5.493759e-16,2.844365e-16,30
15,fire,6,read,7.403348e-17,3.696769e-18,7.773025e-17,21
15,fire,7,rise,2.576119e-16,5.390023e-16,7.966142e-16,30
15,fire,7,write,3.611473e-15,1.231460e-13,1.267575e-13,11
15,fire,7,fall,-2.650122e-16,5.499859e-16,2.849737e-16,30
15,fire,7,read,7.403693e-17,3.696935e-18,7.773387e-17,21
15,fire,8,rise,2.577058e-16,5.396381e-16,7.973438e-16,30
15,fire,8,write,3.611587e-15,1.231731e-13,1.267846e-13,11
15,fire,8,fall,-2.650907e-16,5.506467e-16,2.855560e-16,30
15,fire,8,read,7.404081e-17,3.697122e-18,7.773793e-17,21
15,fire,9,rise,2.578093e-16,5.403444e-16,7.981537e-16,30
15,fire,9,write,3.611722e-15,1.232032e-13,1.268149e-13,11
15,fire,9,fall,-2.651781e-16,5.513944e-16,2.862163e-16,30
15,fire,9,read,7.404544e-17,3.697352e-18,7.774279e-17,21
15,erase,0,rise,3.567388e-16,2.850613e-18,3.595894e-16,30
15,erase,0,hold,1.147570e-14,4.805376e-17,1.152375e-14,41
15,erase,0,fall,-1.617533e-15,3.252586e-19,-1.617208e-15,31
15,relax,0,hold,-1.991492e-14,2.479198e-16,-1.966700e-14,71
16,fire,1,rise,2.653814e-16,5.440245e-16,8.094059e-16,30
16,fire,1,write,3.610964e-15,1.230444e-13,1.266554e-13,11
16,fire,1,fall,-2.647062e-16,5.474229e-16,2.827167e-16,30
16,fire,1,read,7.402512e-17,3.696362e-18,7.772149e-17,21
16,fire,2,rise,2.572889e-16,5.368232e-16,7.941122e-16,30
16,fire,2,write,3.611023e-15,1.230508e-13,1.266618e-13,11
16,fire,2,fall,-2.647286e-16,5.476111e-16,2.828825e-16,30
16,fire,2,read,7.402490e-17,3.696350e-18,7.772125e-17,21
16,fire,3,rise,2.573264e-16,5.370752e-16,7.944016e-16,30
16,fire,3,write,3.611095e-15,1.230625e-13,1.266736e-13,11
16,fire,3,fall,-2.647655e-16,5.479202e-16,2.831548e-16,30
16,fire,3,read,7.402580e-17,3.696394e-18,7.772219e-17,21
16,fire,4,rise,2.573802e-16,5.374371e-16,7.948173e-16,30
16,fire,4,write,3.611178e-15,1.230786e-13,1.266898e-13,11
16,fire,4,fall,-2.648143e-16,5.483289e-16,2.835146e-16,30
16,fire,4,read,7.402765e-17,3.696485e-18,7.772413e-17,21
16,fire,5,rise,2.574473e-16,5.378891e-16,7.953364e-16,30
16,fire,5,write,3.611269e-15,1.230983e-13,1.267096e-13,11
16,fire,5,fall,-2.648729e-16,5.488190e-16,2.839461e-16,30
16,fire,5,read,7.403028e-17,3.696614e-18,7.772690e-17,21
16,fire,6,rise,2.575251e-16,5.384146e-16,7.959398e-16,30
16,fire,6,write,3.611367e-15,1.231209e-13,1.267323e-13,11
16,fire,6,fall,-2.649393e-16,5.493741e-16,2.844348e-16,30
16,fire,6,read,7.403344e-17,3.696769e-18,7.773021e-17,21
16,fire,7,rise,2.576116e-16,5.389997e-16,7.966112e-16,30
16,fire,7,write,3.611472e-15,1.231459e-13,1.267573e-13,11
16,fire,7,fall,-2.650119e-16,5.499827e-16,2.849708e-16,30
16,fire,7,read,7.403687e-17,3.696939e-18,7.773381e-17,21
16,fire,8,rise,2.577053e-16,5.396340e-16,7.973393e-16,30
16,fire,8,write,3.611587e-15,1.231729e-13,1.267845e-13,11
16,fire,8,fall,-2.650903e-16,5.506424e-16,2.855521e-16,30
16,fire,8,read,7.404071e-17,3.697127e-18,7.773784e-17,21
16,fire,9,rise,2.578088e-16,5.403400e-16,7.981488e-16,30
16,fire,9,write,3.611721e-15,1.232030e-13,1.268147e-13,11
16,fire,9,fall,-2.651778e-16,5.513904e-16,2.862126e-16,30
16,fire,9,read,7.404534e-17,3.697355e-18,7.774270e-17,21
16,erase,0,rise,3.567383e-16,2.850615e-18,3.595890e-16,30
16,erase,0,hold,1.147569e-14,4.805377e-17,1.152375e-14,41
16,erase,0,fall,-1.631548e-15,3.727440e-19,-1.631176e-15,31
16,relax,0,hold,-1.991492e-14,2.479190e-16,-1.966700e-14,71
17,fire,1,rise,2.653815e-16,5.440253e-16,8.094068e-16,30
17,fire,1,write,3.610964e-15,1.230444e-13,1.266554e-13,11
17,fire,1,fall,-2.647063e-16,5.474237e-16,2.827174e-16,30
17,fire,1,read,7.402513e-17,3.696362e-18,7.772149e-17,21
17,fire,2,rise,2.572891e-16,5.368240e-16,7.941130e-16,30
17,fire,2,write,3.611023e-15,1.230508e-13,1.266619e-13,11
17,fire,2,fall,-2.647286e-16,5.476119e-16,2.828832e-16,30
17,fire,2,read,7.402491e-17,3.696350e-18,7.772126e-17,21
17,fire,3,rise,2.573266e-16,5.370760e-16,7.944026e-16,30
17,fire,3,write,3.611095e-15,1.230626e-13,1.266737e-13,11
17,fire,3,fall,-2.647656e-16,5.479212e-16,2.831556e-16,30
17,fire,3,read,7.402581e-17,3.696393e-18,7.772220e-17,21
17,fire,4,rise,2.573804e-16,5.374381e-16,7.948185e-16,30
17,fire,4,write,3.611178e-15,1.230787e-13,1.266899e-13,11
17,fire,4,fall,-2.648145e-16,5.483303e-16,2.835158e-16,30
17,fire,4,read,7.402766e-17,3.696484e-18,7.772414e-17,21
17,fire,5,rise,2.574475e-16,5.378905e-16,7.953380e-16,30
17,fire,5,write,3.611269e-15,1.230984e-13,1.267096e-13,11
17,fire,5,fall,-2.648732e-16,5.488208e-16,2.839477e-16,30
17,fire,5,read,7.403029e-17,3.696614e-18,7.772690e-17,21
17,fire,6,rise,2.575255e-16,5.384164e-16,7.959419e-16,30
17,fire,6,write,3.611368e-15,1.231210e-13,1.267324e-13,11
17,fire,6,fall,-2.649396e-16,5.493766e-16,2.844370e-16,30
17,fire,6,read,7.403344e-17,3.696772e-18,7.773021e-17,21
17,fire,7,rise,2.576121e-16,5.390020e-16,7.966141e-16,30
17,fire,7,write,3.611473e-15,1.231459e-13,1.267574e-13,11
17,fire,7,fall,-2.650124e-16,5.499861e-16,2.849737e-16,30
17,fire,7,read,7.403690e-17,3.696947e-18,7.773384e-17,21
17,fire,8,rise,2.577059e-16,5.396369e-16,7.973428e-16,30
17,fire,8,write,3.611587e-15,1.231730e-13,1.267846e-13,11
17,fire,8,fall,-2.650909e-16,5.506465e-16,2.855557e-16,30
17,fire,8,read,7.404070e-17,3.697143e-18,7.773785e-17,21
17,fire,9,rise,2.578095e-16,5.403436e-16,7.981531e-16,30
17,fire,9,write,3.611722e-15,1.232031e-13,1.268149e-13,11
17,fire,9,fall,-2.651784e-16,5.513951e-16,2.862166e-16,30
17,fire,9,read,7.404534e-17,3.697372e-18,7.774271e-17,21
17,erase,0,rise,3.567384e-16,2.850630e-18,3.595890e-16,30
17,erase,0,hold,1.147569e-14,4.805381e-17,1.152374e-14,41
17,erase,0,fall,-1.617533e-15,3.252597e-19,-1.617208e-15,31
17,relax,0,hold,-1.991492e-14,2.479192e-16,-1.966700e-14,71
18,fire,1,rise,2.653814e-16,5.440246e-16,8.094060e-16,30
18,fire,1,write,3.610964e-15,1.230444e-13,1.266554e-13,11
18,fire,1,fall,-2.647062e-16,5.474229e-16,2.827167e-16,30
18,fire,1,read,7.402513e-17,3.696361e-18,7.772149e-17,21
18,fire,2,rise,2.572889e-16,5.368234e-16,7.941123e-16,30
18,fire,2,write,3.611023e-15,1.230508e-13,1.266618e-13,11
18,fire,2,fall,-2.647286e-16,5.476114e-16,2.828828e-16,30
18,fire,2,read,7.402488e-17,3.696348e-18,7.772123e-17,21
18,fire,3,rise,2.573265e-16,5.370760e-16,7.944025e-16,30
18,fire,3,write,3.611095e-15,1.230626e-13,1.266737e-13,11
18,fire,3,fall,-2.647656e-16,5.479216e-16,2.831560e-16,30
18,fire,3,read,7.402577e-17,3.696392e-18,7.772217e-17,21
18,fire,4,rise,2.573805e-16,5.374395e-16,7.948199e-16,30
18,fire,4,write,3.611179e-15,1.230788e-13,1.266899e-13,11
18,fire,4,fall,-2.648147e-16,5.483325e-16,2.835178e-16,30
18,fire,4,read,7.402762e-17,3.696483e-18,7.772411e-17,21
18,fire,5,rise,2.574479e-16,5.378942e-16,7.953421e-16,30
18,fire,5,write,3.611271e-15,1.230986e-13,1.267098e-13,11
18,fire,5,fall,-2.648736e-16,5.488257e-16,2.839522e-16,30
18,fire,5,read,7.403028e-17,3.696613e-18,7.772689e-17,21
18,fire,6,rise,2.575263e-16,5.384234e-16,7.959497e-16,30
18,fire,6,write,3.611370e-15,1.231213e-13,1.267327e-13,11
18,fire,6,fall,-2.649404e-16,5.493851e-16,2.844448e-16,30
18,fire,6,read,7.403348e-17,3.696770e-18,7.773026e-17,21
18,fire,7,rise,2.576134e-16,5.390131e-16,7.966265e-16,30
18,fire,7,write,3.611476e-15,1.231465e-13,1.267580e-13,11
18,fire,7,fall,-2.650135e-16,5.499988e-16,2.849853e-16,30
18,fire,7,read,7.403703e-17,3.696942e-18,7.773397e-17,21
18,fire,8,rise,2.577077e-16,5.396524e-16,7.973601e-16,30
18,fire,8,write,3.611591e-15,1.231737e-13,1.267853e-13,11
18,fire,8,fall,-2.650923e-16,5.506630e-16,2.855707e-16,30
18,fire,8,read,7.404105e-17,3.697140e-18,7.773819e-17,21
18,fire,9,rise,2.578115e-16,5.403603e-16,7.981719e-16,30
18,fire,9,write,3.611724e-15,1.232039e-13,1.268156e-13,11
18,fire,9,fall,-2.651798e-16,5.514109e-16,2.862310e-16,30
18,fire,9,read,7.404569e-17,3.697370e-18,7.774306e-17,21
18,erase,0,rise,3.567401e-16,2.850628e-18,3.595907e-16,30
18,erase,0,hold,1.147571e-14,4.805384e-17,1.152377e-14,41
18,erase,0,fall,-1.617530e-15,3.252577e-19,-1.617205e-15,31
18,relax,0,hold,-1.991492e-14,2.479203e-16,-1.966700e-14,71
19,fire,1,rise,2.653814e-16,5.440237e-16,8.094051e-16,30
19,fire,1,write,3.610964e-15,1.230444e-13,1.266553e-13,11
19,fire,1,fall,-2.647061e-16,5.474222e-16,2.827161e-16,30
19,fire,1,read,7.402511e-17,3.696361e-18,7.772147e-17,21
19,fire,2,rise,2.572889e-16,5.368225e-16,7.941114e-16,30
19,fire,2,write,3.611023e-15,1.230508e-13,1.266618e-13,11
19,fire,2,fall,-2.647285e-16,5.476105e-16,2.828820e-16,30
19,fire,2,read,7.402487e-17,3.696349e-18,7.772122e-17,21
19,fire,3,rise,2.573264e-16,5.370748e-16,7.944012e-16,30
19,fire,3,write,3.611095e-15,1.230625e-13,1.266736e-13,11
19,fire,3,fall,-2.647654e-16,5.479202e-16,2.831547e-16,30
19,fire,3,read,7.402576e-17,3.696393e-18,7.772216e-17,21
19,fire,4,rise,2.573802e-16,5.374374e-16,7.948177e-16,30
19,fire,4,write,3.611178e-15,1.230787e-13,1.266898e-13,11
19,fire,4,fall,-2.648144e-16,5.483298e-16,2.835154e-16,30
19,fire,4,read,7.402761e-17,3.696484e-18,7.772410e-17,21
19,fire,5,rise,2.574475e-16,5.378906e-16,7.953381e-16,30
19,fire,5,write,3.611270e-15,1.230984e-13,1.267097e-13,11
19,fire,5,fall,-2.648731e-16,5.488211e-16,2.839480e-16,30
19,fire,5,read,7.403027e-17,3.696613e-18,7.772688e-17,21
19,fire,6,rise,2.575255e-16,5.384177e-16,7.959432e-16,30
19,fire,6,write,3.611369e-15,1.231211e-13,1.267325e-13,11
19,fire,6,fall,-2.649396e-16,5.493780e-16,2.844384e-16,30
19,fire,6,read,7.403346e-17,3.696770e-18,7.773023e-17,21
19,fire,7,rise,2.576122e-16,5.390047e-16,7.966170e-16,30
19,fire,7,write,3.611474e-15,1.231462e-13,1.267576e-13,11
19,fire,7,fall,-2.650125e-16,5.499886e-16,2.849762e-16,30
19,fire,7,read,7.403699e-17,3.696938e-18,7.773393e-17,21
19,fire,8,rise,2.577061e-16,5.396409e-16,7.973470e-16,30
19,fire,8,write,3.611588e-15,1.231733e-13,1.267848e-13,11
19,fire,8,fall,-2.650909e-16,5.506496e-16,2.855587e-16,30
19,fire,8,read,7.404097e-17,3.697133e-18,7.773810e-17,21
19,fire,9,rise,2.578097e-16,5.403472e-16,7.981568e-16,30
19,fire,9,write,3.611722e-15,1.232034e-13,1.268151e-13,11
19,fire,9,fall,-2.651784e-16,5.513972e-16,2.862188e-16,30
19,fire,9,read,7.404560e-17,3.697361e-18,7.774296e-17,21
19,erase,0,rise,3.567396e-16,2.850621e-18,3.595902e-16,30
19,erase,0,hold,1.147571e-14,4.805381e-17,1.152376e-14,41
19,erase,0,fall,-1.631546e-15,3.727436e-19,-1.631173e-15,31
19,relax,0,hold,-1.991492e-14,2.479197e-16,-1.966700e-14,71
20,fire,1,rise,2.653814e-16,5.440245e-16,8.094059e-16,30
20,fire,1,write,3.610964e-15,1.230444e-13,1.266554e-13,11
20,fire,1,fall,-2.647062e-16,5.474229e-16,2.827167e-16,30
20,fire,1,read,7.402512e-17,3.696362e-18,7.772148e-17,21
20,fire,2,rise,2.572889e-16,5.368232e-16,7.941122e-16,30
20,fire,2,write,3.611023e-15,1.230508e-13,1.266618e-13,11
20,fire,2,fall,-2.647286e-16,5.476111e-16,2.828825e-16,30
20,fire,2,read,7.402489e-17,3.696350e-18,7.772124e-17,21
20,fire,3,rise,2.573264e-16,5.370751e-16,7.944015e-16,30
20,fire,3,write,3.611095e-15,1.230625e-13,1.266736e-13,11
20,fire,3,fall,-2.647654e-16,5.479200e-16,2.831545e-16,30
20,fire,3,read,7.402580e-17,3.696395e-18,7.772219e-17,21
20,fire,4,rise,2.573801e-16,5.374366e-16,7.948167e-16,30
20,fire,4,write,3.611177e-15,1.230786e-13,1.266898e-13,11
20,fire,4,fall,-2.648142e-16,5.483281e-16,2.835139e-16,30
20,fire,4,read,7.402764e-17,3.696485e-18,7.772413e-17,21
20,fire,5,rise,2.574471e-16,5.378879e-16,7.953350e-16,30
20,fire,5,write,3.611268e-15,1.230983e-13,1.267095e-13,11
20,fire,5,fall,-2.648727e-16,5.488173e-16,2.839446e-16,30
20,fire,5,read,7.403027e-17,3.696613e-18,7.772688e-17,21
20,fire,6,rise,2.575248e-16,5.384125e-16,7.959373e-16,30
20,fire,6,write,3.611367e-15,1.231208e-13,1.267322e-13,11
20,fire,6,fall,-2.649390e-16,5.493713e-16,2.844323e-16,30
20,fire,6,read,7.403339e-17,3.696766e-18,7.773016e-17,21
20,fire,7,rise,2.576111e-16,5.389964e-16,7.966076e-16,30
20,fire,7,write,3.611471e-15,1.231457e-13,1.267572e-13,11
20,fire,7,fall,-2.650115e-16,5.499788e-16,2.849673e-16,30
20,fire,7,read,7.403681e-17,3.696930e-18,7.773374e-17,21
20,fire,8,rise,2.577047e-16,5.396296e-16,7.973343e-16,30
20,fire,8,write,3.611586e-15,1.231727e-13,1.267843e-13,11
20,fire,8,fall,-2.650898e-16,5.506373e-16,2.855476e-16,30
20,fire,8,read,7.404067e-17,3.697124e-18,7.773780e-17,21
20,fire,9,rise,2.578081e-16,5.403347e-16,7.981428e-16,30
20,fire,9,write,3.611721e-15,1.232028e-13,1.268146e-13,11
20,fire,9,fall,-2.651772e-16,5.513847e-16,2.862075e-16,30
20,fire,9,read,7.404529e-17,3.697351e-18,7.774264e-17,21
20,erase,0,rise,3.567381e-16,2.850613e-18,3.595887e-16,30
20,erase,0,hold,1.147569e-14,4.805377e-17,1.152375e-14,41
20,erase,0,fall,-1.617535e-15,3.252571e-19,-1.617210e-15,31
20,relax,0,hold,-1.991492e-14,2.479188e-16,-1.966701e-14,71
