series,overdrive_V,I_over_Ion,Vt_V,Ion_A
"TCAD, erased",-3.857173599808037,,0.35717359980803715,1.0709819098929524e-06
"TCAD, erased",-3.837173599808087,,0.35717359980803715,1.0709819098929524e-06
"TCAD, erased",-3.817173599808147,,0.35717359980803715,1.0709819098929524e-06
"TCAD, erased",-3.797173599808197,,0.35717359980803715,1.0709819098929524e-06
"TCAD, erased",-3.777173599808257,,0.35717359980803715,1.0709819098929524e-06
"TCAD, erased",-3.757173599808307,,0.35717359980803715,1.0709819098929524e-06
"TCAD, erased",-3.737173599808357,,0.35717359980803715,1.0709819098929524e-06
"TCAD, erased",-3.717173599808417,,0.35717359980803715,1.0709819098929524e-06
"TCAD, erased",-3.697173599808467,,0.35717359980803715,1.0709819098929524e-06
"TCAD, erased",-3.677173599808517,,0.35717359980803715,1.0709819098929524e-06
"TCAD, erased",-3.657173599808577,,0.35717359980803715,1.0709819098929524e-06
"TCAD, erased",-3.637173599808627,,0.35717359980803715,1.0709819098929524e-06
"TCAD, erased",-3.617173599808687,,0.35717359980803715,1.0709819098929524e-06
"TCAD, erased",-3.597173599808737,,0.35717359980803715,1.0709819098929524e-06
"TCAD, erased",-3.577173599808787,,0.35717359980803715,1.0709819098929524e-06
"TCAD, erased",-3.557173599808847,,0.35717359980803715,1.0709819098929524e-06
"TCAD, erased",-3.537173599808897,,0.35717359980803715,1.0709819098929524e-06
"TCAD, erased",-3.517173599808947,,0.35717359980803715,1.0709819098929524e-06
"TCAD, erased",-3.497173599809007,,0.35717359980803715,1.0709819098929524e-06
"TCAD, erased",-3.477173599809057,,0.35717359980803715,1.0709819098929524e-06
"TCAD, erased",-3.457173599809117,,0.35717359980803715,1.0709819098929524e-06
"TCAD, erased",-3.437173599809167,,0.35717359980803715,1.0709819098929524e-06
"TCAD, erased",-3.417173599809217,,0.35717359980803715,1.0709819098929524e-06
"TCAD, erased",-3.397173599809277,,0.35717359980803715,1.0709819098929524e-06
"TCAD, erased",-3.377173599809327,,0.35717359980803715,1.0709819098929524e-06
"TCAD, erased",-3.357173599809377,,0.35717359980803715,1.0709819098929524e-06
"TCAD, erased",-3.337173599809437,,0.35717359980803715,1.0709819098929524e-06
"TCAD, erased",-3.317173599809487,,0.35717359980803715,1.0709819098929524e-06
"TCAD, erased",-3.297173599809547,,0.35717359980803715,1.0709819098929524e-06
"TCAD, erased",-3.277173599809597,,0.35717359980803715,1.0709819098929524e-06
"TCAD, erased",-3.257173599809647,,0.35717359980803715,1.0709819098929524e-06
"TCAD, erased",-3.237173599809707,,0.35717359980803715,1.0709819098929524e-06
"TCAD, erased",-3.217173599809757,,0.35717359980803715,1.0709819098929524e-06
"TCAD, erased",-3.197173599809807,,0.35717359980803715,1.0709819098929524e-06
"TCAD, erased",-3.177173599809867,,0.35717359980803715,1.0709819098929524e-06
"TCAD, erased",-3.157173599809917,,0.35717359980803715,1.0709819098929524e-06
"TCAD, erased",-3.137173599809977,,0.35717359980803715,1.0709819098929524e-06
"TCAD, erased",-3.117173599810027,,0.35717359980803715,1.0709819098929524e-06
"TCAD, erased",-3.097173599810077,,0.35717359980803715,1.0709819098929524e-06
"TCAD, erased",-3.077173599810137,,0.35717359980803715,1.0709819098929524e-06
"TCAD, erased",-3.057173599810187,,0.35717359980803715,1.0709819098929524e-06
"TCAD, erased",-3.037173599810247,,0.35717359980803715,1.0709819098929524e-06
"TCAD, erased",-3.017173599810297,,0.35717359980803715,1.0709819098929524e-06
"TCAD, erased",-2.997173599810347,,0.35717359980803715,1.0709819098929524e-06
"TCAD, erased",-2.977173599810407,,0.35717359980803715,1.0709819098929524e-06
"TCAD, erased",-2.957173599810457,,0.35717359980803715,1.0709819098929524e-06
"TCAD, erased",-2.937173599810507,,0.35717359980803715,1.0709819098929524e-06
"TCAD, erased",-2.917173599810567,,0.35717359980803715,1.0709819098929524e-06
"TCAD, erased",-2.897173599810617,,0.35717359980803715,1.0709819098929524e-06
"TCAD, erased",-2.877173599810677,,0.35717359980803715,1.0709819098929524e-06
"TCAD, erased",-2.857173599810727,,0.35717359980803715,1.0709819098929524e-06
"TCAD, erased",-2.837173599810777,,0.35717359980803715,1.0709819098929524e-06
"TCAD, erased",-2.817173599810837,,0.35717359980803715,1.0709819098929524e-06
"TCAD, erased",-2.797173599810887,,0.35717359980803715,1.0709819098929524e-06
"TCAD, erased",-2.777173599810937,,0.35717359980803715,1.0709819098929524e-06
"TCAD, erased",-2.757173599810997,,0.35717359980803715,1.0709819098929524e-06
"TCAD, erased",-2.737173599811047,,0.35717359980803715,1.0709819098929524e-06
"TCAD, erased",-2.717173599811107,,0.35717359980803715,1.0709819098929524e-06
"TCAD, erased",-2.697173599811157,,0.35717359980803715,1.0709819098929524e-06
"TCAD, erased",-2.677173599811207,,0.35717359980803715,1.0709819098929524e-06
"TCAD, erased",-2.657173599811267,,0.35717359980803715,1.0709819098929524e-06
"TCAD, erased",-2.637173599811317,,0.35717359980803715,1.0709819098929524e-06
"TCAD, erased",-2.617173599811367,,0.35717359980803715,1.0709819098929524e-06
"TCAD, erased",-2.597173599811427,,0.35717359980803715,1.0709819098929524e-06
"TCAD, erased",-2.577173599811477,,0.35717359980803715,1.0709819098929524e-06
"TCAD, erased",-2.557173599811537,,0.35717359980803715,1.0709819098929524e-06
"TCAD, erased",-2.537173599811587,,0.35717359980803715,1.0709819098929524e-06
"TCAD, erased",-2.517173599811637,,0.35717359980803715,1.0709819098929524e-06
"TCAD, erased",-2.497173599811697,,0.35717359980803715,1.0709819098929524e-06
"TCAD, erased",-2.477173599811747,,0.35717359980803715,1.0709819098929524e-06
"TCAD, erased",-2.457173599811797,,0.35717359980803715,1.0709819098929524e-06
"TCAD, erased",-2.437173599811857,,0.35717359980803715,1.0709819098929524e-06
"TCAD, erased",-2.417173599811907,,0.35717359980803715,1.0709819098929524e-06
"TCAD, erased",-2.3971735998119668,,0.35717359980803715,1.0709819098929524e-06
"TCAD, erased",-2.377173599812017,,0.35717359980803715,1.0709819098929524e-06
"TCAD, erased",-2.357173599812067,,0.35717359980803715,1.0709819098929524e-06
"TCAD, erased",-2.337173599812127,,0.35717359980803715,1.0709819098929524e-06
"TCAD, erased",-2.317173599812177,,0.35717359980803715,1.0709819098929524e-06
"TCAD, erased",-2.297173599812227,,0.35717359980803715,1.0709819098929524e-06
"TCAD, erased",-2.2771735998122873,,0.35717359980803715,1.0709819098929524e-06
"TCAD, erased",-2.257173599812337,,0.35717359980803715,1.0709819098929524e-06
"TCAD, erased",-2.237173599812397,,0.35717359980803715,1.0709819098929524e-06
"TCAD, erased",-2.217173599812447,,0.35717359980803715,1.0709819098929524e-06
"TCAD, erased",-2.1971735998124973,,0.35717359980803715,1.0709819098929524e-06
"TCAD, erased",-2.177173599812557,,0.35717359980803715,1.0709819098929524e-06
"TCAD, erased",-2.157173599812607,,0.35717359980803715,1.0709819098929524e-06
"TCAD, erased",-2.137173599812657,,0.35717359980803715,1.0709819098929524e-06
"TCAD, erased",-2.117173599812717,,0.35717359980803715,1.0709819098929524e-06
"TCAD, erased",-2.097173599812767,,0.35717359980803715,1.0709819098929524e-06
"TCAD, erased",-2.077173599812827,,0.35717359980803715,1.0709819098929524e-06
"TCAD, erased",-2.0571735998128773,,0.35717359980803715,1.0709819098929524e-06
"TCAD, erased",-2.037173599812927,,0.35717359980803715,1.0709819098929524e-06
"TCAD, erased",-2.017173599812987,,0.35717359980803715,1.0709819098929524e-06
"TCAD, erased",-1.997173599813037,,0.35717359980803715,1.0709819098929524e-06
"TCAD, erased",-1.9771735998130873,,0.35717359980803715,1.0709819098929524e-06
"TCAD, erased",-1.9571735998131472,,0.35717359980803715,1.0709819098929524e-06
"TCAD, erased",-1.9371735998131971,,0.35717359980803715,1.0709819098929524e-06
"TCAD, erased",-1.9171735998132573,,0.35717359980803715,1.0709819098929524e-06
"TCAD, erased",-1.8971735998133072,,0.35717359980803715,1.0709819098929524e-06
"TCAD, erased",-1.8771735998133572,,0.35717359980803715,1.0709819098929524e-06
"TCAD, erased",-1.8571735998134171,,0.35717359980803715,1.0709819098929524e-06
"TCAD, erased",-1.8371735998134673,,0.35717359980803715,1.0709819098929524e-06
"TCAD, erased",-1.8171735998135272,,0.35717359980803715,1.0709819098929524e-06
"TCAD, erased",-1.7971735998135772,,0.35717359980803715,1.0709819098929524e-06
"TCAD, erased",-1.777173599813627,,0.35717359980803715,1.0709819098929524e-06
"TCAD, erased",-1.7571735998136873,,0.35717359980803715,1.0709819098929524e-06
"TCAD, erased",-1.7371735998137372,,0.35717359980803715,1.0709819098929524e-06
"TCAD, erased",-1.7171735998137871,,0.35717359980803715,1.0709819098929524e-06
"TCAD, erased",-1.6971735998138473,,0.35717359980803715,1.0709819098929524e-06
"TCAD, erased",-1.6771735998138972,,0.35717359980803715,1.0709819098929524e-06
"TCAD, erased",-1.6571735998139572,,0.35717359980803715,1.0709819098929524e-06
"TCAD, erased",-1.6371735998140071,,0.35717359980803715,1.0709819098929524e-06
"TCAD, erased",-1.6171735998140573,,0.35717359980803715,1.0709819098929524e-06
"TCAD, erased",-1.5971735998141172,,0.35717359980803715,1.0709819098929524e-06
"TCAD, erased",-1.5771735998141672,,0.35717359980803715,1.0709819098929524e-06
"TCAD, erased",-1.557173599814217,,0.35717359980803715,1.0709819098929524e-06
"TCAD, erased",-1.5371735998142773,,0.35717359980803715,1.0709819098929524e-06
"TCAD, erased",-1.5171735998143272,,0.35717359980803715,1.0709819098929524e-06
"TCAD, erased",-1.4971735998143871,,0.35717359980803715,1.0709819098929524e-06
"TCAD, erased",-1.4771735998144373,,0.35717359980803715,1.0709819098929524e-06
"TCAD, erased",-1.4571735998144872,,0.35717359980803715,1.0709819098929524e-06
"TCAD, erased",-1.4371735998145472,,0.35717359980803715,1.0709819098929524e-06
"TCAD, erased",-1.4171735998145971,,0.35717359980803715,1.0709819098929524e-06
"TCAD, erased",-1.3971735998146473,,0.35717359980803715,1.0709819098929524e-06
"TCAD, erased",-1.3771735998147072,,0.35717359980803715,1.0709819098929524e-06
"TCAD, erased",-1.3571735998147572,,0.35717359980803715,1.0709819098929524e-06
"TCAD, erased",-1.337173599814813,,0.35717359980803715,1.0709819098929524e-06
"TCAD, erased",-1.317173599814867,,0.35717359980803715,1.0709819098929524e-06
"TCAD, erased",-1.29717359981492,,0.35717359980803715,1.0709819098929524e-06
"TCAD, erased",-1.2771735998149742,,0.35717359980803715,1.0709819098929524e-06
"TCAD, erased",-1.2571735998150282,,0.35717359980803715,1.0709819098929524e-06
"TCAD, erased",-1.2371735998150821,,0.35717359980803715,1.0709819098929524e-06
"TCAD, erased",-1.217173599815136,,0.35717359980803715,1.0709819098929524e-06
"TCAD, erased",-1.1971735998151891,,0.35717359980803715,1.0709819098929524e-06
"TCAD, erased",-1.177173599815243,,0.35717359980803715,1.0709819098929524e-06
"TCAD, erased",-1.1571735998152972,,0.35717359980803715,1.0709819098929524e-06
"TCAD, erased",-1.1371735998153512,,0.35717359980803715,1.0709819098929524e-06
"TCAD, erased",-1.117173599815405,,0.35717359980803715,1.0709819098929524e-06
"TCAD, erased",-1.0971735998154581,,0.35717359980803715,1.0709819098929524e-06
"TCAD, erased",-1.077173599815512,,0.35717359980803715,1.0709819098929524e-06
"TCAD, erased",-1.0571735998155662,,0.35717359980803715,1.0709819098929524e-06
"TCAD, erased",-1.0371735998156202,,0.35717359980803715,1.0709819098929524e-06
"TCAD, erased",-1.0171735998156732,,0.35717359980803715,1.0709819098929524e-06
"TCAD, erased",-0.9971735998157272,,0.35717359980803715,1.0709819098929524e-06
"TCAD, erased",-0.9771735998157811,,0.35717359980803715,1.0709819098929524e-06
"TCAD, erased",-0.957173599815835,,0.35717359980803715,1.0709819098929524e-06
"TCAD, erased",-0.9371735998158892,,0.35717359980803715,1.0709819098929524e-06
"TCAD, erased",-0.917173599815942,,0.35717359980803715,1.0709819098929524e-06
"TCAD, erased",-0.8971735998159962,,0.35717359980803715,1.0709819098929524e-06
"TCAD, erased",-0.8771735998160501,,0.35717359980803715,1.0709819098929524e-06
"TCAD, erased",-0.8571735998161032,,0.35717359980803715,1.0709819098929524e-06
"TCAD, erased",-0.8371735998161571,,0.35717359980803715,1.0709819098929524e-06
"TCAD, erased",-0.8171735998162111,,0.35717359980803715,1.0709819098929524e-06
"TCAD, erased",-0.7971735998162651,,0.35717359980803715,1.0709819098929524e-06
"TCAD, erased",-0.7771735998163192,,0.35717359980803715,1.0709819098929524e-06
"TCAD, erased",-0.7571735998163722,,0.35717359980803715,1.0709819098929524e-06
"TCAD, erased",-0.7371735998164262,,0.35717359980803715,1.0709819098929524e-06
"TCAD, erased",-0.7171735998164801,,0.35717359980803715,1.0709819098929524e-06
"TCAD, erased",-0.6971735998165342,,0.35717359980803715,1.0709819098929524e-06
"TCAD, erased",-0.6771735998165882,,0.35717359980803715,1.0709819098929524e-06
"TCAD, erased",-0.6571735998166411,,0.35717359980803715,1.0709819098929524e-06
"TCAD, erased",-0.6371735998166952,,0.35717359980803715,1.0709819098929524e-06
"TCAD, erased",-0.6171735998167491,,0.35717359980803715,1.0709819098929524e-06
"TCAD, erased",-0.5971735998168032,,0.35717359980803715,1.0709819098929524e-06
"TCAD, erased",-0.5771735998168561,,0.35717359980803715,1.0709819098929524e-06
"TCAD, erased",-0.5571735998169102,,0.35717359980803715,1.0709819098929524e-06
"TCAD, erased",-0.5371735998169641,2.635714988381579e-07,0.35717359980803715,1.0709819098929524e-06
"TCAD, erased",-0.5171735998170182,9.444774793721553e-07,0.35717359980803715,1.0709819098929524e-06
"TCAD, erased",-0.49717359981707215,1.5564582302238108e-06,0.35717359980803715,1.0709819098929524e-06
"TCAD, erased",-0.47717359981712515,1.7220083968697029e-06,0.35717359980803715,1.0709819098929524e-06
"TCAD, erased",-0.45717359981717914,1.4508476233732804e-06,0.35717359980803715,1.0709819098929524e-06
"TCAD, erased",-0.4371735998172329,6.182498780170153e-07,0.35717359980803715,1.0709819098929524e-06
"TCAD, erased",-0.41717359981728663,1.0264216889178865e-06,0.35717359980803715,1.0709819098929524e-06
"TCAD, erased",-0.39717359981734046,3.8135450682512444e-06,0.35717359980803715,1.0709819098929524e-06
"TCAD, erased",-0.37717359981739457,8.062125013324374e-06,0.35717359980803715,1.0709819098929524e-06
"TCAD, erased",-0.3571735998174483,1.4009019755879311e-05,0.35717359980803715,1.0709819098929524e-06
"TCAD, erased",-0.33717359981750206,2.1832641267450928e-05,0.35717359980803715,1.0709819098929524e-06
"TCAD, erased",-0.3171735998175558,3.175701261976712e-05,0.35717359980803715,1.0709819098929524e-06
"TCAD, erased",-0.29717359981760944,4.416760058210949e-05,0.35717359980803715,1.0709819098929524e-06
"TCAD, erased",-0.27717359981766315,5.9708617794903605e-05,0.35717359980803715,1.0709819098929524e-06
"TCAD, erased",-0.2571735998177168,7.938495776097987e-05,0.35717359980803715,1.0709819098929524e-06
"TCAD, erased",-0.23717359981777114,0.00010472356715596685,0.35717359980803715,1.0709819098929524e-06
"TCAD, erased",-0.21717359981782514,0.00013804999046140962,0.35717359980803715,1.0709819098929524e-06
"TCAD, erased",-0.19717359981787816,0.0001830175342636371,0.35717359980803715,1.0709819098929524e-06
"TCAD, erased",-0.17717359981793215,0.000245595206002091,0.35717359980803715,1.0709819098929524e-06
"TCAD, erased",-0.15717359981798615,0.00033575931506061153,0.35717359980803715,1.0709819098929524e-06
"TCAD, erased",-0.13717359981803914,0.00047107143590264914,0.35717359980803715,1.0709819098929524e-06
"TCAD, erased",-0.11717359981809314,0.0006825916087870308,0.35717359980803715,1.0709819098929524e-06
"TCAD, erased",-0.09717359981814716,0.0010247207867126295,0.35717359980803715,1.0709819098929524e-06
"TCAD, erased",-0.07717359981820116,0.0015859964699748805,0.35717359980803715,1.0709819098929524e-06
"TCAD, erased",-0.05717359981825515,0.002491640099723032,0.35717359980803715,1.0709819098929524e-06
"TCAD, erased",-0.037173599818308145,0.003893328432196475,0.35717359980803715,1.0709819098929524e-06
"TCAD, erased",-0.01717359981836214,0.005960296863222361,0.35717359980803715,1.0709819098929524e-06
"TCAD, erased",0.0028264001815838657,0.008892302023638263,0.35717359980803715,1.0709819098929524e-06
"TCAD, erased",0.02282640018152987,0.012948324281660172,0.35717359980803715,1.0709819098929524e-06
"TCAD, erased",0.042826400181476876,0.01848232849580822,0.35717359980803715,1.0709819098929524e-06
"TCAD, erased",0.06282640018142188,0.02598281191752804,0.35717359980803715,1.0709819098929524e-06
"TCAD, erased",0.08282640018136883,0.03609714648617284,0.35717359980803715,1.0709819098929524e-06
"TCAD, erased",0.10282640018131484,0.049624587624138294,0.35717359980803715,1.0709819098929524e-06
"TCAD, erased",0.12282640018126084,0.06747667098142142,0.35717359980803715,1.0709819098929524e-06
"TCAD, erased",0.14282640018120785,0.090597360908383,0.35717359980803715,1.0709819098929524e-06
"TCAD, erased",0.16282640018115285,0.11987217709162386,0.35717359980803715,1.0709819098929524e-06
"TCAD, erased",0.1828264001810998,0.15605184255703883,0.35717359980803715,1.0709819098929524e-06
"TCAD, erased",0.20282640018104586,0.199670370575144,0.35717359980803715,1.0709819098929524e-06
"TCAD, erased",0.2228264001809918,0.25113174117602177,0.35717359980803715,1.0709819098929524e-06
"TCAD, erased",0.24282640018093887,0.31059537016198463,0.35717359980803715,1.0709819098929524e-06
"TCAD, erased",0.2628264001808848,0.3779906514545772,0.35717359980803715,1.0709819098929524e-06
"TCAD, erased",0.2828264001808309,0.4530451499820555,0.35717359980803715,1.0709819098929524e-06
"TCAD, erased",0.30282640018077683,0.5351755403165267,0.35717359980803715,1.0709819098929524e-06
"TCAD, erased",0.3228264001807239,0.6235028695036288,0.35717359980803715,1.0709819098929524e-06
"TCAD, erased",0.34282640018066984,0.7168892743658174,0.35717359980803715,1.0709819098929524e-06
"TCAD, erased",0.3628264001806159,0.8140297193768642,0.35717359980803715,1.0709819098929524e-06
"TCAD, erased",0.38282640018056285,0.9135985293652685,0.35717359980803715,1.0709819098929524e-06
"TCAD, erased",0.4028264001805088,1.0142197986890227,0.35717359980803715,1.0709819098929524e-06
"TCAD, erased",0.42282640018045486,1.1148624162735707,0.35717359980803715,1.0709819098929524e-06
"TCAD, erased",0.4428264001804008,1.214678158320007,0.35717359980803715,1.0709819098929524e-06
"TCAD, erased",0.4628264001803469,1.313056186256189,0.35717359980803715,1.0709819098929524e-06
"TCAD, erased",0.4828264001802928,1.409668414067255,0.35717359980803715,1.0709819098929524e-06
"TCAD, erased",0.5028264001802389,1.5044262634908554,0.35717359980803715,1.0709819098929524e-06
"TCAD, erased",0.5228264001801859,1.5974366502182262,0.35717359980803715,1.0709819098929524e-06
"TCAD, erased",0.542826400180132,1.688994876837573,0.35717359980803715,1.0709819098929524e-06
"TCAD, erased",0.5628264001800778,1.7795512766332509,0.35717359980803715,1.0709819098929524e-06
"TCAD, erased",0.5828264001800239,1.8696011934337702,0.35717359980803715,1.0709819098929524e-06
"TCAD, erased",0.6028264001799708,1.9588116333305101,0.35717359980803715,1.0709819098929524e-06
"TCAD, erased",0.6228264001799169,2.046155829750464,0.35717359980803715,1.0709819098929524e-06
"TCAD, erased",0.6428264001798629,2.131061010119449,0.35717359980803715,1.0709819098929524e-06
"TCAD, erased",0.6628264001798128,2.211806396810482,0.35717359980803715,1.0709819098929524e-06
"TCAD, erased",0.6828264001797528,2.2891395913619985,0.35717359980803715,1.0709819098929524e-06
"TCAD, erased",0.7028264001797029,2.363669228942335,0.35717359980803715,1.0709819098929524e-06
"TCAD, erased",0.7228264001796427,2.4348906636709673,0.35717359980803715,1.0709819098929524e-06
"TCAD, erased",0.7428264001795928,2.5029460070938123,0.35717359980803715,1.0709819098929524e-06
"TCAD, erased",0.7628264001795428,2.568007680278349,0.35717359980803715,1.0709819098929524e-06
"TCAD, erased",0.7828264001794829,2.6304473386004457,0.35717359980803715,1.0709819098929524e-06
"TCAD, erased",0.8028264001794327,2.690418466584851,0.35717359980803715,1.0709819098929524e-06
"TCAD, erased",0.8228264001793828,2.748019761435542,0.35717359980803715,1.0709819098929524e-06
"TCAD, erased",0.8428264001793229,2.8035687364775455,0.35717359980803715,1.0709819098929524e-06
"TCAD, erased",0.8628264001792727,2.8569549095303954,0.35717359980803715,1.0709819098929524e-06
"TCAD, erased",0.8828264001792128,2.9084197904404343,0.35717359980803715,1.0709819098929524e-06
"TCAD, erased",0.9028264001791628,2.9577898378778227,0.35717359980803715,1.0709819098929524e-06
"TCAD, erased",0.9228264001791129,3.005155525417667,0.35717359980803715,1.0709819098929524e-06
"TCAD, erased",0.9428264001790527,3.050368807918414,0.35717359980803715,1.0709819098929524e-06
"TCAD, erased",0.9628264001790028,3.0936293947980986,0.35717359980803715,1.0709819098929524e-06
"TCAD, erased",0.9828264001789528,3.135193247486397,0.35717359980803715,1.0709819098929524e-06
"TCAD, erased",1.002826400178893,3.1752875454051974,0.35717359980803715,1.0709819098929524e-06
"TCAD, erased",1.0228264001788427,3.213908380286517,0.35717359980803715,1.0709819098929524e-06
"TCAD, erased",1.0428264001787828,3.251092402540871,0.35717359980803715,1.0709819098929524e-06
"TCAD, erased",1.0628264001787329,3.287102739666492,0.35717359980803715,1.0709819098929524e-06
"TCAD, erased",1.0828264001786827,3.321916486246499,0.35717359980803715,1.0709819098929524e-06
"TCAD, erased",1.1028264001786228,3.3556010572092285,0.35717359980803715,1.0709819098929524e-06
"TCAD, erased",1.1228264001785728,3.3882704980334917,0.35717359980803715,1.0709819098929524e-06
"TCAD, erased",1.1428264001785229,3.419950374793663,0.35717359980803715,1.0709819098929524e-06
"TCAD, erased",1.1628264001784627,3.4505846768308257,0.35717359980803715,1.0709819098929524e-06
"TCAD, erased",1.1828264001784128,3.480303633303143,0.35717359980803715,1.0709819098929524e-06
"TCAD, erased",1.2028264001783529,3.509066668735331,0.35717359980803715,1.0709819098929524e-06
"TCAD, erased",1.222826400178303,3.5368464657187673,0.35717359980803715,1.0709819098929524e-06
"TCAD, erased",1.2428264001782527,3.5638490937391536,0.35717359980803715,1.0709819098929524e-06
"TCAD, erased",1.2628264001781928,3.5900998306350838,0.35717359980803715,1.0709819098929524e-06
"TCAD, erased",1.2828264001781429,3.6156270158846455,0.35717359980803715,1.0709819098929524e-06
"TCAD, erased",1.3028264001780927,3.6404582737637505,0.35717359980803715,1.0709819098929524e-06
"TCAD, erased",1.3228264001780328,3.664620813597842,0.35717359980803715,1.0709819098929524e-06
"TCAD, erased",1.3428264001779828,3.6881407560272517,0.35717359980803715,1.0709819098929524e-06
"TCAD, erased",1.362826400177923,3.7110439013448353,0.35717359980803715,1.0709819098929524e-06
"TCAD, erased",1.3828264001778727,3.7333549356349054,0.35717359980803715,1.0709819098929524e-06
"TCAD, erased",1.4028264001778228,3.755097495902141,0.35717359980803715,1.0709819098929524e-06
"TCAD, erased",1.4228264001777629,3.776293271091692,0.35717359980803715,1.0709819098929524e-06
"TCAD, erased",1.442826400177713,3.7969621359484416,0.35717359980803715,1.0709819098929524e-06
"TCAD, erased",1.4628264001776627,3.8171219248534727,0.35717359980803715,1.0709819098929524e-06
"TCAD, erased",1.4828264001776028,3.836789314037547,0.35717359980803715,1.0709819098929524e-06
"TCAD, erased",1.5028264001775529,3.8559474772193583,0.35717359980803715,1.0709819098929524e-06
"TCAD, erased",1.5228264001774927,3.8746251832362506,0.35717359980803715,1.0709819098929524e-06
"TCAD, erased",1.5428264001774428,3.892855285721025,0.35717359980803715,1.0709819098929524e-06
"TCAD, erased",1.5628264001773928,3.9106526483184463,0.35717359980803715,1.0709819098929524e-06
"TCAD, erased",1.582826400177333,3.928031526154399,0.35717359980803715,1.0709819098929524e-06
"TCAD, erased",1.6028264001772827,3.945006208799804,0.35717359980803715,1.0709819098929524e-06
"TCAD, erased",1.6228264001772228,3.9615905466185577,0.35717359980803715,1.0709819098929524e-06
"TCAD, erased",1.6428264001771729,3.977797986402315,0.35717359980803715,1.0709819098929524e-06
"TCAD, erased",1.6628264001771227,3.993641675354229,0.35717359980803715,1.0709819098929524e-06
"TCAD, erased",1.6828264001770628,4.00911286506754,0.35717359980803715,1.0709819098929524e-06
"TCAD, erased",1.7028264001770126,4.0242400489814445,0.35717359980803715,1.0709819098929524e-06
"TCAD, erased",1.7228264001769629,4.039031353756891,0.35717359980803715,1.0709819098929524e-06
"TCAD, erased",1.742826400176903,4.053494924793843,0.35717359980803715,1.0709819098929524e-06
"TCAD, erased",1.7628264001768528,4.067638700800778,0.35717359980803715,1.0709819098929524e-06
"TCAD, erased",1.7828264001767928,4.081470571229698,0.35717359980803715,1.0709819098929524e-06
"TCAD, erased",1.8028264001767427,4.094998224520823,0.35717359980803715,1.0709819098929524e-06
"TCAD, erased",1.822826400176693,4.108230279396403,0.35717359980803715,1.0709819098929524e-06
"TCAD, erased",1.842826400176633,4.121175725275212,0.35717359980803715,1.0709819098929524e-06
"TCAD, erased",1.8628264001765829,4.133805215440575,0.35717359980803715,1.0709819098929524e-06
"TCAD, erased",1.8828264001765327,4.146162319946456,0.35717359980803715,1.0709819098929524e-06
"TCAD, erased",1.9028264001764728,4.158260494659765,0.35717359980803715,1.0709819098929524e-06
"TCAD, erased",1.9228264001764226,4.170108243486163,0.35717359980803715,1.0709819098929524e-06
"TCAD, erased",1.9428264001763627,4.181713543248012,0.35717359980803715,1.0709819098929524e-06
"TCAD, erased",1.962826400176313,4.193084777011541,0.35717359980803715,1.0709819098929524e-06
"TCAD, erased",1.9828264001762628,4.204228892083848,0.35717359980803715,1.0709819098929524e-06
"TCAD, erased",2.002826400176203,4.215154400140705,0.35717359980803715,1.0709819098929524e-06
"TCAD, erased",2.022826400176153,4.225868450538906,0.35717359980803715,1.0709819098929524e-06
"TCAD, erased",2.042826400176103,4.236378035077563,0.35717359980803715,1.0709819098929524e-06
"TCAD, erased",2.0628264001760432,4.246689814450764,0.35717359980803715,1.0709819098929524e-06
"TCAD, erased",2.082826400175993,4.256810212636188,0.35717359980803715,1.0709819098929524e-06
"TCAD, erased",2.102826400175933,4.266745261837775,0.35717359980803715,1.0709819098929524e-06
"TCAD, erased",2.122826400175883,4.276500915991077,0.35717359980803715,1.0709819098929524e-06
"TCAD, erased",2.142826400175833,4.2860828382785074,0.35717359980803715,1.0709819098929524e-06
"TCAD, erased",2.162826400175773,4.295454903374743,0.35717359980803715,1.0709819098929524e-06
"TCAD, erased",2.182826400175723,4.304622072646676,0.35717359980803715,1.0709819098929524e-06
"TCAD, erased",2.202826400175673,4.3136315679028785,0.35717359980803715,1.0709819098929524e-06
"TCAD, erased",2.222826400175613,4.322486869434958,0.35717359980803715,1.0709819098929524e-06
"TCAD, erased",2.242826400175563,4.331191641228437,0.35717359980803715,1.0709819098929524e-06
"TCAD, erased",2.262826400175503,4.339749571765892,0.35717359980803715,1.0709819098929524e-06
"TCAD, erased",2.2828264001754532,4.348164252000812,0.35717359980803715,1.0709819098929524e-06
"TCAD, erased",2.302826400175403,4.356439219543523,0.35717359980803715,1.0709819098929524e-06
"TCAD, erased",2.322826400175343,4.364577892636465,0.35717359980803715,1.0709819098929524e-06
"TCAD, erased",2.342826400175293,4.372583640051823,0.35717359980803715,1.0709819098929524e-06
"TCAD, erased",2.362826400175243,4.380459718034202,0.35717359980803715,1.0709819098929524e-06
"TCAD, erased",2.382826400175183,4.388209340924001,0.35717359980803715,1.0709819098929524e-06
"TCAD, erased",2.402826400175133,4.395835588620545,0.35717359980803715,1.0709819098929524e-06
"TCAD, erased",2.4228264001750732,4.403341367328241,0.35717359980803715,1.0709819098929524e-06
"TCAD, erased",2.442826400175023,4.410729569147589,0.35717359980803715,1.0709819098929524e-06
"TCAD, erased",2.462826400174973,4.4180031247417935,0.35717359980803715,1.0709819098929524e-06
"TCAD, erased",2.482826400174913,4.425164916512378,0.35717359980803715,1.0709819098929524e-06
"TCAD, erased",2.5028264001748632,4.432217495296097,0.35717359980803715,1.0709819098929524e-06
"TCAD, erased",2.522826400174803,4.439163558621749,0.35717359980803715,1.0709819098929524e-06
"TCAD, erased",2.542826400174753,4.4460054879261754,0.35717359980803715,1.0709819098929524e-06
"TCAD, erased",2.562826400174703,4.452745745062716,0.35717359980803715,1.0709819098929524e-06
"TCAD, erased",2.582826400174643,4.459386608760469,0.35717359980803715,1.0709819098929524e-06
"TCAD, erased",2.602826400174593,4.4659304734493865,0.35717359980803715,1.0709819098929524e-06
"TCAD, erased",2.622826400174543,4.472379414589967,0.35717359980803715,1.0709819098929524e-06
"TCAD, erased",2.6428264001744832,4.478735666678622,0.35717359980803715,1.0709819098929524e-06
"TCAD, erased",2.662826400174433,4.4850011726854975,0.35717359980803715,1.0709819098929524e-06
"TCAD, erased",2.682826400174373,4.4911780366949206,0.35717359980803715,1.0709819098929524e-06
"TCAD, erased",2.702826400174323,4.4972680849054685,0.35717359980803715,1.0709819098929524e-06
"TCAD, erased",2.7228264001742732,4.503273314329486,0.35717359980803715,1.0709819098929524e-06
"TCAD, erased",2.742826400174213,4.509195237342565,0.35717359980803715,1.0709819098929524e-06
"TCAD, erased",2.762826400174163,4.515035832102041,0.35717359980803715,1.0709819098929524e-06
"TCAD, erased",2.782826400174113,4.520796777941368,0.35717359980803715,1.0709819098929524e-06
"TCAD, erased",2.802826400174053,4.526479829874574,0.35717359980803715,1.0709819098929524e-06
"TCAD, erased",2.822826400174003,4.532086502641569,0.35717359980803715,1.0709819098929524e-06
"TCAD, erased",2.842826400173943,4.537618464493948,0.35717359980803715,1.0709819098929524e-06
"TCAD, erased",2.8628264001738932,4.543077149856551,0.35717359980803715,1.0709819098929524e-06
"TCAD, erased",2.882826400173843,4.548464140934579,0.35717359980803715,1.0709819098929524e-06
"TCAD, erased",2.902826400173783,4.553780796249405,0.35717359980803715,1.0709819098929524e-06
"TCAD, erased",2.922826400173733,4.5590286174439765,0.35717359980803715,1.0709819098929524e-06
"TCAD, erased",2.942826400173683,4.564208892554154,0.35717359980803715,1.0709819098929524e-06
"TCAD, erased",2.962826400173623,4.56932304752348,0.35717359980803715,1.0709819098929524e-06
"TCAD, erased",2.982826400173573,4.574372303548675,0.35717359980803715,1.0709819098929524e-06
"TCAD, erased",3.002826400173513,4.5793580132801015,0.35717359980803715,1.0709819098929524e-06
"TCAD, erased",3.022826400173463,4.584281334039086,0.35717359980803715,1.0709819098929524e-06
"TCAD, erased",3.042826400173413,4.589143562032432,0.35717359980803715,1.0709819098929524e-06
"TCAD, erased",3.062826400173353,4.593945796444076,0.35717359980803715,1.0709819098929524e-06
"TCAD, erased",3.0828264001733032,4.598689272037764,0.35717359980803715,1.0709819098929524e-06
"TCAD, erased",3.102826400173253,4.603375033318152,0.35717359980803715,1.0709819098929524e-06
"TCAD, erased",3.122826400173193,4.608004257387133,0.35717359980803715,1.0709819098929524e-06
"TCAD, erased",3.142826400191963,4.612577936650607,0.35717359980803715,1.0709819098929524e-06
"TCAD, programmed",-2.5637152966535637,,-0.9362847033464362,1.3794676837217941e-06
"TCAD, programmed",-2.5437152966877736,,-0.9362847033464362,1.3794676837217941e-06
"TCAD, programmed",-2.5237152966876737,,-0.9362847033464362,1.3794676837217941e-06
"TCAD, programmed",-2.5037152966875738,,-0.9362847033464362,1.3794676837217941e-06
"TCAD, programmed",-2.483715296687474,,-0.9362847033464362,1.3794676837217941e-06
"TCAD, programmed",-2.463715296687374,,-0.9362847033464362,1.3794676837217941e-06
"TCAD, programmed",-2.4437152966872837,,-0.9362847033464362,1.3794676837217941e-06
"TCAD, programmed",-2.4237152966871838,,-0.9362847033464362,1.3794676837217941e-06
"TCAD, programmed",-2.403715296687084,,-0.9362847033464362,1.3794676837217941e-06
"TCAD, programmed",-2.383715296686984,,-0.9362847033464362,1.3794676837217941e-06
"TCAD, programmed",-2.3637152966868835,,-0.9362847033464362,1.3794676837217941e-06
"TCAD, programmed",-2.343715296686794,,-0.9362847033464362,1.3794676837217941e-06
"TCAD, programmed",-2.323715296686694,,-0.9362847033464362,1.3794676837217941e-06
"TCAD, programmed",-2.3037152966865935,,-0.9362847033464362,1.3794676837217941e-06
"TCAD, programmed",-2.2837152966864935,,-0.9362847033464362,1.3794676837217941e-06
"TCAD, programmed",-2.2637152966863936,,-0.9362847033464362,1.3794676837217941e-06
"TCAD, programmed",-2.243715296686304,,-0.9362847033464362,1.3794676837217941e-06
"TCAD, programmed",-2.2237152966862035,,-0.9362847033464362,1.3794676837217941e-06
"TCAD, programmed",-2.2037152966861036,,-0.9362847033464362,1.3794676837217941e-06
"TCAD, programmed",-2.1837152966860036,,-0.9362847033464362,1.3794676837217941e-06
"TCAD, programmed",-2.1637152966859037,,-0.9362847033464362,1.3794676837217941e-06
"TCAD, programmed",-2.1437152966858135,,-0.9362847033464362,1.3794676837217941e-06
"TCAD, programmed",-2.1237152966857136,,-0.9362847033464362,1.3794676837217941e-06
"TCAD, programmed",-2.1037152966856136,,-0.9362847033464362,1.3794676837217941e-06
"TCAD, programmed",-2.0837152966855137,,-0.9362847033464362,1.3794676837217941e-06
"TCAD, programmed",-2.0637152966854138,,-0.9362847033464362,1.3794676837217941e-06
"TCAD, programmed",-2.0437152966853236,,-0.9362847033464362,1.3794676837217941e-06
"TCAD, programmed",-2.0237152966852237,,-0.9362847033464362,1.3794676837217941e-06
"TCAD, programmed",-2.0037152966851237,,-0.9362847033464362,1.3794676837217941e-06
"TCAD, programmed",-1.9837152966850238,,-0.9362847033464362,1.3794676837217941e-06
"TCAD, programmed",-1.9637152966849238,,-0.9362847033464362,1.3794676837217941e-06
"TCAD, programmed",-1.9437152966848337,,-0.9362847033464362,1.3794676837217941e-06
"TCAD, programmed",-1.9237152966847337,,-0.9362847033464362,1.3794676837217941e-06
"TCAD, programmed",-1.9037152966846338,,-0.9362847033464362,1.3794676837217941e-06
"TCAD, programmed",-1.8837152966845339,,-0.9362847033464362,1.3794676837217941e-06
"TCAD, programmed",-1.8637152966844335,,-0.9362847033464362,1.3794676837217941e-06
"TCAD, programmed",-1.8437152966843438,,-0.9362847033464362,1.3794676837217941e-06
"TCAD, programmed",-1.8237152966842438,,-0.9362847033464362,1.3794676837217941e-06
"TCAD, programmed",-1.8037152966841439,,-0.9362847033464362,1.3794676837217941e-06
"TCAD, programmed",-1.7837152966840435,,-0.9362847033464362,1.3794676837217941e-06
"TCAD, programmed",-1.7637152966839436,,-0.9362847033464362,1.3794676837217941e-06
"TCAD, programmed",-1.7437152966838538,,-0.9362847033464362,1.3794676837217941e-06
"TCAD, programmed",-1.723715296683754,,-0.9362847033464362,1.3794676837217941e-06
"TCAD, programmed",-1.7037152966836535,,-0.9362847033464362,1.3794676837217941e-06
"TCAD, programmed",-1.6837152966835536,,-0.9362847033464362,1.3794676837217941e-06
"TCAD, programmed",-1.6637152966834536,,-0.9362847033464362,1.3794676837217941e-06
"TCAD, programmed",-1.6437152966833635,,-0.9362847033464362,1.3794676837217941e-06
"TCAD, programmed",-1.6237152966832635,,-0.9362847033464362,1.3794676837217941e-06
"TCAD, programmed",-1.6037152966831636,,-0.9362847033464362,1.3794676837217941e-06
"TCAD, programmed",-1.5837152966830637,,-0.9362847033464362,1.3794676837217941e-06
"TCAD, programmed",-1.5637152966829637,,-0.9362847033464362,1.3794676837217941e-06
"TCAD, programmed",-1.5437152966828638,,-0.9362847033464362,1.3794676837217941e-06
"TCAD, programmed",-1.5237152966827736,,-0.9362847033464362,1.3794676837217941e-06
"TCAD, programmed",-1.5037152966826737,,-0.9362847033464362,1.3794676837217941e-06
"TCAD, programmed",-1.4837152966825737,,-0.9362847033464362,1.3794676837217941e-06
"TCAD, programmed",-1.4637152966824738,,-0.9362847033464362,1.3794676837217941e-06
"TCAD, programmed",-1.4437152966823836,,-0.9362847033464362,1.3794676837217941e-06
"TCAD, programmed",-1.4237152966822837,,-0.9362847033464362,1.3794676837217941e-06
"TCAD, programmed",-1.4037152966821838,,-0.9362847033464362,1.3794676837217941e-06
"TCAD, programmed",-1.3837152966820838,,-0.9362847033464362,1.3794676837217941e-06
"TCAD, programmed",-1.3637152966819839,,-0.9362847033464362,1.3794676837217941e-06
"TCAD, programmed",-1.3437152966818937,,-0.9362847033464362,1.3794676837217941e-06
"TCAD, programmed",-1.3237152966817938,,-0.9362847033464362,1.3794676837217941e-06
"TCAD, programmed",-1.3037152966816938,,-0.9362847033464362,1.3794676837217941e-06
"TCAD, programmed",-1.283715296681594,,-0.9362847033464362,1.3794676837217941e-06
"TCAD, programmed",-1.2637152966814935,,-0.9362847033464362,1.3794676837217941e-06
"TCAD, programmed",-1.2437152966814038,,-0.9362847033464362,1.3794676837217941e-06
"TCAD, programmed",-1.2237152966813039,,-0.9362847033464362,1.3794676837217941e-06
"TCAD, programmed",-1.2037152966812035,,-0.9362847033464362,1.3794676837217941e-06
"TCAD, programmed",-1.1837152966811035,,-0.9362847033464362,1.3794676837217941e-06
"TCAD, programmed",-1.1637152966810036,,-0.9362847033464362,1.3794676837217941e-06
"TCAD, programmed",-1.1437152966809139,,-0.9362847033464362,1.3794676837217941e-06
"TCAD, programmed",-1.1237152966808135,,-0.9362847033464362,1.3794676837217941e-06
"TCAD, programmed",-1.1037152966807136,,-0.9362847033464362,1.3794676837217941e-06
"TCAD, programmed",-1.0837152966806136,,-0.9362847033464362,1.3794676837217941e-06
"TCAD, programmed",-1.0637152966805137,,-0.9362847033464362,1.3794676837217941e-06
"TCAD, programmed",-1.043715296680424,,-0.9362847033464362,1.3794676837217941e-06
"TCAD, programmed",-1.0237152966803236,,-0.9362847033464362,1.3794676837217941e-06
"TCAD, programmed",-1.0037152966802236,,-0.9362847033464362,1.3794676837217941e-06
"TCAD, programmed",-0.9837152966801238,,-0.9362847033464362,1.3794676837217941e-06
"TCAD, programmed",-0.9637152966800239,,-0.9362847033464362,1.3794676837217941e-06
"TCAD, programmed",-0.9437152966799237,,-0.9362847033464362,1.3794676837217941e-06
"TCAD, programmed",-0.9237152966798338,,-0.9362847033464362,1.3794676837217941e-06
"TCAD, programmed",-0.9037152966797338,,-0.9362847033464362,1.3794676837217941e-06
"TCAD, programmed",-0.8837152966796339,,-0.9362847033464362,1.3794676837217941e-06
"TCAD, programmed",-0.8637152966795337,,-0.9362847033464362,1.3794676837217941e-06
"TCAD, programmed",-0.8437152966794338,,-0.9362847033464362,1.3794676837217941e-06
"TCAD, programmed",-0.8237152966793438,,-0.9362847033464362,1.3794676837217941e-06
"TCAD, programmed",-0.8037152966792437,,-0.9362847033464362,1.3794676837217941e-06
"TCAD, programmed",-0.7837152966791437,,-0.9362847033464362,1.3794676837217941e-06
"TCAD, programmed",-0.7637152966790438,,-0.9362847033464362,1.3794676837217941e-06
"TCAD, programmed",-0.7437152966789439,,-0.9362847033464362,1.3794676837217941e-06
"TCAD, programmed",-0.7237152966788537,,-0.9362847033464362,1.3794676837217941e-06
"TCAD, programmed",-0.7037152966787538,,-0.9362847033464362,1.3794676837217941e-06
"TCAD, programmed",-0.6837152966786538,,-0.9362847033464362,1.3794676837217941e-06
"TCAD, programmed",-0.6637152966785539,,-0.9362847033464362,1.3794676837217941e-06
"TCAD, programmed",-0.6437152966784537,,-0.9362847033464362,1.3794676837217941e-06
"TCAD, programmed",-0.6237152966783638,,-0.9362847033464362,1.3794676837217941e-06
"TCAD, programmed",-0.6037152966782638,,-0.9362847033464362,1.3794676837217941e-06
"TCAD, programmed",-0.5837152966781637,,-0.9362847033464362,1.3794676837217941e-06
"TCAD, programmed",-0.5637152966780637,,-0.9362847033464362,1.3794676837217941e-06
"TCAD, programmed",-0.5437152966779638,,-0.9362847033464362,1.3794676837217941e-06
"TCAD, programmed",-0.5237152966778739,,-0.9362847033464362,1.3794676837217941e-06
"TCAD, programmed",-0.5037152966777737,,-0.9362847033464362,1.3794676837217941e-06
"TCAD, programmed",-0.48371529667767377,,-0.9362847033464362,1.3794676837217941e-06
"TCAD, programmed",-0.46371529667757383,,-0.9362847033464362,1.3794676837217941e-06
"TCAD, programmed",-0.4437152966774739,,-0.9362847033464362,1.3794676837217941e-06
"TCAD, programmed",-0.4237152966773837,,-0.9362847033464362,1.3794676837217941e-06
"TCAD, programmed",-0.4037152966772838,,-0.9362847033464362,1.3794676837217941e-06
"TCAD, programmed",-0.38371529667718385,,-0.9362847033464362,1.3794676837217941e-06
"TCAD, programmed",-0.3637152966770837,,-0.9362847033464362,1.3794676837217941e-06
"TCAD, programmed",-0.34371529667699374,,-0.9362847033464362,1.3794676837217941e-06
"TCAD, programmed",-0.3237152966768938,,-0.9362847033464362,1.3794676837217941e-06
"TCAD, programmed",-0.30371529667679387,,-0.9362847033464362,1.3794676837217941e-06
"TCAD, programmed",-0.2837152966766937,5.523462864395146e-06,-0.9362847033464362,1.3794676837217941e-06
"TCAD, programmed",-0.26371529667659377,6.0223937915536455e-06,-0.9362847033464362,1.3794676837217941e-06
"TCAD, programmed",-0.24371529667649383,7.614838048539799e-06,-0.9362847033464362,1.3794676837217941e-06
"TCAD, programmed",-0.22371529667640389,1.1028618434734946e-05,-0.9362847033464362,1.3794676837217941e-06
"TCAD, programmed",-0.20371529667630373,1.7654081306954734e-05,-0.9362847033464362,1.3794676837217941e-06
"TCAD, programmed",-0.1837152966762038,3.0135456202386454e-05,-0.9362847033464362,1.3794676837217941e-06
"TCAD, programmed",-0.16371529667610385,5.351177735128682e-05,-0.9362847033464362,1.3794676837217941e-06
"TCAD, programmed",-0.1437152966760037,9.736193284495305e-05,-0.9362847033464362,1.3794676837217941e-06
"TCAD, programmed",-0.12371529667591374,0.00017961820317033365,-0.9362847033464362,1.3794676837217941e-06
"TCAD, programmed",-0.1037152966758138,0.00033270401426462785,-0.9362847033464362,1.3794676837217941e-06
"TCAD, programmed",-0.08371529667571387,0.0006123864532215439,-0.9362847033464362,1.3794676837217941e-06
"TCAD, programmed",-0.06371529667561371,0.0011102611706594308,-0.9362847033464362,1.3794676837217941e-06
"TCAD, programmed",-0.04371529667551777,0.0019739154470388444,-0.9362847033464362,1.3794676837217941e-06
"TCAD, programmed",-0.023715296675419828,0.003443464787538733,-0.9362847033464362,1.3794676837217941e-06
"TCAD, programmed",-0.0037152966753217775,0.005914707777773957,-0.9362847033464362,1.3794676837217941e-06
"TCAD, programmed",0.016284703324775163,0.010028662898569699,-0.9362847033464362,1.3794676837217941e-06
"TCAD, programmed",0.03628470332487321,0.016749155779185735,-0.9362847033464362,1.3794676837217941e-06
"TCAD, programmed",0.056284703324971264,0.02733426261397855,-0.9362847033464362,1.3794676837217941e-06
"TCAD, programmed",0.0762847033250702,0.04313038597272448,-0.9362847033464362,1.3794676837217941e-06
"TCAD, programmed",0.09628470332516825,0.0652781362700531,-0.9362847033464362,1.3794676837217941e-06
"TCAD, programmed",0.11628470332526619,0.094513687897396,-0.9362847033464362,1.3794676837217941e-06
"TCAD, programmed",0.13628470332536324,0.13113124166908008,-0.9362847033464362,1.3794676837217941e-06
"TCAD, programmed",0.15628470332546118,0.17503776335230814,-0.9362847033464362,1.3794676837217941e-06
"TCAD, programmed",0.17628470332556023,0.2258285883238565,-0.9362847033464362,1.3794676837217941e-06
"TCAD, programmed",0.19628470332565817,0.28284441463398363,-0.9362847033464362,1.3794676837217941e-06
"TCAD, programmed",0.21628470332575622,0.3452147758347655,-0.9362847033464362,1.3794676837217941e-06
"TCAD, programmed",0.23628470332585416,0.41191000929129074,-0.9362847033464362,1.3794676837217941e-06
"TCAD, programmed",0.2562847033259512,0.4818158930912311,-0.9362847033464362,1.3794676837217941e-06
"TCAD, programmed",0.27628470332604926,0.5538304033586193,-0.9362847033464362,1.3794676837217941e-06
"TCAD, programmed",0.2962847033261482,0.6269600123174341,-0.9362847033464362,1.3794676837217941e-06
"TCAD, programmed",0.31628470332624625,0.7003867493399722,-0.9362847033464362,1.3794676837217941e-06
"TCAD, programmed",0.3362847033263442,0.7734918228709144,-0.9362847033464362,1.3794676837217941e-06
"TCAD, programmed",0.35628470332644224,0.8458411071376231,-0.9362847033464362,1.3794676837217941e-06
"TCAD, programmed",0.3762847033265392,0.9171482669810438,-0.9362847033464362,1.3794676837217941e-06
"TCAD, programmed",0.39628470332663823,0.9872308023978914,-0.9362847033464362,1.3794676837217941e-06
"TCAD, programmed",0.41628470332673617,1.055969310919833,-0.9362847033464362,1.3794676837217941e-06
"TCAD, programmed",0.4362847033268342,1.1232765235465563,-0.9362847033464362,1.3794676837217941e-06
"TCAD, programmed",0.4562847033269322,1.1890791510949095,-0.9362847033464362,1.3794676837217941e-06
"TCAD, programmed",0.4762847033270302,1.253313089744722,-0.9362847033464362,1.3794676837217941e-06
"TCAD, programmed",0.4962847033271282,1.3159303663712212,-0.9362847033464362,1.3794676837217941e-06
"TCAD, programmed",0.5162847033272262,1.3769127434568567,-0.9362847033464362,1.3794676837217941e-06
"TCAD, programmed",0.5362847033273241,1.4362861757506655,-0.9362847033464362,1.3794676837217941e-06
"TCAD, programmed",0.5562847033274222,1.4941321066988895,-0.9362847033464362,1.3794676837217941e-06
"TCAD, programmed",0.5762847033275202,1.550591178217245,-0.9362847033464362,1.3794676837217941e-06
"TCAD, programmed",0.5962847033276182,1.6058622464978705,-0.9362847033464362,1.3794676837217941e-06
"TCAD, programmed",0.6162847033277162,1.6602000648990016,-0.9362847033464362,1.3794676837217941e-06
"TCAD, programmed",0.6362847033278143,1.7139225299174117,-0.9362847033464362,1.3794676837217941e-06
"TCAD, programmed",0.6562847033279122,1.767419609310641,-0.9362847033464362,1.3794676837217941e-06
"TCAD, programmed",0.6762847033280102,1.8210606369134323,-0.9362847033464362,1.3794676837217941e-06
"TCAD, programmed",0.6962847033281082,1.8746137419655904,-0.9362847033464362,1.3794676837217941e-06
"TCAD, programmed",0.7162847033282063,1.9273666345041425,-0.9362847033464362,1.3794676837217941e-06
"TCAD, programmed",0.7362847033283042,1.9789524882809024,-0.9362847033464362,1.3794676837217941e-06
"TCAD, programmed",0.7562847033284021,2.0281675574892426,-0.9362847033464362,1.3794676837217941e-06
"TCAD, programmed",0.7762847033285002,2.075475914111222,-0.9362847033464362,1.3794676837217941e-06
"TCAD, programmed",0.7962847033285982,2.121323069017236,-0.9362847033464362,1.3794676837217941e-06
"TCAD, programmed",0.8162847033286962,2.165459977781045,-0.9362847033464362,1.3794676837217941e-06
"TCAD, programmed",0.8362847033287942,2.207840434978591,-0.9362847033464362,1.3794676837217941e-06
"TCAD, programmed",0.8562847033288924,2.248532728857181,-0.9362847033464362,1.3794676837217941e-06
"TCAD, programmed",0.8762847033289901,2.2876507313346615,-0.9362847033464362,1.3794676837217941e-06
"TCAD, programmed",0.8962847033290883,2.3253858541741788,-0.9362847033464362,1.3794676837217941e-06
"TCAD, programmed",0.9162847033291864,2.3617783298721795,-0.9362847033464362,1.3794676837217941e-06
"TCAD, programmed",0.9362847033292842,2.3970303488974034,-0.9362847033464362,1.3794676837217941e-06
"TCAD, programmed",0.9562847033293823,2.431066829706908,-0.9362847033464362,1.3794676837217941e-06
"TCAD, programmed",0.9762847033294805,2.464004404402881,-0.9362847033464362,1.3794676837217941e-06
"TCAD, programmed",0.9962847033295782,2.4957885038747523,-0.9362847033464362,1.3794676837217941e-06
"TCAD, programmed",1.0162847033296762,2.526530333342952,-0.9362847033464362,1.3794676837217941e-06
"TCAD, programmed",1.0362847033297746,2.5561040175124505,-0.9362847033464362,1.3794676837217941e-06
"TCAD, programmed",1.0562847033298721,2.5845665860584854,-0.9362847033464362,1.3794676837217941e-06
"TCAD, programmed",1.0762847033299703,2.6119819126978117,-0.9362847033464362,1.3794676837217941e-06
"TCAD, programmed",1.0962847033300682,2.63838213019024,-0.9362847033464362,1.3794676837217941e-06
"TCAD, programmed",1.1162847033301662,2.663706400956489,-0.9362847033464362,1.3794676837217941e-06
"TCAD, programmed",1.136284703330264,2.688175926280417,-0.9362847033464362,1.3794676837217941e-06
"TCAD, programmed",1.1562847033303623,2.7118911573265057,-0.9362847033464362,1.3794676837217941e-06
"TCAD, programmed",1.1762847033304602,2.7348937206719195,-0.9362847033464362,1.3794676837217941e-06
"TCAD, programmed",1.1962847033305581,2.7572011473336935,-0.9362847033464362,1.3794676837217941e-06
"TCAD, programmed",1.2162847033306563,2.7788349301510165,-0.9362847033464362,1.3794676837217941e-06
"TCAD, programmed",1.2362847033307542,2.7997757185154284,-0.9362847033464362,1.3794676837217941e-06
"TCAD, programmed",1.2562847033308522,2.8201151494569245,-0.9362847033464362,1.3794676837217941e-06
"TCAD, programmed",1.2762847033309503,2.8399001455152004,-0.9362847033464362,1.3794676837217941e-06
"TCAD, programmed",1.2962847033310483,2.859039264027401,-0.9362847033464362,1.3794676837217941e-06
"TCAD, programmed",1.3162847033311462,2.8775723621343436,-0.9362847033464362,1.3794676837217941e-06
"TCAD, programmed",1.3362847033312442,2.8956003376938404,-0.9362847033464362,1.3794676837217941e-06
"TCAD, programmed",1.356284703331342,2.91315322013179,-0.9362847033464362,1.3794676837217941e-06
"TCAD, programmed",1.3762847033314403,2.9302478524710374,-0.9362847033464362,1.3794676837217941e-06
"TCAD, programmed",1.3962847033315382,2.9469009454157575,-0.9362847033464362,1.3794676837217941e-06
"TCAD, programmed",1.4162847033316361,2.9631283048842154,-0.9362847033464362,1.3794676837217941e-06
"TCAD, programmed",1.4362847033317343,2.9789453426620716,-0.9362847033464362,1.3794676837217941e-06
"TCAD, programmed",1.4562847033318322,2.99436672412249,-0.9362847033464362,1.3794676837217941e-06
"TCAD, programmed",1.4762847033319302,3.009406244646453,-0.9362847033464362,1.3794676837217941e-06
"TCAD, programmed",1.4962847033320283,3.0240770241586996,-0.9362847033464362,1.3794676837217941e-06
"TCAD, programmed",1.516284703332126,3.0383915659010783,-0.9362847033464362,1.3794676837217941e-06
"TCAD, programmed",1.5362847033322242,3.052361845288295,-0.9362847033464362,1.3794676837217941e-06
"TCAD, programmed",1.5562847033323233,3.0659995046041613,-0.9362847033464362,1.3794676837217941e-06
"TCAD, programmed",1.57628470333242,3.079312539349356,-0.9362847033464362,1.3794676837217941e-06
"TCAD, programmed",1.5962847033325183,3.092307454445375,-0.9362847033464362,1.3794676837217941e-06
"TCAD, programmed",1.6162847033326173,3.105000271129204,-0.9362847033464362,1.3794676837217941e-06
"TCAD, programmed",1.6362847033327141,3.117387602652161,-0.9362847033464362,1.3794676837217941e-06
"TCAD, programmed",1.6562847033328123,3.129476618542991,-0.9362847033464362,1.3794676837217941e-06
"TCAD, programmed",1.6762847033329114,3.14129045784599,-0.9362847033464362,1.3794676837217941e-06
"TCAD, programmed",1.6962847033330082,3.152837035663109,-0.9362847033464362,1.3794676837217941e-06
"TCAD, programmed",1.7162847033331063,3.164124152517279,-0.9362847033464362,1.3794676837217941e-06
"TCAD, programmed",1.7362847033332052,3.1751582742742834,-0.9362847033464362,1.3794676837217941e-06
"TCAD, programmed",1.7562847033333022,3.1859344399394867,-0.9362847033464362,1.3794676837217941e-06
"TCAD, programmed",1.7762847033334013,3.1964709263280384,-0.9362847033464362,1.3794676837217941e-06
"TCAD, programmed",1.7962847033334992,3.206773415250631,-0.9362847033464362,1.3794676837217941e-06
"TCAD, programmed",1.8162847033335963,3.2168477030950875,-0.9362847033464362,1.3794676837217941e-06
"TCAD, programmed",1.8362847033336953,3.226699749232137,-0.9362847033464362,1.3794676837217941e-06
"TCAD, programmed",1.8562847033337933,3.2363353765470984,-0.9362847033464362,1.3794676837217941e-06
"TCAD, programmed",1.8762847033338903,3.2457607858596127,-0.9362847033464362,1.3794676837217941e-06
"TCAD, programmed",1.8962847033339894,3.2549823742368424,-0.9362847033464362,1.3794676837217941e-06
"TCAD, programmed",1.916284703334087,3.2640064901482737,-0.9362847033464362,1.3794676837217941e-06
"TCAD, programmed",1.9362847033341843,3.2728389929171104,-0.9362847033464362,1.3794676837217941e-06
"TCAD, programmed",1.956284703334286,3.281486382396578,-0.9362847033464362,1.3794676837217941e-06
"TCAD, programmed",1.9762847033343762,3.2899550904951895,-0.9362847033464362,1.3794676837217941e-06
"TCAD, programmed",1.9962847033344762,3.2982316815687978,-0.9362847033464362,1.3794676837217941e-06
"TCAD, programmed",2.016284703334576,3.3063330764664096,-0.9362847033464362,1.3794676837217941e-06
"TCAD, programmed",2.036284703334676,3.3142733947562837,-0.9362847033464362,1.3794676837217941e-06
"TCAD, programmed",2.0562847033347764,3.3220577548427,-0.9362847033464362,1.3794676837217941e-06
"TCAD, programmed",2.076284703334866,3.329691360843068,-0.9362847033464362,1.3794676837217941e-06
"TCAD, programmed",2.096284703334966,3.3371789094739692,-0.9362847033464362,1.3794676837217941e-06
"TCAD, programmed",2.116284703335066,3.344524937976653,-0.9362847033464362,1.3794676837217941e-06
"TCAD, programmed",2.1362847033351664,3.351733817291908,-0.9362847033464362,1.3794676837217941e-06
"TCAD, programmed",2.1562847033352663,3.3588097657956504,-0.9362847033464362,1.3794676837217941e-06
"TCAD, programmed",2.176284703335356,3.365756879042297,-0.9362847033464362,1.3794676837217941e-06
"TCAD, programmed",2.196284703335456,3.372579041750195,-0.9362847033464362,1.3794676837217941e-06
"TCAD, programmed",2.2162847033355564,3.379279866352916,-0.9362847033464362,1.3794676837217941e-06
"TCAD, programmed",2.2362847033356563,3.3858639112300097,-0.9362847033464362,1.3794676837217941e-06
"TCAD, programmed",2.2562847033357563,3.3922808019581168,-0.9362847033464362,1.3794676837217941e-06
"TCAD, programmed",2.2762847033358464,3.3985793816343906,-0.9362847033464362,1.3794676837217941e-06
"TCAD, programmed",2.2962847033359464,3.404771058956649,-0.9362847033464362,1.3794676837217941e-06
"TCAD, programmed",2.3162847033360463,3.4108583158197665,-0.9362847033464362,1.3794676837217941e-06
"TCAD, programmed",2.3362847033361462,3.4168437276951305,-0.9362847033464362,1.3794676837217941e-06
"TCAD, programmed",2.356284703336246,3.422729866655006,-0.9362847033464362,1.3794676837217941e-06
"TCAD, programmed",2.3762847033363363,3.428519261265825,-0.9362847033464362,1.3794676837217941e-06
"TCAD, programmed",2.3962847033364363,3.434214380777485,-0.9362847033464362,1.3794676837217941e-06
"TCAD, programmed",2.416284703336536,3.4398176279870314,-0.9362847033464362,1.3794676837217941e-06
"TCAD, programmed",2.436284703336636,3.445331337550654,-0.9362847033464362,1.3794676837217941e-06
"TCAD, programmed",2.456284703336736,3.450757745477871,-0.9362847033464362,1.3794676837217941e-06
"TCAD, programmed",2.4762847033368263,3.456098980762216,-0.9362847033464362,1.3794676837217941e-06
"TCAD, programmed",2.496284703336926,3.461357234763021,-0.9362847033464362,1.3794676837217941e-06
"TCAD, programmed",2.516284703337026,3.466534543920958,-0.9362847033464362,1.3794676837217941e-06
"TCAD, programmed",2.536284703337126,3.47163288201291,-0.9362847033464362,1.3794676837217941e-06
"TCAD, programmed",2.556284703337226,3.476654103987959,-0.9362847033464362,1.3794676837217941e-06
"TCAD, programmed",2.576284703337316,3.4816000996935883,-0.9362847033464362,1.3794676837217941e-06
"TCAD, programmed",2.596284703337416,3.4864726645798685,-0.9362847033464362,1.3794676837217941e-06
"TCAD, programmed",2.616284703337516,3.491273524002544,-0.9362847033464362,1.3794676837217941e-06
"TCAD, programmed",2.636284703337616,3.496004346669573,-0.9362847033464362,1.3794676837217941e-06
"TCAD, programmed",2.6562847033377164,3.5006667466370387,-0.9362847033464362,1.3794676837217941e-06
"TCAD, programmed",2.6762847033378163,3.5052622854149114,-0.9362847033464362,1.3794676837217941e-06
"TCAD, programmed",2.696284703337906,3.509792474289245,-0.9362847033464362,1.3794676837217941e-06
"TCAD, programmed",2.7162847033380064,3.514258776795716,-0.9362847033464362,1.3794676837217941e-06
"TCAD, programmed",2.7362847033381064,3.5186626112106225,-0.9362847033464362,1.3794676837217941e-06
"TCAD, programmed",2.7562847033382063,3.523005353629845,-0.9362847033464362,1.3794676837217941e-06
"TCAD, programmed",2.7762847033383062,3.527288343615189,-0.9362847033464362,1.3794676837217941e-06
"TCAD, programmed",2.7962847033383964,3.5315127957252823,-0.9362847033464362,1.3794676837217941e-06
"TCAD, programmed",2.8162847033384963,3.535679914841934,-0.9362847033464362,1.3794676837217941e-06
"TCAD, programmed",2.8362847033385963,3.5397910357368714,-0.9362847033464362,1.3794676837217941e-06
"TCAD, programmed",2.856284703338696,3.5438473282133858,-0.9362847033464362,1.3794676837217941e-06
"TCAD, programmed",2.876284703338796,3.5478499350821844,-0.9362847033464362,1.3794676837217941e-06
"TCAD, programmed",2.8962847033388863,3.551799968993788,-0.9362847033464362,1.3794676837217941e-06
"TCAD, programmed",2.9162847033389863,3.555698512670506,-0.9362847033464362,1.3794676837217941e-06
"TCAD, programmed",2.936284703339086,3.5595466196948093,-0.9362847033464362,1.3794676837217941e-06
"TCAD, programmed",2.956284703339186,3.563345315420758,-0.9362847033464362,1.3794676837217941e-06
"TCAD, programmed",2.9762847033392763,3.567095598080637,-0.9362847033464362,1.3794676837217941e-06
"TCAD, programmed",2.9962847033393762,3.5707984396223598,-0.9362847033464362,1.3794676837217941e-06
"TCAD, programmed",3.016284703339476,3.5744547864832183,-0.9362847033464362,1.3794676837217941e-06
"TCAD, programmed",3.036284703339576,3.5780655605305465,-0.9362847033464362,1.3794676837217941e-06
"TCAD, programmed",3.0562847033396765,3.5816316603927945,-0.9362847033464362,1.3794676837217941e-06
"TCAD, programmed",3.0762847033397764,3.5851539618287225,-0.9362847033464362,1.3794676837217941e-06
"TCAD, programmed",3.096284703339866,3.588633313525298,-0.9362847033464362,1.3794676837217941e-06
"TCAD, programmed",3.116284703339966,3.592070545653726,-0.9362847033464362,1.3794676837217941e-06
"TCAD, programmed",3.1362847033400665,3.595466471548036,-0.9362847033464362,1.3794676837217941e-06
"TCAD, programmed",3.1562847033401664,3.598821884023987,-0.9362847033464362,1.3794676837217941e-06
"TCAD, programmed",3.1762847033402664,3.602137553732561,-0.9362847033464362,1.3794676837217941e-06
"TCAD, programmed",3.1962847033403565,3.6054142340962034,-0.9362847033464362,1.3794676837217941e-06
"TCAD, programmed",3.2162847033404565,3.6086526604384157,-0.9362847033464362,1.3794676837217941e-06
"TCAD, programmed",3.2362847033405564,3.6118535476856146,-0.9362847033464362,1.3794676837217941e-06
"TCAD, programmed",3.2562847033406563,3.615017594898346,-0.9362847033464362,1.3794676837217941e-06
"TCAD, programmed",3.2762847033407563,3.61814548489644,-0.9362847033464362,1.3794676837217941e-06
"TCAD, programmed",3.2962847033408464,3.621237883062308,-0.9362847033464362,1.3794676837217941e-06
"TCAD, programmed",3.3162847033409464,3.624295441270997,-0.9362847033464362,1.3794676837217941e-06
"TCAD, programmed",3.3362847033410463,3.6273187871977264,-0.9362847033464362,1.3794676837217941e-06
"TCAD, programmed",3.3562847033411463,3.630308514870705,-0.9362847033464362,1.3794676837217941e-06
"TCAD, programmed",3.376284703341246,3.6332652620691612,-0.9362847033464362,1.3794676837217941e-06
"TCAD, programmed",3.3962847033413364,3.636189621167715,-0.9362847033464362,1.3794676837217941e-06
"TCAD, programmed",3.4162847033414363,3.639082172744727,-0.9362847033464362,1.3794676837217941e-06
"TCAD, programmed",3.4362847033415362,3.6419434806055047,-0.9362847033464362,1.3794676837217941e-06
"TCAD, programmed",3.456284703341636,3.6447740896944514,-0.9362847033464362,1.3794676837217941e-06
"TCAD, programmed",3.476284703341736,3.6475745527646595,-0.9362847033464362,1.3794676837217941e-06
"TCAD, programmed",3.4962847033418263,3.6503453950678817,-0.9362847033464362,1.3794676837217941e-06
"TCAD, programmed",3.516284703341926,3.6530871296234646,-0.9362847033464362,1.3794676837217941e-06
"TCAD, programmed",3.536284703342026,3.655800260017709,-0.9362847033464362,1.3794676837217941e-06
"TCAD, programmed",3.5562847033421265,3.6584852804774264,-0.9362847033464362,1.3794676837217941e-06
"TCAD, programmed",3.5762847033422265,3.6611426802087794,-0.9362847033464362,1.3794676837217941e-06
"TCAD, programmed",3.596284703342316,3.6637729424292735,-0.9362847033464362,1.3794676837217941e-06
"TCAD, programmed",3.616284703342416,3.666376544513451,-0.9362847033464362,1.3794676837217941e-06
"TCAD, programmed",3.6362847033425165,3.6689539601495818,-0.9362847033464362,1.3794676837217941e-06
"TCAD, programmed",3.6562847033426165,3.671505662909002,-0.9362847033464362,1.3794676837217941e-06
"TCAD, programmed",3.6762847033427164,3.6740321338591273,-0.9362847033464362,1.3794676837217941e-06
"TCAD, programmed",3.696284703342806,3.6765338781813797,-0.9362847033464362,1.3794676837217941e-06
"TCAD, programmed",3.7162847033429065,3.679011479744794,-0.9362847033464362,1.3794676837217941e-06
"TCAD, programmed",3.7362847033430064,3.681439024716159,-0.9362847033464362,1.3794676837217941e-06
"TCAD, programmed",3.7562847033431064,3.6838339070235624,-0.9362847033464362,1.3794676837217941e-06
"TCAD, programmed",3.7762847033432063,3.686205843835737,-0.9362847033464362,1.3794676837217941e-06
"TCAD, programmed",3.7962847033432965,3.6885550875976985,-0.9362847033464362,1.3794676837217941e-06
"TCAD, programmed",3.8162847033433964,3.6908819198169733,-0.9362847033464362,1.3794676837217941e-06
"TCAD, programmed",3.8362847033434964,3.693186637266725,-0.9362847033464362,1.3794676837217941e-06
"TCAD, programmed",3.8562847033435963,3.6954695423023307,-0.9362847033464362,1.3794676837217941e-06
"TCAD, programmed",3.8762847033436962,3.6977309384475747,-0.9362847033464362,1.3794676837217941e-06
"TCAD, programmed",3.8962847033437864,3.6999711280314314,-0.9362847033464362,1.3794676837217941e-06
"TCAD, programmed",3.9162847033438863,3.702190410833887,-0.9362847033464362,1.3794676837217941e-06
"TCAD, programmed",3.9362847033439863,3.7043890832424076,-0.9362847033464362,1.3794676837217941e-06
"TCAD, programmed",3.956284703344086,3.7065674377493094,-0.9362847033464362,1.3794676837217941e-06
"TCAD, programmed",3.976284703344186,3.708725762605196,-0.9362847033464362,1.3794676837217941e-06
"TCAD, programmed",3.9962847033442763,3.7108643416157387,-0.9362847033464362,1.3794676837217941e-06
"TCAD, programmed",4.016284703344376,3.7129834540337,-0.9362847033464362,1.3794676837217941e-06
"TCAD, programmed",4.036284703344476,3.7150833740209404,-0.9362847033464362,1.3794676837217941e-06
"TCAD, programmed",4.056284703344576,3.7171643717890017,-0.9362847033464362,1.3794676837217941e-06
"TCAD, programmed",4.076284703344676,3.719226712734358,-0.9362847033464362,1.3794676837217941e-06
"TCAD, programmed",4.096284703344766,3.721270657494997,-0.9362847033464362,1.3794676837217941e-06
"TCAD, programmed",4.116284703344866,3.723296462118746,-0.9362847033464362,1.3794676837217941e-06
"TCAD, programmed",4.136284703344966,3.7253043781476762,-0.9362847033464362,1.3794676837217941e-06
"TCAD, programmed",4.156284703345066,3.727294652644977,-0.9362847033464362,1.3794676837217941e-06
"TCAD, programmed",4.176284703345166,3.729267528094053,-0.9362847033464362,1.3794676837217941e-06
"TCAD, programmed",4.196284703345256,3.7312232427535728,-0.9362847033464362,1.3794676837217941e-06
"TCAD, programmed",4.216284703345356,3.7331620306900013,-0.9362847033464362,1.3794676837217941e-06
"TCAD, programmed",4.236284703345456,3.7350841217163033,-0.9362847033464362,1.3794676837217941e-06
"TCAD, programmed",4.256284703345556,3.736989741669666,-0.9362847033464362,1.3794676837217941e-06
"TCAD, programmed",4.276284703345656,3.7388791123483145,-0.9362847033464362,1.3794676837217941e-06
"TCAD, programmed",4.296284703345746,3.740752452033473,-0.9362847033464362,1.3794676837217941e-06
"TCAD, programmed",4.316284703345846,3.742609973267609,-0.9362847033464362,1.3794676837217941e-06
"TCAD, programmed",4.336284703345946,3.7444518829020534,-0.9362847033464362,1.3794676837217941e-06
"TCAD, programmed",4.356284703346046,3.7462783926461136,-0.9362847033464362,1.3794676837217941e-06
"TCAD, programmed",4.376284703346146,3.7480897019285964,-0.9362847033464362,1.3794676837217941e-06
"TCAD, programmed",4.396284703346236,3.749886042521597,-0.9362847033464362,1.3794676837217941e-06
"TCAD, programmed",4.416284703346336,3.751667492619056,-0.9362847033464362,1.3794676837217941e-06
"TCAD, programmed",4.436284703346436,3.753427358115187,-0.9362847033464362,1.3794676837217941e-06
"Liao 2022, erased",-3.708953996945783,,0.21347851334582113,4.2056467840873255e-07
"Liao 2022, erased",-3.358839727098072,,0.21347851334582113,4.2056467840873255e-07
"Liao 2022, erased",-3.0713211270994956,,0.21347851334582113,4.2056467840873255e-07
"Liao 2022, erased",-2.7824925176318294,,0.21347851334582113,4.2056467840873255e-07
"Liao 2022, erased",-2.556886104281124,,0.21347851334582113,4.2056467840873255e-07
"Liao 2022, erased",-2.2478947403761573,,0.21347851334582113,4.2056467840873255e-07
"Liao 2022, erased",-1.898634824530026,,0.21347851334582113,4.2056467840873255e-07
"Liao 2022, erased",-1.6407338299195757,,0.21347851334582113,4.2056467840873255e-07
"Liao 2022, erased",-1.393797044996076,,0.21347851334582113,4.2056467840873255e-07
"Liao 2022, erased",-1.1374054091217514,,0.21347851334582113,4.2056467840873255e-07
"Liao 2022, erased",-0.8816118210485343,,0.21347851334582113,4.2056467840873255e-07
"Liao 2022, erased",-0.6458670735457394,4.9600038422251185e-08,0.21347851334582113,4.2056467840873255e-07
"Liao 2022, erased",-0.39349090147884336,1.1751350073973697e-05,0.21347851334582113,4.2056467840873255e-07
"Liao 2022, erased",-0.1409438586116306,0.0035925560677315745,0.21347851334582113,4.2056467840873255e-07
"Liao 2022, erased",0.13017114455659862,0.11121928309091575,0.21347851334582113,4.2056467840873255e-07
"Liao 2022, erased",0.4622015880375222,1.204883839862222,0.21347851334582113,4.2056467840873255e-07
"Liao 2022, erased",0.6693824334208057,3.661467557948993,0.21347851334582113,4.2056467840873255e-07
"Liao 2022, erased",0.8966405978412341,6.079459006443579,0.21347851334582113,4.2056467840873255e-07
"Liao 2022, erased",1.1855261642423383,7.822843443501557,0.21347851334582113,4.2056467840873255e-07
"Liao 2022, erased",1.4952579682820106,12.98044550221195,0.21347851334582113,4.2056467840873255e-07
"Liao 2022, erased",1.7632972970445486,12.95281157825834,0.21347851334582113,4.2056467840873255e-07
"Liao 2022, erased",2.2373498540548797,10.662381020551132,0.21347851334582113,4.2056467840873255e-07
"Liao 2022, erased",2.5467399164939195,12.079097336202087,0.21347851334582113,4.2056467840873255e-07
"Liao 2022, erased",2.9178712947805105,12.043506460103728,0.21347851334582113,4.2056467840873255e-07
"Liao 2022, erased",3.227204400286111,12.802922604946291,0.21347851334582113,4.2056467840873255e-07
"Liao 2022, programmed",-2.5749277910075774,,-0.9250722089924226,6.18187674001928e-07
"Liao 2022, programmed",-2.1749277910075775,,-0.9250722089924226,6.18187674001928e-07
"Liao 2022, programmed",-1.7749277910075776,,-0.9250722089924226,6.18187674001928e-07
"Liao 2022, programmed",-1.3749277910075772,,-0.9250722089924226,6.18187674001928e-07
"Liao 2022, programmed",-0.9749277910075773,,-0.9250722089924226,6.18187674001928e-07
"Liao 2022, programmed",-0.5749277910075774,,-0.9250722089924226,6.18187674001928e-07
"Liao 2022, programmed",-0.1749277910075775,1.020725625140875e-05,-0.9250722089924226,6.18187674001928e-07
"Liao 2022, programmed",0.013572208992422619,0.025577003498766918,-0.9250722089924226,6.18187674001928e-07
"Liao 2022, programmed",0.20757220899242257,0.14858456019375604,-0.9250722089924226,6.18187674001928e-07
"Liao 2022, programmed",0.3945722089924226,0.909862850113425,-0.9250722089924226,6.18187674001928e-07
"Liao 2022, programmed",0.5920722089924226,4.189666195110715,-0.9250722089924226,6.18187674001928e-07
"Liao 2022, programmed",0.9530722089924226,6.312806552689385,-0.9250722089924226,6.18187674001928e-07
"Liao 2022, programmed",1.5000722089924226,7.360224396816121,-0.9250722089924226,6.18187674001928e-07
"Liao 2022, programmed",1.8090722089924225,7.344048079460477,-0.9250722089924226,6.18187674001928e-07
"Liao 2022, programmed",2.2420722089924228,7.796984965418393,-0.9250722089924226,6.18187674001928e-07
