node,vmax_V,branch,t_s,V_V,P_uC_cm2,E_MV_cm
mfm_pe196,1.96,up,0.0,-1.96,32.0,2.8
mfm_pe196,1.96,up,0.005,-1.9404,31.99557,2.772
mfm_pe196,1.96,up,0.01,-1.9208,31.99094,2.744
mfm_pe196,1.96,up,0.015,-1.9012,31.9861,2.716
mfm_pe196,1.96,up,0.02,-1.8816,31.98105,2.688
mfm_pe196,1.96,up,0.025,-1.862,31.97577,2.66
mfm_pe196,1.96,up,0.03,-1.8424,31.97026,2.632
mfm_pe196,1.96,up,0.035,-1.8228,31.96449,2.604
mfm_pe196,1.96,up,0.04,-1.8032,31.95847,2.576
mfm_pe196,1.96,up,0.045,-1.7836,31.95218,2.548
mfm_pe196,1.96,up,0.05,-1.764,31.94561,2.52
mfm_pe196,1.96,up,0.055,-1.7444,31.93875,2.492
mfm_pe196,1.96,up,0.06,-1.7248,31.93158,2.464
mfm_pe196,1.96,up,0.065,-1.7052,31.92408,2.436
mfm_pe196,1.96,up,0.07,-1.6856,31.91626,2.408
mfm_pe196,1.96,up,0.075,-1.666,31.90808,2.38
mfm_pe196,1.96,up,0.08,-1.6464,31.89953,2.352
mfm_pe196,1.96,up,0.085,-1.6268,31.89061,2.324
mfm_pe196,1.96,up,0.09,-1.6072,31.88129,2.296
mfm_pe196,1.96,up,0.095,-1.5876,31.87155,2.268
mfm_pe196,1.96,up,0.1,-1.568,31.86137,2.24
mfm_pe196,1.96,up,0.105,-1.5484,31.85075,2.212
mfm_pe196,1.96,up,0.11,-1.5288,31.83964,2.184
mfm_pe196,1.96,up,0.115,-1.5092,31.82805,2.156
mfm_pe196,1.96,up,0.12,-1.4896,31.81593,2.128
mfm_pe196,1.96,up,0.125,-1.47,31.80328,2.1
mfm_pe196,1.96,up,0.13,-1.4504,31.79006,2.072
mfm_pe196,1.96,up,0.135,-1.4308,31.77625,2.044
mfm_pe196,1.96,up,0.14,-1.4112,31.76183,2.016
mfm_pe196,1.96,up,0.145,-1.3916,31.74677,1.988
mfm_pe196,1.96,up,0.15,-1.372,31.73104,1.96
mfm_pe196,1.96,up,0.155,-1.3524,31.71461,1.932
mfm_pe196,1.96,up,0.16,-1.3328,31.69744,1.904
mfm_pe196,1.96,up,0.165,-1.3132,31.67952,1.876
mfm_pe196,1.96,up,0.17,-1.2936,31.6608,1.848
mfm_pe196,1.96,up,0.175,-1.274,31.64125,1.82
mfm_pe196,1.96,up,0.18,-1.2544,31.62083,1.792
mfm_pe196,1.96,up,0.185,-1.2348,31.59951,1.764
mfm_pe196,1.96,up,0.19,-1.2152,31.57724,1.736
mfm_pe196,1.96,up,0.195,-1.1956,31.55399,1.708
mfm_pe196,1.96,up,0.2,-1.176,31.52971,1.68
mfm_pe196,1.96,up,0.205,-1.1564,31.50436,1.652
mfm_pe196,1.96,up,0.21,-1.1368,31.47789,1.624
mfm_pe196,1.96,up,0.215,-1.1172,31.45024,1.596
mfm_pe196,1.96,up,0.22,-1.0976,31.42138,1.568
mfm_pe196,1.96,up,0.225,-1.078,31.39125,1.54
mfm_pe196,1.96,up,0.23,-1.0584,31.35979,1.512
mfm_pe196,1.96,up,0.235,-1.0388,31.32695,1.484
mfm_pe196,1.96,up,0.24,-1.0192,31.29266,1.456
mfm_pe196,1.96,up,0.245,-0.9996,31.25687,1.428
mfm_pe196,1.96,up,0.25,-0.98,31.21951,1.4
mfm_pe196,1.96,up,0.255,-0.9604,31.18052,1.372
mfm_pe196,1.96,up,0.26,-0.9408,31.13981,1.344
mfm_pe196,1.96,up,0.265,-0.9212,31.09733,1.316
mfm_pe196,1.96,up,0.27,-0.9016,31.05299,1.288
mfm_pe196,1.96,up,0.275,-0.882,31.00673,1.26
mfm_pe196,1.96,up,0.28,-0.8624,30.95844,1.232
mfm_pe196,1.96,up,0.285,-0.8428,30.90806,1.204
mfm_pe196,1.96,up,0.29,-0.8232,30.85549,1.176
mfm_pe196,1.96,up,0.295,-0.8036,30.80064,1.148
mfm_pe196,1.96,up,0.3,-0.784,30.74342,1.12
mfm_pe196,1.96,up,0.305,-0.7644,30.68373,1.092
mfm_pe196,1.96,up,0.31,-0.7448,30.62146,1.064
mfm_pe196,1.96,up,0.315,-0.7252,30.55651,1.036
mfm_pe196,1.96,up,0.32,-0.7056,30.48878,1.008
mfm_pe196,1.96,up,0.325,-0.686,30.41813,0.98
mfm_pe196,1.96,up,0.33,-0.6664,30.34447,0.952
mfm_pe196,1.96,up,0.335,-0.6468,30.26766,0.924
mfm_pe196,1.96,up,0.34,-0.6272,30.18758,0.896
mfm_pe196,1.96,up,0.345,-0.6076,30.1041,0.868
mfm_pe196,1.96,up,0.35,-0.588,30.01708,0.84
mfm_pe196,1.96,up,0.355,-0.5684,29.92638,0.812
mfm_pe196,1.96,up,0.36,-0.5488,29.83185,0.784
mfm_pe196,1.96,up,0.365,-0.5292,29.73335,0.756
mfm_pe196,1.96,up,0.37,-0.5096,29.63072,0.728
mfm_pe196,1.96,up,0.375,-0.49,29.52381,0.7
mfm_pe196,1.96,up,0.38,-0.4704,29.41244,0.672
mfm_pe196,1.96,up,0.385,-0.4508,29.29645,0.644
mfm_pe196,1.96,up,0.39,-0.4312,29.17566,0.616
mfm_pe196,1.96,up,0.395,-0.4116,29.0499,0.588
mfm_pe196,1.96,up,0.4,-0.392,28.91897,0.56
mfm_pe196,1.96,up,0.405,-0.3724,28.78269,0.532
mfm_pe196,1.96,up,0.41,-0.3528,28.64086,0.504
mfm_pe196,1.96,up,0.415,-0.3332,28.49329,0.476
mfm_pe196,1.96,up,0.42,-0.3136,28.33976,0.448
mfm_pe196,1.96,up,0.425,-0.294,28.18006,0.42
mfm_pe196,1.96,up,0.43,-0.2744,28.01399,0.392
mfm_pe196,1.96,up,0.435,-0.2548,27.84132,0.364
mfm_pe196,1.96,up,0.44,-0.2352,27.66183,0.336
mfm_pe196,1.96,up,0.445,-0.2156,27.47529,0.308
mfm_pe196,1.96,up,0.45,-0.196,27.28146,0.28
mfm_pe196,1.96,up,0.455,-0.1764,27.08011,0.252
mfm_pe196,1.96,up,0.46,-0.1568,26.871,0.224
mfm_pe196,1.96,up,0.465,-0.1372,26.65388,0.196
mfm_pe196,1.96,up,0.47,-0.1176,26.42851,0.168
mfm_pe196,1.96,up,0.475,-0.098,26.19463,0.14
mfm_pe196,1.96,up,0.48,-0.0784,25.95201,0.112
mfm_pe196,1.96,up,0.485,-0.0588,25.70037,0.084
mfm_pe196,1.96,up,0.49,-0.0392,25.43948,0.056
mfm_pe196,1.96,up,0.495,-0.0196,25.16907,0.028
mfm_pe196,1.96,up,0.5,1.332268e-15,24.88889,-3.666897e-15
mfm_pe196,1.96,up,0.505,0.0196,24.59868,-0.028
mfm_pe196,1.96,up,0.51,0.0392,24.2982,-0.056
mfm_pe196,1.96,up,0.515,0.0588,23.98719,-0.084
mfm_pe196,1.96,up,0.52,0.0784,23.66541,-0.112
mfm_pe196,1.96,up,0.525,0.098,23.33261,-0.14
mfm_pe196,1.96,up,0.53,0.1176,22.98856,-0.168
mfm_pe196,1.96,up,0.535,0.1372,22.63302,-0.196
mfm_pe196,1.96,up,0.54,0.1568,22.26577,-0.224
mfm_pe196,1.96,up,0.545,0.1764,21.8866,-0.252
mfm_pe196,1.96,up,0.55,0.196,21.4953,-0.28
mfm_pe196,1.96,up,0.555,0.2156,21.09167,-0.308
mfm_pe196,1.96,up,0.56,0.2352,20.67553,-0.336
mfm_pe196,1.96,up,0.565,0.2548,20.24671,-0.364
mfm_pe196,1.96,up,0.57,0.2744,19.80505,-0.392
mfm_pe196,1.96,up,0.575,0.294,19.35041,-0.42
mfm_pe196,1.96,up,0.58,0.3136,18.88268,-0.448
mfm_pe196,1.96,up,0.585,0.3332,18.40175,-0.476
mfm_pe196,1.96,up,0.59,0.3528,17.90754,-0.504
mfm_pe196,1.96,up,0.595,0.3724,17.39998,-0.532
mfm_pe196,1.96,up,0.6,0.392,16.87904,-0.56
mfm_pe196,1.96,up,0.605,0.4116,16.34471,-0.588
mfm_pe196,1.96,up,0.61,0.4312,15.79699,-0.616
mfm_pe196,1.96,up,0.615,0.4508,15.23593,-0.644
mfm_pe196,1.96,up,0.62,0.4704,14.66159,-0.672
mfm_pe196,1.96,up,0.625,0.49,14.07407,-0.7
mfm_pe196,1.96,up,0.63,0.5096,13.47351,-0.728
mfm_pe196,1.96,up,0.635,0.5292,12.86005,-0.756
mfm_pe196,1.96,up,0.64,0.5488,12.2339,-0.784
mfm_pe196,1.96,up,0.645,0.5684,11.59527,-0.812
mfm_pe196,1.96,up,0.65,0.588,10.94442,-0.84
mfm_pe196,1.96,up,0.655,0.6076,10.28165,-0.868
mfm_pe196,1.96,up,0.66,0.6272,9.607281,-0.896
mfm_pe196,1.96,up,0.665,0.6468,8.921677,-0.924
mfm_pe196,1.96,up,0.67,0.6664,8.225231,-0.952
mfm_pe196,1.96,up,0.675,0.686,7.518373,-0.98
mfm_pe196,1.96,up,0.68,0.7056,6.801565,-1.008
mfm_pe196,1.96,up,0.685,0.7252,6.0753,-1.036
mfm_pe196,1.96,up,0.69,0.7448,5.340107,-1.064
mfm_pe196,1.96,up,0.695,0.7644,4.596541,-1.092
mfm_pe196,1.96,up,0.7,0.784,3.845188,-1.12
mfm_pe196,1.96,up,0.705,0.8036,3.086663,-1.148
mfm_pe196,1.96,up,0.71,0.8232,2.321603,-1.176
mfm_pe196,1.96,up,0.715,0.8428,1.550672,-1.204
mfm_pe196,1.96,up,0.72,0.8624,0.7745552,-1.232
mfm_pe196,1.96,up,0.725,0.882,-0.006044704,-1.26
mfm_pe196,1.96,up,0.73,0.9016,-0.7904065,-1.288
mfm_pe196,1.96,up,0.735,0.9212,-1.577795,-1.316
mfm_pe196,1.96,up,0.74,0.9408,-2.367464,-1.344
mfm_pe196,1.96,up,0.745,0.9604,-3.158659,-1.372
mfm_pe196,1.96,up,0.75,0.98,-3.950617,-1.4
mfm_pe196,1.96,up,0.755,0.9996,-4.742576,-1.428
mfm_pe196,1.96,up,0.76,1.0192,-5.53377,-1.456
mfm_pe196,1.96,up,0.765,1.0388,-6.323439,-1.484
mfm_pe196,1.96,up,0.77,1.0584,-7.110828,-1.512
mfm_pe196,1.96,up,0.775,1.078,-7.89519,-1.54
mfm_pe196,1.96,up,0.78,1.0976,-8.67579,-1.568
mfm_pe196,1.96,up,0.785,1.1172,-9.451907,-1.596
mfm_pe196,1.96,up,0.79,1.1368,-10.22284,-1.624
mfm_pe196,1.96,up,0.795,1.1564,-10.9879,-1.652
mfm_pe196,1.96,up,0.8,1.176,-11.74642,-1.68
mfm_pe196,1.96,up,0.805,1.1956,-12.49778,-1.708
mfm_pe196,1.96,up,0.81,1.2152,-13.24134,-1.736
mfm_pe196,1.96,up,0.815,1.2348,-13.97653,-1.764
mfm_pe196,1.96,up,0.82,1.2544,-14.7028,-1.792
mfm_pe196,1.96,up,0.825,1.274,-15.41961,-1.82
mfm_pe196,1.96,up,0.83,1.2936,-16.12647,-1.848
mfm_pe196,1.96,up,0.835,1.3132,-16.82291,-1.876
mfm_pe196,1.96,up,0.84,1.3328,-17.50852,-1.904
mfm_pe196,1.96,up,0.845,1.3524,-18.18288,-1.932
mfm_pe196,1.96,up,0.85,1.372,-18.84565,-1.96
mfm_pe196,1.96,up,0.855,1.3916,-19.4965,-1.988
mfm_pe196,1.96,up,0.86,1.4112,-20.13513,-2.016
mfm_pe196,1.96,up,0.865,1.4308,-20.76129,-2.044
mfm_pe196,1.96,up,0.87,1.4504,-21.37474,-2.072
mfm_pe196,1.96,up,0.875,1.47,-21.97531,-2.1
mfm_pe196,1.96,up,0.88,1.4896,-22.56282,-2.128
mfm_pe196,1.96,up,0.885,1.5092,-23.13716,-2.156
mfm_pe196,1.96,up,0.89,1.5288,-23.69822,-2.184
mfm_pe196,1.96,up,0.895,1.5484,-24.24594,-2.212
mfm_pe196,1.96,up,0.9,1.568,-24.78028,-2.24
mfm_pe196,1.96,up,0.905,1.5876,-25.30122,-2.268
mfm_pe196,1.96,up,0.91,1.6072,-25.80877,-2.296
mfm_pe196,1.96,up,0.915,1.6268,-26.30299,-2.324
mfm_pe196,1.96,up,0.92,1.6464,-26.78392,-2.352
mfm_pe196,1.96,up,0.925,1.666,-27.25165,-2.38
mfm_pe196,1.96,up,0.93,1.6856,-27.70628,-2.408
mfm_pe196,1.96,up,0.935,1.7052,-28.14794,-2.436
mfm_pe196,1.96,up,0.94,1.7248,-28.57676,-2.464
mfm_pe196,1.96,up,0.945,1.7444,-28.9929,-2.492
mfm_pe196,1.96,up,0.95,1.764,-29.39653,-2.52
mfm_pe196,1.96,up,0.955,1.7836,-29.78784,-2.548
mfm_pe196,1.96,up,0.96,1.8032,-30.16701,-2.576
mfm_pe196,1.96,up,0.965,1.8228,-30.53426,-2.604
mfm_pe196,1.96,up,0.97,1.8424,-30.88979,-2.632
mfm_pe196,1.96,up,0.975,1.862,-31.23385,-2.66
mfm_pe196,1.96,up,0.98,1.8816,-31.56664,-2.688
mfm_pe196,1.96,up,0.985,1.9012,-31.88843,-2.716
mfm_pe196,1.96,up,0.99,1.9208,-32.19944,-2.744
mfm_pe196,1.96,up,0.995,1.9404,-32.49992,-2.772
mfm_pe196,1.96,up,1.0,1.96,-32.79012,-2.8
mfm_pe196,1.96,down,0.0,1.96,-32.79012,-2.8
mfm_pe196,1.96,down,0.005,1.9404,-32.78569,-2.772
mfm_pe196,1.96,down,0.01,1.9208,-32.78106,-2.744
mfm_pe196,1.96,down,0.015,1.9012,-32.77623,-2.716
mfm_pe196,1.96,down,0.02,1.8816,-32.77117,-2.688
mfm_pe196,1.96,down,0.025,1.862,-32.7659,-2.66
mfm_pe196,1.96,down,0.03,1.8424,-32.76038,-2.632
mfm_pe196,1.96,down,0.035,1.8228,-32.75462,-2.604
mfm_pe196,1.96,down,0.04,1.8032,-32.7486,-2.576
mfm_pe196,1.96,down,0.045,1.7836,-32.74231,-2.548
mfm_pe196,1.96,down,0.05,1.764,-32.73574,-2.52
mfm_pe196,1.96,down,0.055,1.7444,-32.72887,-2.492
mfm_pe196,1.96,down,0.06,1.7248,-32.7217,-2.464
mfm_pe196,1.96,down,0.065,1.7052,-32.71421,-2.436
mfm_pe196,1.96,down,0.07,1.6856,-32.70638,-2.408
mfm_pe196,1.96,down,0.075,1.666,-32.6982,-2.38
mfm_pe196,1.96,down,0.08,1.6464,-32.68966,-2.352
mfm_pe196,1.96,down,0.085,1.6268,-32.68073,-2.324
mfm_pe196,1.96,down,0.09,1.6072,-32.67141,-2.296
mfm_pe196,1.96,down,0.095,1.5876,-32.66167,-2.268
mfm_pe196,1.96,down,0.1,1.568,-32.6515,-2.24
mfm_pe196,1.96,down,0.105,1.5484,-32.64087,-2.212
mfm_pe196,1.96,down,0.11,1.5288,-32.62977,-2.184
mfm_pe196,1.96,down,0.115,1.5092,-32.61817,-2.156
mfm_pe196,1.96,down,0.12,1.4896,-32.60606,-2.128
mfm_pe196,1.96,down,0.125,1.47,-32.5934,-2.1
mfm_pe196,1.96,down,0.13,1.4504,-32.58018,-2.072
mfm_pe196,1.96,down,0.135,1.4308,-32.56638,-2.044
mfm_pe196,1.96,down,0.14,1.4112,-32.55196,-2.016
mfm_pe196,1.96,down,0.145,1.3916,-32.53689,-1.988
mfm_pe196,1.96,down,0.15,1.372,-32.52116,-1.96
mfm_pe196,1.96,down,0.155,1.3524,-32.50473,-1.932
mfm_pe196,1.96,down,0.16,1.3328,-32.48757,-1.904
mfm_pe196,1.96,down,0.165,1.3132,-32.46964,-1.876
mfm_pe196,1.96,down,0.17,1.2936,-32.45092,-1.848
mfm_pe196,1.96,down,0.175,1.274,-32.43137,-1.82
mfm_pe196,1.96,down,0.18,1.2544,-32.41096,-1.792
mfm_pe196,1.96,down,0.185,1.2348,-32.38963,-1.764
mfm_pe196,1.96,down,0.19,1.2152,-32.36737,-1.736
mfm_pe196,1.96,down,0.195,1.1956,-32.34412,-1.708
mfm_pe196,1.96,down,0.2,1.176,-32.31984,-1.68
mfm_pe196,1.96,down,0.205,1.1564,-32.29448,-1.652
mfm_pe196,1.96,down,0.21,1.1368,-32.26801,-1.624
mfm_pe196,1.96,down,0.215,1.1172,-32.24037,-1.596
mfm_pe196,1.96,down,0.22,1.0976,-32.21151,-1.568
mfm_pe196,1.96,down,0.225,1.078,-32.18137,-1.54
mfm_pe196,1.96,down,0.23,1.0584,-32.14991,-1.512
mfm_pe196,1.96,down,0.235,1.0388,-32.11707,-1.484
mfm_pe196,1.96,down,0.24,1.0192,-32.08279,-1.456
mfm_pe196,1.96,down,0.245,0.9996,-32.047,-1.428
mfm_pe196,1.96,down,0.25,0.98,-32.00964,-1.4
mfm_pe196,1.96,down,0.255,0.9604,-31.97064,-1.372
mfm_pe196,1.96,down,0.26,0.9408,-31.92994,-1.344
mfm_pe196,1.96,down,0.265,0.9212,-31.88745,-1.316
mfm_pe196,1.96,down,0.27,0.9016,-31.84312,-1.288
mfm_pe196,1.96,down,0.275,0.882,-31.79685,-1.26
mfm_pe196,1.96,down,0.28,0.8624,-31.74857,-1.232
mfm_pe196,1.96,down,0.285,0.8428,-31.69818,-1.204
mfm_pe196,1.96,down,0.29,0.8232,-31.64561,-1.176
mfm_pe196,1.96,down,0.295,0.8036,-31.59077,-1.148
mfm_pe196,1.96,down,0.3,0.784,-31.53354,-1.12
mfm_pe196,1.96,down,0.305,0.7644,-31.47385,-1.092
mfm_pe196,1.96,down,0.31,0.7448,-31.41158,-1.064
mfm_pe196,1.96,down,0.315,0.7252,-31.34664,-1.036
mfm_pe196,1.96,down,0.32,0.7056,-31.2789,-1.008
mfm_pe196,1.96,down,0.325,0.686,-31.20826,-0.98
mfm_pe196,1.96,down,0.33,0.6664,-31.13459,-0.952
mfm_pe196,1.96,down,0.335,0.6468,-31.05779,-0.924
mfm_pe196,1.96,down,0.34,0.6272,-30.9777,-0.896
mfm_pe196,1.96,down,0.345,0.6076,-30.89422,-0.868
mfm_pe196,1.96,down,0.35,0.588,-30.8072,-0.84
mfm_pe196,1.96,down,0.355,0.5684,-30.7165,-0.812
mfm_pe196,1.96,down,0.36,0.5488,-30.62197,-0.784
mfm_pe196,1.96,down,0.365,0.5292,-30.52348,-0.756
mfm_pe196,1.96,down,0.37,0.5096,-30.42085,-0.728
mfm_pe196,1.96,down,0.375,0.49,-30.31393,-0.7
mfm_pe196,1.96,down,0.38,0.4704,-30.20256,-0.672
mfm_pe196,1.96,down,0.385,0.4508,-30.08657,-0.644
mfm_pe196,1.96,down,0.39,0.4312,-29.96579,-0.616
mfm_pe196,1.96,down,0.395,0.4116,-29.84002,-0.588
mfm_pe196,1.96,down,0.4,0.392,-29.70909,-0.56
mfm_pe196,1.96,down,0.405,0.3724,-29.57281,-0.532
mfm_pe196,1.96,down,0.41,0.3528,-29.43099,-0.504
mfm_pe196,1.96,down,0.415,0.3332,-29.28341,-0.476
mfm_pe196,1.96,down,0.42,0.3136,-29.12988,-0.448
mfm_pe196,1.96,down,0.425,0.294,-28.97019,-0.42
mfm_pe196,1.96,down,0.43,0.2744,-28.80412,-0.392
mfm_pe196,1.96,down,0.435,0.2548,-28.63145,-0.364
mfm_pe196,1.96,down,0.44,0.2352,-28.45195,-0.336
mfm_pe196,1.96,down,0.445,0.2156,-28.26541,-0.308
mfm_pe196,1.96,down,0.45,0.196,-28.07158,-0.28
mfm_pe196,1.96,down,0.455,0.1764,-27.87023,-0.252
mfm_pe196,1.96,down,0.46,0.1568,-27.66112,-0.224
mfm_pe196,1.96,down,0.465,0.1372,-27.444,-0.196
mfm_pe196,1.96,down,0.47,0.1176,-27.21863,-0.168
mfm_pe196,1.96,down,0.475,0.098,-26.98476,-0.14
mfm_pe196,1.96,down,0.48,0.0784,-26.74213,-0.112
mfm_pe196,1.96,down,0.485,0.0588,-26.4905,-0.084
mfm_pe196,1.96,down,0.49,0.0392,-26.2296,-0.056
mfm_pe196,1.96,down,0.495,0.0196,-25.95919,-0.028
mfm_pe196,1.96,down,0.5,-1.332268e-15,-25.67901,7.614808e-15
mfm_pe196,1.96,down,0.505,-0.0196,-25.38881,0.028
mfm_pe196,1.96,down,0.51,-0.0392,-25.08832,0.056
mfm_pe196,1.96,down,0.515,-0.0588,-24.77732,0.084
mfm_pe196,1.96,down,0.52,-0.0784,-24.45553,0.112
mfm_pe196,1.96,down,0.525,-0.098,-24.12273,0.14
mfm_pe196,1.96,down,0.53,-0.1176,-23.77868,0.168
mfm_pe196,1.96,down,0.535,-0.1372,-23.42314,0.196
mfm_pe196,1.96,down,0.54,-0.1568,-23.0559,0.224
mfm_pe196,1.96,down,0.545,-0.1764,-22.67672,0.252
mfm_pe196,1.96,down,0.55,-0.196,-22.28542,0.28
mfm_pe196,1.96,down,0.555,-0.2156,-21.88179,0.308
mfm_pe196,1.96,down,0.56,-0.2352,-21.46565,0.336
mfm_pe196,1.96,down,0.565,-0.2548,-21.03683,0.364
mfm_pe196,1.96,down,0.57,-0.2744,-20.59517,0.392
mfm_pe196,1.96,down,0.575,-0.294,-20.14054,0.42
mfm_pe196,1.96,down,0.58,-0.3136,-19.67281,0.448
mfm_pe196,1.96,down,0.585,-0.3332,-19.19188,0.476
mfm_pe196,1.96,down,0.59,-0.3528,-18.69766,0.504
mfm_pe196,1.96,down,0.595,-0.3724,-18.19011,0.532
mfm_pe196,1.96,down,0.6,-0.392,-17.66917,0.56
mfm_pe196,1.96,down,0.605,-0.4116,-17.13483,0.588
mfm_pe196,1.96,down,0.61,-0.4312,-16.58711,0.616
mfm_pe196,1.96,down,0.615,-0.4508,-16.02605,0.644
mfm_pe196,1.96,down,0.62,-0.4704,-15.45171,0.672
mfm_pe196,1.96,down,0.625,-0.49,-14.8642,0.7
mfm_pe196,1.96,down,0.63,-0.5096,-14.26363,0.728
mfm_pe196,1.96,down,0.635,-0.5292,-13.65018,0.756
mfm_pe196,1.96,down,0.64,-0.5488,-13.02402,0.784
mfm_pe196,1.96,down,0.645,-0.5684,-12.38539,0.812
mfm_pe196,1.96,down,0.65,-0.588,-11.73454,0.84
mfm_pe196,1.96,down,0.655,-0.6076,-11.07177,0.868
mfm_pe196,1.96,down,0.66,-0.6272,-10.3974,0.896
mfm_pe196,1.96,down,0.665,-0.6468,-9.7118,0.924
mfm_pe196,1.96,down,0.67,-0.6664,-9.015355,0.952
mfm_pe196,1.96,down,0.675,-0.686,-8.308497,0.98
mfm_pe196,1.96,down,0.68,-0.7056,-7.591688,1.008
mfm_pe196,1.96,down,0.685,-0.7252,-6.865424,1.036
mfm_pe196,1.96,down,0.69,-0.7448,-6.13023,1.064
mfm_pe196,1.96,down,0.695,-0.7644,-5.386664,1.092
mfm_pe196,1.96,down,0.7,-0.784,-4.635312,1.12
mfm_pe196,1.96,down,0.705,-0.8036,-3.876786,1.148
mfm_pe196,1.96,down,0.71,-0.8232,-3.111727,1.176
mfm_pe196,1.96,down,0.715,-0.8428,-2.340796,1.204
mfm_pe196,1.96,down,0.72,-0.8624,-1.564679,1.232
mfm_pe196,1.96,down,0.725,-0.882,-0.7840788,1.26
mfm_pe196,1.96,down,0.73,-0.9016,0.0002830399,1.288
mfm_pe196,1.96,down,0.735,-0.9212,0.7876718,1.316
mfm_pe196,1.96,down,0.74,-0.9408,1.577341,1.344
mfm_pe196,1.96,down,0.745,-0.9604,2.368535,1.372
mfm_pe196,1.96,down,0.75,-0.98,3.160494,1.4
mfm_pe196,1.96,down,0.755,-0.9996,3.952452,1.428
mfm_pe196,1.96,down,0.76,-1.0192,4.743647,1.456
mfm_pe196,1.96,down,0.765,-1.0388,5.533316,1.484
mfm_pe196,1.96,down,0.77,-1.0584,6.320705,1.512
mfm_pe196,1.96,down,0.775,-1.078,7.105066,1.54
mfm_pe196,1.96,down,0.78,-1.0976,7.885666,1.568
mfm_pe196,1.96,down,0.785,-1.1172,8.661783,1.596
mfm_pe196,1.96,down,0.79,-1.1368,9.432714,1.624
mfm_pe196,1.96,down,0.795,-1.1564,10.19777,1.652
mfm_pe196,1.96,down,0.8,-1.176,10.9563,1.68
mfm_pe196,1.96,down,0.805,-1.1956,11.70765,1.708
mfm_pe196,1.96,down,0.81,-1.2152,12.45122,1.736
mfm_pe196,1.96,down,0.815,-1.2348,13.18641,1.764
mfm_pe196,1.96,down,0.82,-1.2544,13.91268,1.792
mfm_pe196,1.96,down,0.825,-1.274,14.62948,1.82
mfm_pe196,1.96,down,0.83,-1.2936,15.33634,1.848
mfm_pe196,1.96,down,0.835,-1.3132,16.03279,1.876
mfm_pe196,1.96,down,0.84,-1.3328,16.71839,1.904
mfm_pe196,1.96,down,0.845,-1.3524,17.39276,1.932
mfm_pe196,1.96,down,0.85,-1.372,18.05553,1.96
mfm_pe196,1.96,down,0.855,-1.3916,18.70638,1.988
mfm_pe196,1.96,down,0.86,-1.4112,19.34501,2.016
mfm_pe196,1.96,down,0.865,-1.4308,19.97116,2.044
mfm_pe196,1.96,down,0.87,-1.4504,20.58462,2.072
mfm_pe196,1.96,down,0.875,-1.47,21.18519,2.1
mfm_pe196,1.96,down,0.88,-1.4896,21.7727,2.128
mfm_pe196,1.96,down,0.885,-1.5092,22.34704,2.156
mfm_pe196,1.96,down,0.89,-1.5288,22.9081,2.184
mfm_pe196,1.96,down,0.895,-1.5484,23.45582,2.212
mfm_pe196,1.96,down,0.9,-1.568,23.99015,2.24
mfm_pe196,1.96,down,0.905,-1.5876,24.51109,2.268
mfm_pe196,1.96,down,0.91,-1.6072,25.01865,2.296
mfm_pe196,1.96,down,0.915,-1.6268,25.51286,2.324
mfm_pe196,1.96,down,0.92,-1.6464,25.9938,2.352
mfm_pe196,1.96,down,0.925,-1.666,26.46153,2.38
mfm_pe196,1.96,down,0.93,-1.6856,26.91616,2.408
mfm_pe196,1.96,down,0.935,-1.7052,27.35782,2.436
mfm_pe196,1.96,down,0.94,-1.7248,27.78664,2.464
mfm_pe196,1.96,down,0.945,-1.7444,28.20278,2.492
mfm_pe196,1.96,down,0.95,-1.764,28.60641,2.52
mfm_pe196,1.96,down,0.955,-1.7836,28.99771,2.548
mfm_pe196,1.96,down,0.96,-1.8032,29.37688,2.576
mfm_pe196,1.96,down,0.965,-1.8228,29.74413,2.604
mfm_pe196,1.96,down,0.97,-1.8424,30.09967,2.632
mfm_pe196,1.96,down,0.975,-1.862,30.44372,2.66
mfm_pe196,1.96,down,0.98,-1.8816,30.77652,2.688
mfm_pe196,1.96,down,0.985,-1.9012,31.0983,2.716
mfm_pe196,1.96,down,0.99,-1.9208,31.40931,2.744
mfm_pe196,1.96,down,0.995,-1.9404,31.70979,2.772
mfm_pe196,1.96,down,1.0,-1.96,32.0,2.8
mfm_pe300,3.0,up,0.0,-3.0,39.14588,4.285714
mfm_pe300,3.0,up,0.005,-2.97,39.14514,4.242857
mfm_pe300,3.0,up,0.01,-2.94,39.14436,4.2
mfm_pe300,3.0,up,0.015,-2.91,39.14352,4.157143
mfm_pe300,3.0,up,0.02,-2.88,39.14262,4.114286
mfm_pe300,3.0,up,0.025,-2.85,39.14166,4.071429
mfm_pe300,3.0,up,0.03,-2.82,39.14064,4.028571
mfm_pe300,3.0,up,0.035,-2.79,39.13954,3.985714
mfm_pe300,3.0,up,0.04,-2.76,39.13836,3.942857
mfm_pe300,3.0,up,0.045,-2.73,39.13711,3.9
mfm_pe300,3.0,up,0.05,-2.7,39.13576,3.857143
mfm_pe300,3.0,up,0.055,-2.67,39.13433,3.814286
mfm_pe300,3.0,up,0.06,-2.64,39.13279,3.771429
mfm_pe300,3.0,up,0.065,-2.61,39.13115,3.728571
mfm_pe300,3.0,up,0.07,-2.58,39.12939,3.685714
mfm_pe300,3.0,up,0.075,-2.55,39.12751,3.642857
mfm_pe300,3.0,up,0.08,-2.52,39.1255,3.6
mfm_pe300,3.0,up,0.085,-2.49,39.12335,3.557143
mfm_pe300,3.0,up,0.09,-2.46,39.12105,3.514286
mfm_pe300,3.0,up,0.095,-2.43,39.11859,3.471429
mfm_pe300,3.0,up,0.1,-2.4,39.11596,3.428571
mfm_pe300,3.0,up,0.105,-2.37,39.11314,3.385714
mfm_pe300,3.0,up,0.11,-2.34,39.11013,3.342857
mfm_pe300,3.0,up,0.115,-2.31,39.10691,3.3
mfm_pe300,3.0,up,0.12,-2.28,39.10347,3.257143
mfm_pe300,3.0,up,0.125,-2.25,39.09979,3.214286
mfm_pe300,3.0,up,0.13,-2.22,39.09585,3.171429
mfm_pe300,3.0,up,0.135,-2.19,39.09164,3.128571
mfm_pe300,3.0,up,0.14,-2.16,39.08714,3.085714
mfm_pe300,3.0,up,0.145,-2.13,39.08232,3.042857
mfm_pe300,3.0,up,0.15,-2.1,39.07717,3.0
mfm_pe300,3.0,up,0.155,-2.07,39.07166,2.957143
mfm_pe300,3.0,up,0.16,-2.04,39.06577,2.914286
mfm_pe300,3.0,up,0.165,-2.01,39.05947,2.871429
mfm_pe300,3.0,up,0.17,-1.98,39.05274,2.828571
mfm_pe300,3.0,up,0.175,-1.95,39.04553,2.785714
mfm_pe300,3.0,up,0.18,-1.92,39.03783,2.742857
mfm_pe300,3.0,up,0.185,-1.89,39.02959,2.7
mfm_pe300,3.0,up,0.19,-1.86,39.02078,2.657143
mfm_pe300,3.0,up,0.195,-1.83,39.01136,2.614286
mfm_pe300,3.0,up,0.2,-1.8,39.00129,2.571429
mfm_pe300,3.0,up,0.205,-1.77,38.99052,2.528571
mfm_pe300,3.0,up,0.21,-1.74,38.979,2.485714
mfm_pe300,3.0,up,0.215,-1.71,38.96669,2.442857
mfm_pe300,3.0,up,0.22,-1.68,38.95352,2.4
mfm_pe300,3.0,up,0.225,-1.65,38.93944,2.357143
mfm_pe300,3.0,up,0.23,-1.62,38.92439,2.314286
mfm_pe300,3.0,up,0.235,-1.59,38.9083,2.271429
mfm_pe300,3.0,up,0.24,-1.56,38.89109,2.228571
mfm_pe300,3.0,up,0.245,-1.53,38.8727,2.185714
mfm_pe300,3.0,up,0.25,-1.5,38.85303,2.142857
mfm_pe300,3.0,up,0.255,-1.47,38.83201,2.1
mfm_pe300,3.0,up,0.26,-1.44,38.80954,2.057143
mfm_pe300,3.0,up,0.265,-1.41,38.78552,2.014286
mfm_pe300,3.0,up,0.27,-1.38,38.75984,1.971429
mfm_pe300,3.0,up,0.275,-1.35,38.7324,1.928571
mfm_pe300,3.0,up,0.28,-1.32,38.70306,1.885714
mfm_pe300,3.0,up,0.285,-1.29,38.67171,1.842857
mfm_pe300,3.0,up,0.29,-1.26,38.63821,1.8
mfm_pe300,3.0,up,0.295,-1.23,38.60241,1.757143
mfm_pe300,3.0,up,0.3,-1.2,38.56415,1.714286
mfm_pe300,3.0,up,0.305,-1.17,38.52327,1.671429
mfm_pe300,3.0,up,0.31,-1.14,38.4796,1.628571
mfm_pe300,3.0,up,0.315,-1.11,38.43294,1.585714
mfm_pe300,3.0,up,0.32,-1.08,38.38309,1.542857
mfm_pe300,3.0,up,0.325,-1.05,38.32985,1.5
mfm_pe300,3.0,up,0.33,-1.02,38.27298,1.457143
mfm_pe300,3.0,up,0.335,-0.99,38.21225,1.414286
mfm_pe300,3.0,up,0.34,-0.96,38.14739,1.371429
mfm_pe300,3.0,up,0.345,-0.93,38.07815,1.328571
mfm_pe300,3.0,up,0.35,-0.9,38.00422,1.285714
mfm_pe300,3.0,up,0.355,-0.87,37.9253,1.242857
mfm_pe300,3.0,up,0.36,-0.84,37.84106,1.2
mfm_pe300,3.0,up,0.365,-0.81,37.75117,1.157143
mfm_pe300,3.0,up,0.37,-0.78,37.65525,1.114286
mfm_pe300,3.0,up,0.375,-0.75,37.55293,1.071429
mfm_pe300,3.0,up,0.38,-0.72,37.44377,1.028571
mfm_pe300,3.0,up,0.385,-0.69,37.32737,0.9857143
mfm_pe300,3.0,up,0.39,-0.66,37.20325,0.9428571
mfm_pe300,3.0,up,0.395,-0.63,37.07094,0.9
mfm_pe300,3.0,up,0.4,-0.6,36.92992,0.8571429
mfm_pe300,3.0,up,0.405,-0.57,36.77966,0.8142857
mfm_pe300,3.0,up,0.41,-0.54,36.6196,0.7714286
mfm_pe300,3.0,up,0.415,-0.51,36.44913,0.7285714
mfm_pe300,3.0,up,0.42,-0.48,36.26765,0.6857143
mfm_pe300,3.0,up,0.425,-0.45,36.07448,0.6428571
mfm_pe300,3.0,up,0.43,-0.42,35.86896,0.6
mfm_pe300,3.0,up,0.435,-0.39,35.65037,0.5571429
mfm_pe300,3.0,up,0.44,-0.36,35.41795,0.5142857
mfm_pe300,3.0,up,0.445,-0.33,35.17094,0.4714286
mfm_pe300,3.0,up,0.45,-0.3,34.90853,0.4285714
mfm_pe300,3.0,up,0.455,-0.27,34.62988,0.3857143
mfm_pe300,3.0,up,0.46,-0.24,34.33413,0.3428571
mfm_pe300,3.0,up,0.465,-0.21,34.02038,0.3
mfm_pe300,3.0,up,0.47,-0.18,33.68773,0.2571429
mfm_pe300,3.0,up,0.475,-0.15,33.33522,0.2142857
mfm_pe300,3.0,up,0.48,-0.12,32.9619,0.1714286
mfm_pe300,3.0,up,0.485,-0.09,32.56679,0.1285714
mfm_pe300,3.0,up,0.49,-0.06,32.1489,0.08571429
mfm_pe300,3.0,up,0.495,-0.03,31.70723,0.04285714
mfm_pe300,3.0,up,0.5,1.776357e-15,31.24078,-3.935946e-15
mfm_pe300,3.0,up,0.505,0.03,30.74854,-0.04285714
mfm_pe300,3.0,up,0.51,0.06,30.22953,-0.08571429
mfm_pe300,3.0,up,0.515,0.09,29.68277,-0.1285714
mfm_pe300,3.0,up,0.52,0.12,29.10731,-0.1714286
mfm_pe300,3.0,up,0.525,0.15,28.50225,-0.2142857
mfm_pe300,3.0,up,0.53,0.18,27.8667,-0.2571429
mfm_pe300,3.0,up,0.535,0.21,27.19986,-0.3
mfm_pe300,3.0,up,0.54,0.24,26.50097,-0.3428571
mfm_pe300,3.0,up,0.545,0.27,25.76938,-0.3857143
mfm_pe300,3.0,up,0.55,0.3,25.00449,-0.4285714
mfm_pe300,3.0,up,0.555,0.33,24.20583,-0.4714286
mfm_pe300,3.0,up,0.56,0.36,23.37304,-0.5142857
mfm_pe300,3.0,up,0.565,0.39,22.50589,-0.5571429
mfm_pe300,3.0,up,0.57,0.42,21.6043,-0.6
mfm_pe300,3.0,up,0.575,0.45,20.66833,-0.6428571
mfm_pe300,3.0,up,0.58,0.48,19.69821,-0.6857143
mfm_pe300,3.0,up,0.585,0.51,18.69436,-0.7285714
mfm_pe300,3.0,up,0.59,0.54,17.65737,-0.7714286
mfm_pe300,3.0,up,0.595,0.57,16.58803,-0.8142857
mfm_pe300,3.0,up,0.6,0.6,15.48734,-0.8571429
mfm_pe300,3.0,up,0.605,0.63,14.35649,-0.9
mfm_pe300,3.0,up,0.61,0.66,13.19689,-0.9428571
mfm_pe300,3.0,up,0.615,0.69,12.01015,-0.9857143
mfm_pe300,3.0,up,0.62,0.72,10.79808,-1.028571
mfm_pe300,3.0,up,0.625,0.75,9.562679,-1.071429
mfm_pe300,3.0,up,0.63,0.78,8.306147,-1.114286
mfm_pe300,3.0,up,0.635,0.81,7.030846,-1.157143
mfm_pe300,3.0,up,0.64,0.84,5.739295,-1.2
mfm_pe300,3.0,up,0.645,0.87,4.434155,-1.242857
mfm_pe300,3.0,up,0.65,0.9,3.118204,-1.285714
mfm_pe300,3.0,up,0.655,0.93,1.794315,-1.328571
mfm_pe300,3.0,up,0.66,0.96,0.4654319,-1.371429
mfm_pe300,3.0,up,0.665,0.99,-0.8654552,-1.414286
mfm_pe300,3.0,up,0.67,1.02,-2.19534,-1.457143
mfm_pe300,3.0,up,0.675,1.05,-3.521223,-1.5
mfm_pe300,3.0,up,0.68,1.08,-4.840144,-1.542857
mfm_pe300,3.0,up,0.685,1.11,-6.149201,-1.585714
mfm_pe300,3.0,up,0.69,1.14,-7.445584,-1.628571
mfm_pe300,3.0,up,0.695,1.17,-8.726589,-1.671429
mfm_pe300,3.0,up,0.7,1.2,-9.989648,-1.714286
mfm_pe300,3.0,up,0.705,1.23,-11.23234,-1.757143
mfm_pe300,3.0,up,0.71,1.26,-12.45242,-1.8
mfm_pe300,3.0,up,0.715,1.29,-13.64782,-1.842857
mfm_pe300,3.0,up,0.72,1.32,-14.81665,-1.885714
mfm_pe300,3.0,up,0.725,1.35,-15.95725,-1.928571
mfm_pe300,3.0,up,0.73,1.38,-17.06814,-1.971429
mfm_pe300,3.0,up,0.735,1.41,-18.14805,-2.014286
mfm_pe300,3.0,up,0.74,1.44,-19.19592,-2.057143
mfm_pe300,3.0,up,0.745,1.47,-20.21089,-2.1
mfm_pe300,3.0,up,0.75,1.5,-21.19231,-2.142857
mfm_pe300,3.0,up,0.755,1.53,-22.1397,-2.185714
mfm_pe300,3.0,up,0.76,1.56,-23.05277,-2.228571
mfm_pe300,3.0,up,0.765,1.59,-23.93139,-2.271429
mfm_pe300,3.0,up,0.77,1.62,-24.77561,-2.314286
mfm_pe300,3.0,up,0.775,1.65,-25.58562,-2.357143
mfm_pe300,3.0,up,0.78,1.68,-26.36172,-2.4
mfm_pe300,3.0,up,0.785,1.71,-27.10435,-2.442857
mfm_pe300,3.0,up,0.79,1.74,-27.81407,-2.485714
mfm_pe300,3.0,up,0.795,1.77,-28.49151,-2.528571
mfm_pe300,3.0,up,0.8,1.8,-29.1374,-2.571429
mfm_pe300,3.0,up,0.805,1.83,-29.75254,-2.614286
mfm_pe300,3.0,up,0.81,1.86,-30.33776,-2.657143
mfm_pe300,3.0,up,0.815,1.89,-30.89399,-2.7
mfm_pe300,3.0,up,0.82,1.92,-31.42214,-2.742857
mfm_pe300,3.0,up,0.825,1.95,-31.92319,-2.785714
mfm_pe300,3.0,up,0.83,1.98,-32.39813,-2.828571
mfm_pe300,3.0,up,0.835,2.01,-32.84795,-2.871429
mfm_pe300,3.0,up,0.84,2.04,-33.27366,-2.914286
mfm_pe300,3.0,up,0.845,2.07,-33.67625,-2.957143
mfm_pe300,3.0,up,0.85,2.1,-34.05672,-3.0
mfm_pe300,3.0,up,0.855,2.13,-34.41606,-3.042857
mfm_pe300,3.0,up,0.86,2.16,-34.75522,-3.085714
mfm_pe300,3.0,up,0.865,2.19,-35.07517,-3.128571
mfm_pe300,3.0,up,0.87,2.22,-35.37682,-3.171429
mfm_pe300,3.0,up,0.875,2.25,-35.66107,-3.214286
mfm_pe300,3.0,up,0.88,2.28,-35.9288,-3.257143
mfm_pe300,3.0,up,0.885,2.31,-36.18085,-3.3
mfm_pe300,3.0,up,0.89,2.34,-36.41804,-3.342857
mfm_pe300,3.0,up,0.895,2.37,-36.64116,-3.385714
mfm_pe300,3.0,up,0.9,2.4,-36.85096,-3.428571
mfm_pe300,3.0,up,0.905,2.43,-37.04817,-3.471429
mfm_pe300,3.0,up,0.91,2.46,-37.23347,-3.514286
mfm_pe300,3.0,up,0.915,2.49,-37.40754,-3.557143
mfm_pe300,3.0,up,0.92,2.52,-37.571,-3.6
mfm_pe300,3.0,up,0.925,2.55,-37.72447,-3.642857
mfm_pe300,3.0,up,0.93,2.58,-37.8685,-3.685714
mfm_pe300,3.0,up,0.935,2.61,-38.00366,-3.728571
mfm_pe300,3.0,up,0.94,2.64,-38.13046,-3.771429
mfm_pe300,3.0,up,0.945,2.67,-38.24938,-3.814286
mfm_pe300,3.0,up,0.95,2.7,-38.3609,-3.857143
mfm_pe300,3.0,up,0.955,2.73,-38.46545,-3.9
mfm_pe300,3.0,up,0.96,2.76,-38.56347,-3.942857
mfm_pe300,3.0,up,0.965,2.79,-38.65532,-3.985714
mfm_pe300,3.0,up,0.97,2.82,-38.7414,-4.028571
mfm_pe300,3.0,up,0.975,2.85,-38.82206,-4.071429
mfm_pe300,3.0,up,0.98,2.88,-38.89761,-4.114286
mfm_pe300,3.0,up,0.985,2.91,-38.96839,-4.157143
mfm_pe300,3.0,up,0.99,2.94,-39.03468,-4.2
mfm_pe300,3.0,up,0.995,2.97,-39.09676,-4.242857
mfm_pe300,3.0,up,1.0,3.0,-39.15488,-4.285714
mfm_pe300,3.0,down,0.0,3.0,-39.15488,-4.285714
mfm_pe300,3.0,down,0.005,2.97,-39.15415,-4.242857
mfm_pe300,3.0,down,0.01,2.94,-39.15337,-4.2
mfm_pe300,3.0,down,0.015,2.91,-39.15253,-4.157143
mfm_pe300,3.0,down,0.02,2.88,-39.15163,-4.114286
mfm_pe300,3.0,down,0.025,2.85,-39.15067,-4.071429
mfm_pe300,3.0,down,0.03,2.82,-39.14964,-4.028571
mfm_pe300,3.0,down,0.035,2.79,-39.14854,-3.985714
mfm_pe300,3.0,down,0.04,2.76,-39.14737,-3.942857
mfm_pe300,3.0,down,0.045,2.73,-39.14611,-3.9
mfm_pe300,3.0,down,0.05,2.7,-39.14477,-3.857143
mfm_pe300,3.0,down,0.055,2.67,-39.14333,-3.814286
mfm_pe300,3.0,down,0.06,2.64,-39.1418,-3.771429
mfm_pe300,3.0,down,0.065,2.61,-39.14015,-3.728571
mfm_pe300,3.0,down,0.07,2.58,-39.13839,-3.685714
mfm_pe300,3.0,down,0.075,2.55,-39.13651,-3.642857
mfm_pe300,3.0,down,0.08,2.52,-39.1345,-3.6
mfm_pe300,3.0,down,0.085,2.49,-39.13235,-3.557143
mfm_pe300,3.0,down,0.09,2.46,-39.13005,-3.514286
mfm_pe300,3.0,down,0.095,2.43,-39.12759,-3.471429
mfm_pe300,3.0,down,0.1,2.4,-39.12496,-3.428571
mfm_pe300,3.0,down,0.105,2.37,-39.12215,-3.385714
mfm_pe300,3.0,down,0.11,2.34,-39.11914,-3.342857
mfm_pe300,3.0,down,0.115,2.31,-39.11592,-3.3
mfm_pe300,3.0,down,0.12,2.28,-39.11248,-3.257143
mfm_pe300,3.0,down,0.125,2.25,-39.1088,-3.214286
mfm_pe300,3.0,down,0.13,2.22,-39.10486,-3.171429
mfm_pe300,3.0,down,0.135,2.19,-39.10065,-3.128571
mfm_pe300,3.0,down,0.14,2.16,-39.09614,-3.085714
mfm_pe300,3.0,down,0.145,2.13,-39.09133,-3.042857
mfm_pe300,3.0,down,0.15,2.1,-39.08618,-3.0
mfm_pe300,3.0,down,0.155,2.07,-39.08067,-2.957143
mfm_pe300,3.0,down,0.16,2.04,-39.07478,-2.914286
mfm_pe300,3.0,down,0.165,2.01,-39.06848,-2.871429
mfm_pe300,3.0,down,0.17,1.98,-39.06174,-2.828571
mfm_pe300,3.0,down,0.175,1.95,-39.05454,-2.785714
mfm_pe300,3.0,down,0.18,1.92,-39.04684,-2.742857
mfm_pe300,3.0,down,0.185,1.89,-39.0386,-2.7
mfm_pe300,3.0,down,0.19,1.86,-39.02979,-2.657143
mfm_pe300,3.0,down,0.195,1.83,-39.02037,-2.614286
mfm_pe300,3.0,down,0.2,1.8,-39.0103,-2.571429
mfm_pe300,3.0,down,0.205,1.77,-38.99953,-2.528571
mfm_pe300,3.0,down,0.21,1.74,-38.98801,-2.485714
mfm_pe300,3.0,down,0.215,1.71,-38.97569,-2.442857
mfm_pe300,3.0,down,0.22,1.68,-38.96253,-2.4
mfm_pe300,3.0,down,0.225,1.65,-38.94845,-2.357143
mfm_pe300,3.0,down,0.23,1.62,-38.9334,-2.314286
mfm_pe300,3.0,down,0.235,1.59,-38.9173,-2.271429
mfm_pe300,3.0,down,0.24,1.56,-38.9001,-2.228571
mfm_pe300,3.0,down,0.245,1.53,-38.8817,-2.185714
mfm_pe300,3.0,down,0.25,1.5,-38.86204,-2.142857
mfm_pe300,3.0,down,0.255,1.47,-38.84102,-2.1
mfm_pe300,3.0,down,0.26,1.44,-38.81854,-2.057143
mfm_pe300,3.0,down,0.265,1.41,-38.79452,-2.014286
mfm_pe300,3.0,down,0.27,1.38,-38.76885,-1.971429
mfm_pe300,3.0,down,0.275,1.35,-38.7414,-1.928571
mfm_pe300,3.0,down,0.28,1.32,-38.71207,-1.885714
mfm_pe300,3.0,down,0.285,1.29,-38.68072,-1.842857
mfm_pe300,3.0,down,0.29,1.26,-38.64722,-1.8
mfm_pe300,3.0,down,0.295,1.23,-38.61141,-1.757143
mfm_pe300,3.0,down,0.3,1.2,-38.57316,-1.714286
mfm_pe300,3.0,down,0.305,1.17,-38.53228,-1.671429
mfm_pe300,3.0,down,0.31,1.14,-38.4886,-1.628571
mfm_pe300,3.0,down,0.315,1.11,-38.44194,-1.585714
mfm_pe300,3.0,down,0.32,1.08,-38.3921,-1.542857
mfm_pe300,3.0,down,0.325,1.05,-38.33885,-1.5
mfm_pe300,3.0,down,0.33,1.02,-38.28199,-1.457143
mfm_pe300,3.0,down,0.335,0.99,-38.22125,-1.414286
mfm_pe300,3.0,down,0.34,0.96,-38.1564,-1.371429
mfm_pe300,3.0,down,0.345,0.93,-38.08715,-1.328571
mfm_pe300,3.0,down,0.35,0.9,-38.01322,-1.285714
mfm_pe300,3.0,down,0.355,0.87,-37.9343,-1.242857
mfm_pe300,3.0,down,0.36,0.84,-37.85007,-1.2
mfm_pe300,3.0,down,0.365,0.81,-37.76018,-1.157143
mfm_pe300,3.0,down,0.37,0.78,-37.66426,-1.114286
mfm_pe300,3.0,down,0.375,0.75,-37.56193,-1.071429
mfm_pe300,3.0,down,0.38,0.72,-37.45278,-1.028571
mfm_pe300,3.0,down,0.385,0.69,-37.33638,-0.9857143
mfm_pe300,3.0,down,0.39,0.66,-37.21226,-0.9428571
mfm_pe300,3.0,down,0.395,0.63,-37.07995,-0.9
mfm_pe300,3.0,down,0.4,0.6,-36.93893,-0.8571429
mfm_pe300,3.0,down,0.405,0.57,-36.78867,-0.8142857
mfm_pe300,3.0,down,0.41,0.54,-36.6286,-0.7714286
mfm_pe300,3.0,down,0.415,0.51,-36.45814,-0.7285714
mfm_pe300,3.0,down,0.42,0.48,-36.27665,-0.6857143
mfm_pe300,3.0,down,0.425,0.45,-36.08349,-0.6428571
mfm_pe300,3.0,down,0.43,0.42,-35.87797,-0.6
mfm_pe300,3.0,down,0.435,0.39,-35.65937,-0.5571429
mfm_pe300,3.0,down,0.44,0.36,-35.42696,-0.5142857
mfm_pe300,3.0,down,0.445,0.33,-35.17995,-0.4714286
mfm_pe300,3.0,down,0.45,0.3,-34.91753,-0.4285714
mfm_pe300,3.0,down,0.455,0.27,-34.63889,-0.3857143
mfm_pe300,3.0,down,0.46,0.24,-34.34313,-0.3428571
mfm_pe300,3.0,down,0.465,0.21,-34.02939,-0.3
mfm_pe300,3.0,down,0.47,0.18,-33.69673,-0.2571429
mfm_pe300,3.0,down,0.475,0.15,-33.34423,-0.2142857
mfm_pe300,3.0,down,0.48,0.12,-32.97091,-0.1714286
mfm_pe300,3.0,down,0.485,0.09,-32.5758,-0.1285714
mfm_pe300,3.0,down,0.49,0.06,-32.15791,-0.08571429
mfm_pe300,3.0,down,0.495,0.03,-31.71624,-0.04285714
mfm_pe300,3.0,down,0.5,-1.776357e-15,-31.24979,1.245899e-14
mfm_pe300,3.0,down,0.505,-0.03,-30.75755,0.04285714
mfm_pe300,3.0,down,0.51,-0.06,-30.23854,0.08571429
mfm_pe300,3.0,down,0.515,-0.09,-29.69178,0.1285714
mfm_pe300,3.0,down,0.52,-0.12,-29.11632,0.1714286
mfm_pe300,3.0,down,0.525,-0.15,-28.51125,0.2142857
mfm_pe300,3.0,down,0.53,-0.18,-27.87571,0.2571429
mfm_pe300,3.0,down,0.535,-0.21,-27.20886,0.3
mfm_pe300,3.0,down,0.54,-0.24,-26.50998,0.3428571
mfm_pe300,3.0,down,0.545,-0.27,-25.77838,0.3857143
mfm_pe300,3.0,down,0.55,-0.3,-25.01349,0.4285714
mfm_pe300,3.0,down,0.555,-0.33,-24.21483,0.4714286
mfm_pe300,3.0,down,0.56,-0.36,-23.38205,0.5142857
mfm_pe300,3.0,down,0.565,-0.39,-22.5149,0.5571429
mfm_pe300,3.0,down,0.57,-0.42,-21.61331,0.6
mfm_pe300,3.0,down,0.575,-0.45,-20.67734,0.6428571
mfm_pe300,3.0,down,0.58,-0.48,-19.70722,0.6857143
mfm_pe300,3.0,down,0.585,-0.51,-18.70336,0.7285714
mfm_pe300,3.0,down,0.59,-0.54,-17.66637,0.7714286
mfm_pe300,3.0,down,0.595,-0.57,-16.59703,0.8142857
mfm_pe300,3.0,down,0.6,-0.6,-15.49634,0.8571429
mfm_pe300,3.0,down,0.605,-0.63,-14.3655,0.9
mfm_pe300,3.0,down,0.61,-0.66,-13.2059,0.9428571
mfm_pe300,3.0,down,0.615,-0.69,-12.01916,0.9857143
mfm_pe300,3.0,down,0.62,-0.72,-10.80708,1.028571
mfm_pe300,3.0,down,0.625,-0.75,-9.571685,1.071429
mfm_pe300,3.0,down,0.63,-0.78,-8.315154,1.114286
mfm_pe300,3.0,down,0.635,-0.81,-7.039852,1.157143
mfm_pe300,3.0,down,0.64,-0.84,-5.748302,1.2
mfm_pe300,3.0,down,0.645,-0.87,-4.443161,1.242857
mfm_pe300,3.0,down,0.65,-0.9,-3.12721,1.285714
mfm_pe300,3.0,down,0.655,-0.93,-1.803321,1.328571
mfm_pe300,3.0,down,0.66,-0.96,-0.4744384,1.371429
mfm_pe300,3.0,down,0.665,-0.99,0.8564487,1.414286
mfm_pe300,3.0,down,0.67,-1.02,2.186333,1.457143
mfm_pe300,3.0,down,0.675,-1.05,3.512217,1.5
mfm_pe300,3.0,down,0.68,-1.08,4.831137,1.542857
mfm_pe300,3.0,down,0.685,-1.11,6.140195,1.585714
mfm_pe300,3.0,down,0.69,-1.14,7.436577,1.628571
mfm_pe300,3.0,down,0.695,-1.17,8.717583,1.671429
mfm_pe300,3.0,down,0.7,-1.2,9.980642,1.714286
mfm_pe300,3.0,down,0.705,-1.23,11.22334,1.757143
mfm_pe300,3.0,down,0.71,-1.26,12.44342,1.8
mfm_pe300,3.0,down,0.715,-1.29,13.63881,1.842857
mfm_pe300,3.0,down,0.72,-1.32,14.80765,1.885714
mfm_pe300,3.0,down,0.725,-1.35,15.94824,1.928571
mfm_pe300,3.0,down,0.73,-1.38,17.05913,1.971429
mfm_pe300,3.0,down,0.735,-1.41,18.13904,2.014286
mfm_pe300,3.0,down,0.74,-1.44,19.18691,2.057143
mfm_pe300,3.0,down,0.745,-1.47,20.20189,2.1
mfm_pe300,3.0,down,0.75,-1.5,21.18331,2.142857
mfm_pe300,3.0,down,0.755,-1.53,22.13069,2.185714
mfm_pe300,3.0,down,0.76,-1.56,23.04376,2.228571
mfm_pe300,3.0,down,0.765,-1.59,23.92239,2.271429
mfm_pe300,3.0,down,0.77,-1.62,24.76661,2.314286
mfm_pe300,3.0,down,0.775,-1.65,25.57661,2.357143
mfm_pe300,3.0,down,0.78,-1.68,26.35271,2.4
mfm_pe300,3.0,down,0.785,-1.71,27.09534,2.442857
mfm_pe300,3.0,down,0.79,-1.74,27.80506,2.485714
mfm_pe300,3.0,down,0.795,-1.77,28.48251,2.528571
mfm_pe300,3.0,down,0.8,-1.8,29.1284,2.571429
mfm_pe300,3.0,down,0.805,-1.83,29.74353,2.614286
mfm_pe300,3.0,down,0.81,-1.86,30.32876,2.657143
mfm_pe300,3.0,down,0.815,-1.89,30.88498,2.7
mfm_pe300,3.0,down,0.82,-1.92,31.41313,2.742857
mfm_pe300,3.0,down,0.825,-1.95,31.91419,2.785714
mfm_pe300,3.0,down,0.83,-1.98,32.38912,2.828571
mfm_pe300,3.0,down,0.835,-2.01,32.83894,2.871429
mfm_pe300,3.0,down,0.84,-2.04,33.26465,2.914286
mfm_pe300,3.0,down,0.845,-2.07,33.66724,2.957143
mfm_pe300,3.0,down,0.85,-2.1,34.04771,3.0
mfm_pe300,3.0,down,0.855,-2.13,34.40705,3.042857
mfm_pe300,3.0,down,0.86,-2.16,34.74622,3.085714
mfm_pe300,3.0,down,0.865,-2.19,35.06616,3.128571
mfm_pe300,3.0,down,0.87,-2.22,35.36781,3.171429
mfm_pe300,3.0,down,0.875,-2.25,35.65206,3.214286
mfm_pe300,3.0,down,0.88,-2.28,35.91979,3.257143
mfm_pe300,3.0,down,0.885,-2.31,36.17185,3.3
mfm_pe300,3.0,down,0.89,-2.34,36.40904,3.342857
mfm_pe300,3.0,down,0.895,-2.37,36.63216,3.385714
mfm_pe300,3.0,down,0.9,-2.4,36.84196,3.428571
mfm_pe300,3.0,down,0.905,-2.43,37.03916,3.471429
mfm_pe300,3.0,down,0.91,-2.46,37.22447,3.514286
mfm_pe300,3.0,down,0.915,-2.49,37.39853,3.557143
mfm_pe300,3.0,down,0.92,-2.52,37.562,3.6
mfm_pe300,3.0,down,0.925,-2.55,37.71546,3.642857
mfm_pe300,3.0,down,0.93,-2.58,37.8595,3.685714
mfm_pe300,3.0,down,0.935,-2.61,37.99465,3.728571
mfm_pe300,3.0,down,0.94,-2.64,38.12145,3.771429
mfm_pe300,3.0,down,0.945,-2.67,38.24037,3.814286
mfm_pe300,3.0,down,0.95,-2.7,38.35189,3.857143
mfm_pe300,3.0,down,0.955,-2.73,38.45645,3.9
mfm_pe300,3.0,down,0.96,-2.76,38.55446,3.942857
mfm_pe300,3.0,down,0.965,-2.79,38.64632,3.985714
mfm_pe300,3.0,down,0.97,-2.82,38.7324,4.028571
mfm_pe300,3.0,down,0.975,-2.85,38.81305,4.071429
mfm_pe300,3.0,down,0.98,-2.88,38.88861,4.114286
mfm_pe300,3.0,down,0.985,-2.91,38.95938,4.157143
mfm_pe300,3.0,down,0.99,-2.94,39.02567,4.2
mfm_pe300,3.0,down,0.995,-2.97,39.08775,4.242857
mfm_pe300,3.0,down,1.0,-3.0,39.14588,4.285714
mfm_pe500,5.0,up,0.0,-5.0,39.99026,7.142857
mfm_pe500,5.0,up,0.005,-4.95,39.99024,7.071429
mfm_pe500,5.0,up,0.01,-4.9,39.99023,7.0
mfm_pe500,5.0,up,0.015,-4.85,39.99021,6.928571
mfm_pe500,5.0,up,0.02,-4.8,39.99019,6.857143
mfm_pe500,5.0,up,0.025,-4.75,39.99017,6.785714
mfm_pe500,5.0,up,0.03,-4.7,39.99014,6.714286
mfm_pe500,5.0,up,0.035,-4.65,39.99011,6.642857
mfm_pe500,5.0,up,0.04,-4.6,39.99008,6.571429
mfm_pe500,5.0,up,0.045,-4.55,39.99005,6.5
mfm_pe500,5.0,up,0.05,-4.5,39.99001,6.428571
mfm_pe500,5.0,up,0.055,-4.45,39.98996,6.357143
mfm_pe500,5.0,up,0.06,-4.4,39.98992,6.285714
mfm_pe500,5.0,up,0.065,-4.35,39.98986,6.214286
mfm_pe500,5.0,up,0.07,-4.3,39.9898,6.142857
mfm_pe500,5.0,up,0.075,-4.25,39.98973,6.071429
mfm_pe500,5.0,up,0.08,-4.2,39.98965,6.0
mfm_pe500,5.0,up,0.085,-4.15,39.98957,5.928571
mfm_pe500,5.0,up,0.09,-4.1,39.98947,5.857143
mfm_pe500,5.0,up,0.095,-4.05,39.98937,5.785714
mfm_pe500,5.0,up,0.1,-4.0,39.98925,5.714286
mfm_pe500,5.0,up,0.105,-3.95,39.98911,5.642857
mfm_pe500,5.0,up,0.11,-3.9,39.98896,5.571429
mfm_pe500,5.0,up,0.115,-3.85,39.98879,5.5
mfm_pe500,5.0,up,0.12,-3.8,39.9886,5.428571
mfm_pe500,5.0,up,0.125,-3.75,39.98839,5.357143
mfm_pe500,5.0,up,0.13,-3.7,39.98816,5.285714
mfm_pe500,5.0,up,0.135,-3.65,39.9879,5.214286
mfm_pe500,5.0,up,0.14,-3.6,39.9876,5.142857
mfm_pe500,5.0,up,0.145,-3.55,39.98727,5.071429
mfm_pe500,5.0,up,0.15,-3.5,39.9869,5.0
mfm_pe500,5.0,up,0.155,-3.45,39.98649,4.928571
mfm_pe500,5.0,up,0.16,-3.4,39.98603,4.857143
mfm_pe500,5.0,up,0.165,-3.35,39.98552,4.785714
mfm_pe500,5.0,up,0.17,-3.3,39.98494,4.714286
mfm_pe500,5.0,up,0.175,-3.25,39.98429,4.642857
mfm_pe500,5.0,up,0.18,-3.2,39.98357,4.571429
mfm_pe500,5.0,up,0.185,-3.15,39.98276,4.5
mfm_pe500,5.0,up,0.19,-3.1,39.98186,4.428571
mfm_pe500,5.0,up,0.195,-3.05,39.98085,4.357143
mfm_pe500,5.0,up,0.2,-3.0,39.97972,4.285714
mfm_pe500,5.0,up,0.205,-2.95,39.97846,4.214286
mfm_pe500,5.0,up,0.21,-2.9,39.97704,4.142857
mfm_pe500,5.0,up,0.215,-2.85,39.97546,4.071429
mfm_pe500,5.0,up,0.22,-2.8,39.97369,4.0
mfm_pe500,5.0,up,0.225,-2.75,39.97171,3.928571
mfm_pe500,5.0,up,0.23,-2.7,39.9695,3.857143
mfm_pe500,5.0,up,0.235,-2.65,39.96703,3.785714
mfm_pe500,5.0,up,0.24,-2.6,39.96426,3.714286
mfm_pe500,5.0,up,0.245,-2.55,39.96116,3.642857
mfm_pe500,5.0,up,0.25,-2.5,39.95769,3.571429
mfm_pe500,5.0,up,0.255,-2.45,39.95382,3.5
mfm_pe500,5.0,up,0.26,-2.4,39.94948,3.428571
mfm_pe500,5.0,up,0.265,-2.35,39.94464,3.357143
mfm_pe500,5.0,up,0.27,-2.3,39.93921,3.285714
mfm_pe500,5.0,up,0.275,-2.25,39.93315,3.214286
mfm_pe500,5.0,up,0.28,-2.2,39.92636,3.142857
mfm_pe500,5.0,up,0.285,-2.15,39.91878,3.071429
mfm_pe500,5.0,up,0.29,-2.1,39.91029,3.0
mfm_pe500,5.0,up,0.295,-2.05,39.9008,2.928571
mfm_pe500,5.0,up,0.3,-2.0,39.89019,2.857143
mfm_pe500,5.0,up,0.305,-1.95,39.87832,2.785714
mfm_pe500,5.0,up,0.31,-1.9,39.86505,2.714286
mfm_pe500,5.0,up,0.315,-1.85,39.85021,2.642857
mfm_pe500,5.0,up,0.32,-1.8,39.83361,2.571429
mfm_pe500,5.0,up,0.325,-1.75,39.81505,2.5
mfm_pe500,5.0,up,0.33,-1.7,39.79431,2.428571
mfm_pe500,5.0,up,0.335,-1.65,39.77111,2.357143
mfm_pe500,5.0,up,0.34,-1.6,39.74518,2.285714
mfm_pe500,5.0,up,0.345,-1.55,39.71619,2.214286
mfm_pe500,5.0,up,0.35,-1.5,39.68379,2.142857
mfm_pe500,5.0,up,0.355,-1.45,39.64758,2.071429
mfm_pe500,5.0,up,0.36,-1.4,39.60711,2.0
mfm_pe500,5.0,up,0.365,-1.35,39.56188,1.928571
mfm_pe500,5.0,up,0.37,-1.3,39.51136,1.857143
mfm_pe500,5.0,up,0.375,-1.25,39.45491,1.785714
mfm_pe500,5.0,up,0.38,-1.2,39.39186,1.714286
mfm_pe500,5.0,up,0.385,-1.15,39.32146,1.642857
mfm_pe500,5.0,up,0.39,-1.1,39.24285,1.571429
mfm_pe500,5.0,up,0.395,-1.05,39.15509,1.5
mfm_pe500,5.0,up,0.4,-1.0,39.05716,1.428571
mfm_pe500,5.0,up,0.405,-0.95,38.9479,1.357143
mfm_pe500,5.0,up,0.41,-0.9,38.82603,1.285714
mfm_pe500,5.0,up,0.415,-0.85,38.69015,1.214286
mfm_pe500,5.0,up,0.42,-0.8,38.53871,1.142857
mfm_pe500,5.0,up,0.425,-0.75,38.36999,1.071429
mfm_pe500,5.0,up,0.43,-0.7,38.18211,1.0
mfm_pe500,5.0,up,0.435,-0.65,37.97301,0.9285714
mfm_pe500,5.0,up,0.44,-0.6,37.74042,0.8571429
mfm_pe500,5.0,up,0.445,-0.55,37.48188,0.7857143
mfm_pe500,5.0,up,0.45,-0.5,37.1947,0.7142857
mfm_pe500,5.0,up,0.455,-0.45,36.87597,0.6428571
mfm_pe500,5.0,up,0.46,-0.4,36.52253,0.5714286
mfm_pe500,5.0,up,0.465,-0.35,36.13099,0.5
mfm_pe500,5.0,up,0.47,-0.3,35.69773,0.4285714
mfm_pe500,5.0,up,0.475,-0.25,35.21888,0.3571429
mfm_pe500,5.0,up,0.48,-0.2,34.69034,0.2857143
mfm_pe500,5.0,up,0.485,-0.15,34.10785,0.2142857
mfm_pe500,5.0,up,0.49,-0.1,33.46692,0.1428571
mfm_pe500,5.0,up,0.495,-0.05,32.76298,0.07142857
mfm_pe500,5.0,up,0.5,3.552714e-15,31.99134,3.674046e-15
mfm_pe500,5.0,up,0.505,0.05,31.14733,-0.07142857
mfm_pe500,5.0,up,0.51,0.1,30.22634,-0.1428571
mfm_pe500,5.0,up,0.515,0.15,29.22395,-0.2142857
mfm_pe500,5.0,up,0.52,0.2,28.13603,-0.2857143
mfm_pe500,5.0,up,0.525,0.25,26.95887,-0.3571429
mfm_pe500,5.0,up,0.53,0.3,25.68934,-0.4285714
mfm_pe500,5.0,up,0.535,0.35,24.32508,-0.5
mfm_pe500,5.0,up,0.54,0.4,22.8646,-0.5714286
mfm_pe500,5.0,up,0.545,0.45,21.3075,-0.6428571
mfm_pe500,5.0,up,0.55,0.5,19.65463,-0.7142857
mfm_pe500,5.0,up,0.555,0.55,17.9082,-0.7857143
mfm_pe500,5.0,up,0.56,0.6,16.07193,-0.8571429
mfm_pe500,5.0,up,0.565,0.65,14.15109,-0.9285714
mfm_pe500,5.0,up,0.57,0.7,12.15257,-1.0
mfm_pe500,5.0,up,0.575,0.75,10.08485,-1.071429
mfm_pe500,5.0,up,0.58,0.8,7.957873,-1.142857
mfm_pe500,5.0,up,0.585,0.85,5.782942,-1.214286
mfm_pe500,5.0,up,0.59,0.9,3.572477,-1.285714
mfm_pe500,5.0,up,0.595,0.95,1.339759,-1.357143
mfm_pe500,5.0,up,0.6,1.0,-0.9013796,-1.428571
mfm_pe500,5.0,up,0.605,1.05,-3.1369,-1.5
mfm_pe500,5.0,up,0.61,1.1,-5.3529,-1.571429
mfm_pe500,5.0,up,0.615,1.15,-7.535964,-1.642857
mfm_pe500,5.0,up,0.62,1.2,-9.673473,-1.714286
mfm_pe500,5.0,up,0.625,1.25,-11.75389,-1.785714
mfm_pe500,5.0,up,0.63,1.3,-13.76697,-1.857143
mfm_pe500,5.0,up,0.635,1.35,-15.70395,-1.928571
mfm_pe500,5.0,up,0.64,1.4,-17.55761,-2.0
mfm_pe500,5.0,up,0.645,1.45,-19.32236,-2.071429
mfm_pe500,5.0,up,0.65,1.5,-20.99416,-2.142857
mfm_pe500,5.0,up,0.655,1.55,-22.57052,-2.214286
mfm_pe500,5.0,up,0.66,1.6,-24.05033,-2.285714
mfm_pe500,5.0,up,0.665,1.65,-25.43375,-2.357143
mfm_pe500,5.0,up,0.67,1.7,-26.72206,-2.428571
mfm_pe500,5.0,up,0.675,1.75,-27.91747,-2.5
mfm_pe500,5.0,up,0.68,1.8,-29.02296,-2.571429
mfm_pe500,5.0,up,0.685,1.85,-30.04214,-2.642857
mfm_pe500,5.0,up,0.69,1.9,-30.97906,-2.714286
mfm_pe500,5.0,up,0.695,1.95,-31.8381,-2.785714
mfm_pe500,5.0,up,0.7,2.0,-32.62384,-2.857143
mfm_pe500,5.0,up,0.705,2.05,-33.34095,-2.928571
mfm_pe500,5.0,up,0.71,2.1,-33.9941,-3.0
mfm_pe500,5.0,up,0.715,2.15,-34.58793,-3.071429
mfm_pe500,5.0,up,0.72,2.2,-35.1269,-3.142857
mfm_pe500,5.0,up,0.725,2.25,-35.61536,-3.214286
mfm_pe500,5.0,up,0.73,2.3,-36.05742,-3.285714
mfm_pe500,5.0,up,0.735,2.35,-36.45701,-3.357143
mfm_pe500,5.0,up,0.74,2.4,-36.81779,-3.428571
mfm_pe500,5.0,up,0.745,2.45,-37.1432,-3.5
mfm_pe500,5.0,up,0.75,2.5,-37.43645,-3.571429
mfm_pe500,5.0,up,0.755,2.55,-37.70049,-3.642857
mfm_pe500,5.0,up,0.76,2.6,-37.93807,-3.714286
mfm_pe500,5.0,up,0.765,2.65,-38.15168,-3.785714
mfm_pe500,5.0,up,0.77,2.7,-38.34363,-3.857143
mfm_pe500,5.0,up,0.775,2.75,-38.51603,-3.928571
mfm_pe500,5.0,up,0.78,2.8,-38.67078,-4.0
mfm_pe500,5.0,up,0.785,2.85,-38.80965,-4.071429
mfm_pe500,5.0,up,0.79,2.9,-38.9342,-4.142857
mfm_pe500,5.0,up,0.795,2.95,-39.04588,-4.214286
mfm_pe500,5.0,up,0.8,3.0,-39.14598,-4.285714
mfm_pe500,5.0,up,0.805,3.05,-39.23568,-4.357143
mfm_pe500,5.0,up,0.81,3.1,-39.31604,-4.428571
mfm_pe500,5.0,up,0.815,3.15,-39.38802,-4.5
mfm_pe500,5.0,up,0.82,3.2,-39.45248,-4.571429
mfm_pe500,5.0,up,0.825,3.25,-39.51018,-4.642857
mfm_pe500,5.0,up,0.83,3.3,-39.56184,-4.714286
mfm_pe500,5.0,up,0.835,3.35,-39.60808,-4.785714
mfm_pe500,5.0,up,0.84,3.4,-39.64946,-4.857143
mfm_pe500,5.0,up,0.845,3.45,-39.68649,-4.928571
mfm_pe500,5.0,up,0.85,3.5,-39.71962,-5.0
mfm_pe500,5.0,up,0.855,3.55,-39.74926,-5.071429
mfm_pe500,5.0,up,0.86,3.6,-39.77578,-5.142857
mfm_pe500,5.0,up,0.865,3.65,-39.7995,-5.214286
mfm_pe500,5.0,up,0.87,3.7,-39.82071,-5.285714
mfm_pe500,5.0,up,0.875,3.75,-39.83969,-5.357143
mfm_pe500,5.0,up,0.88,3.8,-39.85666,-5.428571
mfm_pe500,5.0,up,0.885,3.85,-39.87183,-5.5
mfm_pe500,5.0,up,0.89,3.9,-39.88541,-5.571429
mfm_pe500,5.0,up,0.895,3.95,-39.89754,-5.642857
mfm_pe500,5.0,up,0.9,4.0,-39.9084,-5.714286
mfm_pe500,5.0,up,0.905,4.05,-39.9181,-5.785714
mfm_pe500,5.0,up,0.91,4.1,-39.92678,-5.857143
mfm_pe500,5.0,up,0.915,4.15,-39.93454,-5.928571
mfm_pe500,5.0,up,0.92,4.2,-39.94147,-6.0
mfm_pe500,5.0,up,0.925,4.25,-39.94768,-6.071429
mfm_pe500,5.0,up,0.93,4.3,-39.95322,-6.142857
mfm_pe500,5.0,up,0.935,4.35,-39.95818,-6.214286
mfm_pe500,5.0,up,0.94,4.4,-39.96261,-6.285714
mfm_pe500,5.0,up,0.945,4.45,-39.96658,-6.357143
mfm_pe500,5.0,up,0.95,4.5,-39.97012,-6.428571
mfm_pe500,5.0,up,0.955,4.55,-39.97329,-6.5
mfm_pe500,5.0,up,0.96,4.6,-39.97612,-6.571429
mfm_pe500,5.0,up,0.965,4.65,-39.97865,-6.642857
mfm_pe500,5.0,up,0.97,4.7,-39.98091,-6.714286
mfm_pe500,5.0,up,0.975,4.75,-39.98294,-6.785714
mfm_pe500,5.0,up,0.98,4.8,-39.98475,-6.857143
mfm_pe500,5.0,up,0.985,4.85,-39.98636,-6.928571
mfm_pe500,5.0,up,0.99,4.9,-39.98781,-7.0
mfm_pe500,5.0,up,0.995,4.95,-39.9891,-7.071429
mfm_pe500,5.0,up,1.0,5.0,-39.99026,-7.142857
mfm_pe500,5.0,down,0.0,5.0,-39.99026,-7.142857
mfm_pe500,5.0,down,0.005,4.95,-39.99024,-7.071429
mfm_pe500,5.0,down,0.01,4.9,-39.99023,-7.0
mfm_pe500,5.0,down,0.015,4.85,-39.99021,-6.928571
mfm_pe500,5.0,down,0.02,4.8,-39.99019,-6.857143
mfm_pe500,5.0,down,0.025,4.75,-39.99017,-6.785714
mfm_pe500,5.0,down,0.03,4.7,-39.99014,-6.714286
mfm_pe500,5.0,down,0.035,4.65,-39.99011,-6.642857
mfm_pe500,5.0,down,0.04,4.6,-39.99008,-6.571429
mfm_pe500,5.0,down,0.045,4.55,-39.99005,-6.5
mfm_pe500,5.0,down,0.05,4.5,-39.99001,-6.428571
mfm_pe500,5.0,down,0.055,4.45,-39.98997,-6.357143
mfm_pe500,5.0,down,0.06,4.4,-39.98992,-6.285714
mfm_pe500,5.0,down,0.065,4.35,-39.98986,-6.214286
mfm_pe500,5.0,down,0.07,4.3,-39.9898,-6.142857
mfm_pe500,5.0,down,0.075,4.25,-39.98973,-6.071429
mfm_pe500,5.0,down,0.08,4.2,-39.98966,-6.0
mfm_pe500,5.0,down,0.085,4.15,-39.98957,-5.928571
mfm_pe500,5.0,down,0.09,4.1,-39.98947,-5.857143
mfm_pe500,5.0,down,0.095,4.05,-39.98937,-5.785714
mfm_pe500,5.0,down,0.1,4.0,-39.98925,-5.714286
mfm_pe500,5.0,down,0.105,3.95,-39.98911,-5.642857
mfm_pe500,5.0,down,0.11,3.9,-39.98896,-5.571429
mfm_pe500,5.0,down,0.115,3.85,-39.98879,-5.5
mfm_pe500,5.0,down,0.12,3.8,-39.98861,-5.428571
mfm_pe500,5.0,down,0.125,3.75,-39.9884,-5.357143
mfm_pe500,5.0,down,0.13,3.7,-39.98816,-5.285714
mfm_pe500,5.0,down,0.135,3.65,-39.9879,-5.214286
mfm_pe500,5.0,down,0.14,3.6,-39.9876,-5.142857
mfm_pe500,5.0,down,0.145,3.55,-39.98727,-5.071429
mfm_pe500,5.0,down,0.15,3.5,-39.9869,-5.0
mfm_pe500,5.0,down,0.155,3.45,-39.98649,-4.928571
mfm_pe500,5.0,down,0.16,3.4,-39.98603,-4.857143
mfm_pe500,5.0,down,0.165,3.35,-39.98552,-4.785714
mfm_pe500,5.0,down,0.17,3.3,-39.98494,-4.714286
mfm_pe500,5.0,down,0.175,3.25,-39.98429,-4.642857
mfm_pe500,5.0,down,0.18,3.2,-39.98357,-4.571429
mfm_pe500,5.0,down,0.185,3.15,-39.98277,-4.5
mfm_pe500,5.0,down,0.19,3.1,-39.98186,-4.428571
mfm_pe500,5.0,down,0.195,3.05,-39.98085,-4.357143
mfm_pe500,5.0,down,0.2,3.0,-39.97972,-4.285714
mfm_pe500,5.0,down,0.205,2.95,-39.97846,-4.214286
mfm_pe500,5.0,down,0.21,2.9,-39.97704,-4.142857
mfm_pe500,5.0,down,0.215,2.85,-39.97546,-4.071429
mfm_pe500,5.0,down,0.22,2.8,-39.97369,-4.0
mfm_pe500,5.0,down,0.225,2.75,-39.97172,-3.928571
mfm_pe500,5.0,down,0.23,2.7,-39.9695,-3.857143
mfm_pe500,5.0,down,0.235,2.65,-39.96703,-3.785714
mfm_pe500,5.0,down,0.24,2.6,-39.96426,-3.714286
mfm_pe500,5.0,down,0.245,2.55,-39.96116,-3.642857
mfm_pe500,5.0,down,0.25,2.5,-39.9577,-3.571429
mfm_pe500,5.0,down,0.255,2.45,-39.95382,-3.5
mfm_pe500,5.0,down,0.26,2.4,-39.94949,-3.428571
mfm_pe500,5.0,down,0.265,2.35,-39.94464,-3.357143
mfm_pe500,5.0,down,0.27,2.3,-39.93921,-3.285714
mfm_pe500,5.0,down,0.275,2.25,-39.93315,-3.214286
mfm_pe500,5.0,down,0.28,2.2,-39.92637,-3.142857
mfm_pe500,5.0,down,0.285,2.15,-39.91878,-3.071429
mfm_pe500,5.0,down,0.29,2.1,-39.91029,-3.0
mfm_pe500,5.0,down,0.295,2.05,-39.9008,-2.928571
mfm_pe500,5.0,down,0.3,2.0,-39.89019,-2.857143
mfm_pe500,5.0,down,0.305,1.95,-39.87832,-2.785714
mfm_pe500,5.0,down,0.31,1.9,-39.86505,-2.714286
mfm_pe500,5.0,down,0.315,1.85,-39.85021,-2.642857
mfm_pe500,5.0,down,0.32,1.8,-39.83361,-2.571429
mfm_pe500,5.0,down,0.325,1.75,-39.81506,-2.5
mfm_pe500,5.0,down,0.33,1.7,-39.79431,-2.428571
mfm_pe500,5.0,down,0.335,1.65,-39.77111,-2.357143
mfm_pe500,5.0,down,0.34,1.6,-39.74518,-2.285714
mfm_pe500,5.0,down,0.345,1.55,-39.71619,-2.214286
mfm_pe500,5.0,down,0.35,1.5,-39.68379,-2.142857
mfm_pe500,5.0,down,0.355,1.45,-39.64758,-2.071429
mfm_pe500,5.0,down,0.36,1.4,-39.60711,-2.0
mfm_pe500,5.0,down,0.365,1.35,-39.56188,-1.928571
mfm_pe500,5.0,down,0.37,1.3,-39.51136,-1.857143
mfm_pe500,5.0,down,0.375,1.25,-39.45491,-1.785714
mfm_pe500,5.0,down,0.38,1.2,-39.39187,-1.714286
mfm_pe500,5.0,down,0.385,1.15,-39.32146,-1.642857
mfm_pe500,5.0,down,0.39,1.1,-39.24285,-1.571429
mfm_pe500,5.0,down,0.395,1.05,-39.1551,-1.5
mfm_pe500,5.0,down,0.4,1.0,-39.05716,-1.428571
mfm_pe500,5.0,down,0.405,0.95,-38.9479,-1.357143
mfm_pe500,5.0,down,0.41,0.9,-38.82603,-1.285714
mfm_pe500,5.0,down,0.415,0.85,-38.69015,-1.214286
mfm_pe500,5.0,down,0.42,0.8,-38.53871,-1.142857
mfm_pe500,5.0,down,0.425,0.75,-38.36999,-1.071429
mfm_pe500,5.0,down,0.43,0.7,-38.18211,-1.0
mfm_pe500,5.0,down,0.435,0.65,-37.97301,-0.9285714
mfm_pe500,5.0,down,0.44,0.6,-37.74042,-0.8571429
mfm_pe500,5.0,down,0.445,0.55,-37.48188,-0.7857143
mfm_pe500,5.0,down,0.45,0.5,-37.1947,-0.7142857
mfm_pe500,5.0,down,0.455,0.45,-36.87597,-0.6428571
mfm_pe500,5.0,down,0.46,0.4,-36.52253,-0.5714286
mfm_pe500,5.0,down,0.465,0.35,-36.13099,-0.5
mfm_pe500,5.0,down,0.47,0.3,-35.69773,-0.4285714
mfm_pe500,5.0,down,0.475,0.25,-35.21888,-0.3571429
mfm_pe500,5.0,down,0.48,0.2,-34.69035,-0.2857143
mfm_pe500,5.0,down,0.485,0.15,-34.10785,-0.2142857
mfm_pe500,5.0,down,0.49,0.1,-33.46692,-0.1428571
mfm_pe500,5.0,down,0.495,0.05,-32.76298,-0.07142857
mfm_pe500,5.0,down,0.5,-3.552714e-15,-31.99134,3.970835e-15
mfm_pe500,5.0,down,0.505,-0.05,-31.14733,0.07142857
mfm_pe500,5.0,down,0.51,-0.1,-30.22635,0.1428571
mfm_pe500,5.0,down,0.515,-0.15,-29.22396,0.2142857
mfm_pe500,5.0,down,0.52,-0.2,-28.13603,0.2857143
mfm_pe500,5.0,down,0.525,-0.25,-26.95887,0.3571429
mfm_pe500,5.0,down,0.53,-0.3,-25.68934,0.4285714
mfm_pe500,5.0,down,0.535,-0.35,-24.32508,0.5
mfm_pe500,5.0,down,0.54,-0.4,-22.8646,0.5714286
mfm_pe500,5.0,down,0.545,-0.45,-21.3075,0.6428571
mfm_pe500,5.0,down,0.55,-0.5,-19.65463,0.7142857
mfm_pe500,5.0,down,0.555,-0.55,-17.9082,0.7857143
mfm_pe500,5.0,down,0.56,-0.6,-16.07193,0.8571429
mfm_pe500,5.0,down,0.565,-0.65,-14.15109,0.9285714
mfm_pe500,5.0,down,0.57,-0.7,-12.15257,1.0
mfm_pe500,5.0,down,0.575,-0.75,-10.08485,1.071429
mfm_pe500,5.0,down,0.58,-0.8,-7.957875,1.142857
mfm_pe500,5.0,down,0.585,-0.85,-5.782943,1.214286
mfm_pe500,5.0,down,0.59,-0.9,-3.572478,1.285714
mfm_pe500,5.0,down,0.595,-0.95,-1.339761,1.357143
mfm_pe500,5.0,down,0.6,-1.0,0.9013785,1.428571
mfm_pe500,5.0,down,0.605,-1.05,3.136899,1.5
mfm_pe500,5.0,down,0.61,-1.1,5.352899,1.571429
mfm_pe500,5.0,down,0.615,-1.15,7.535963,1.642857
mfm_pe500,5.0,down,0.62,-1.2,9.673472,1.714286
mfm_pe500,5.0,down,0.625,-1.25,11.75389,1.785714
mfm_pe500,5.0,down,0.63,-1.3,13.76697,1.857143
mfm_pe500,5.0,down,0.635,-1.35,15.70395,1.928571
mfm_pe500,5.0,down,0.64,-1.4,17.55761,2.0
mfm_pe500,5.0,down,0.645,-1.45,19.32236,2.071429
mfm_pe500,5.0,down,0.65,-1.5,20.99416,2.142857
mfm_pe500,5.0,down,0.655,-1.55,22.57052,2.214286
mfm_pe500,5.0,down,0.66,-1.6,24.05033,2.285714
mfm_pe500,5.0,down,0.665,-1.65,25.43375,2.357143
mfm_pe500,5.0,down,0.67,-1.7,26.72206,2.428571
mfm_pe500,5.0,down,0.675,-1.75,27.91747,2.5
mfm_pe500,5.0,down,0.68,-1.8,29.02296,2.571429
mfm_pe500,5.0,down,0.685,-1.85,30.04214,2.642857
mfm_pe500,5.0,down,0.69,-1.9,30.97906,2.714286
mfm_pe500,5.0,down,0.695,-1.95,31.8381,2.785714
mfm_pe500,5.0,down,0.7,-2.0,32.62384,2.857143
mfm_pe500,5.0,down,0.705,-2.05,33.34095,2.928571
mfm_pe500,5.0,down,0.71,-2.1,33.9941,3.0
mfm_pe500,5.0,down,0.715,-2.15,34.58792,3.071429
mfm_pe500,5.0,down,0.72,-2.2,35.1269,3.142857
mfm_pe500,5.0,down,0.725,-2.25,35.61535,3.214286
mfm_pe500,5.0,down,0.73,-2.3,36.05742,3.285714
mfm_pe500,5.0,down,0.735,-2.35,36.457,3.357143
mfm_pe500,5.0,down,0.74,-2.4,36.81778,3.428571
mfm_pe500,5.0,down,0.745,-2.45,37.1432,3.5
mfm_pe500,5.0,down,0.75,-2.5,37.43645,3.571429
mfm_pe500,5.0,down,0.755,-2.55,37.70049,3.642857
mfm_pe500,5.0,down,0.76,-2.6,37.93807,3.714286
mfm_pe500,5.0,down,0.765,-2.65,38.15168,3.785714
mfm_pe500,5.0,down,0.77,-2.7,38.34363,3.857143
mfm_pe500,5.0,down,0.775,-2.75,38.51602,3.928571
mfm_pe500,5.0,down,0.78,-2.8,38.67078,4.0
mfm_pe500,5.0,down,0.785,-2.85,38.80965,4.071429
mfm_pe500,5.0,down,0.79,-2.9,38.9342,4.142857
mfm_pe500,5.0,down,0.795,-2.95,39.04588,4.214286
mfm_pe500,5.0,down,0.8,-3.0,39.14598,4.285714
mfm_pe500,5.0,down,0.805,-3.05,39.23568,4.357143
mfm_pe500,5.0,down,0.81,-3.1,39.31604,4.428571
mfm_pe500,5.0,down,0.815,-3.15,39.38802,4.5
mfm_pe500,5.0,down,0.82,-3.2,39.45247,4.571429
mfm_pe500,5.0,down,0.825,-3.25,39.51018,4.642857
mfm_pe500,5.0,down,0.83,-3.3,39.56184,4.714286
mfm_pe500,5.0,down,0.835,-3.35,39.60808,4.785714
mfm_pe500,5.0,down,0.84,-3.4,39.64946,4.857143
mfm_pe500,5.0,down,0.845,-3.45,39.68649,4.928571
mfm_pe500,5.0,down,0.85,-3.5,39.71962,5.0
mfm_pe500,5.0,down,0.855,-3.55,39.74926,5.071429
mfm_pe500,5.0,down,0.86,-3.6,39.77578,5.142857
mfm_pe500,5.0,down,0.865,-3.65,39.79949,5.214286
mfm_pe500,5.0,down,0.87,-3.7,39.82071,5.285714
mfm_pe500,5.0,down,0.875,-3.75,39.83969,5.357143
mfm_pe500,5.0,down,0.88,-3.8,39.85666,5.428571
mfm_pe500,5.0,down,0.885,-3.85,39.87183,5.5
mfm_pe500,5.0,down,0.89,-3.9,39.8854,5.571429
mfm_pe500,5.0,down,0.895,-3.95,39.89754,5.642857
mfm_pe500,5.0,down,0.9,-4.0,39.90839,5.714286
mfm_pe500,5.0,down,0.905,-4.05,39.9181,5.785714
mfm_pe500,5.0,down,0.91,-4.1,39.92678,5.857143
mfm_pe500,5.0,down,0.915,-4.15,39.93454,5.928571
mfm_pe500,5.0,down,0.92,-4.2,39.94147,6.0
mfm_pe500,5.0,down,0.925,-4.25,39.94768,6.071429
mfm_pe500,5.0,down,0.93,-4.3,39.95322,6.142857
mfm_pe500,5.0,down,0.935,-4.35,39.95818,6.214286
mfm_pe500,5.0,down,0.94,-4.4,39.96261,6.285714
mfm_pe500,5.0,down,0.945,-4.45,39.96657,6.357143
mfm_pe500,5.0,down,0.95,-4.5,39.97012,6.428571
mfm_pe500,5.0,down,0.955,-4.55,39.97329,6.5
mfm_pe500,5.0,down,0.96,-4.6,39.97612,6.571429
mfm_pe500,5.0,down,0.965,-4.65,39.97865,6.642857
mfm_pe500,5.0,down,0.97,-4.7,39.98091,6.714286
mfm_pe500,5.0,down,0.975,-4.75,39.98294,6.785714
mfm_pe500,5.0,down,0.98,-4.8,39.98475,6.857143
mfm_pe500,5.0,down,0.985,-4.85,39.98636,6.928571
mfm_pe500,5.0,down,0.99,-4.9,39.98781,7.0
mfm_pe500,5.0,down,0.995,-4.95,39.9891,7.071429
mfm_pe500,5.0,down,1.0,-5.0,39.99026,7.142857
